"ID","Faction","Instance_Id","Supercedes","Title_Lang_enUS","Title_Lang_enGB","Title_Lang_koKR","Title_Lang_frFR","Title_Lang_deDE","Title_Lang_enCN","Title_Lang_zhCN","Title_Lang_enTW","Title_Lang_zhTW","Title_Lang_esES","Title_Lang_esMX","Title_Lang_ruRU","Title_Lang_ptPT","Title_Lang_ptBR","Title_Lang_itIT","Title_Lang_Unk","Title_Lang_Mask","Description_Lang_enUS","Description_Lang_enGB","Description_Lang_koKR","Description_Lang_frFR","Description_Lang_deDE","Description_Lang_enCN","Description_Lang_zhCN","Description_Lang_enTW","Description_Lang_zhTW","Description_Lang_esES","Description_Lang_esMX","Description_Lang_ruRU","Description_Lang_ptPT","Description_Lang_ptBR","Description_Lang_itIT","Description_Lang_Unk","Description_Lang_Mask","Category","Points","Ui_Order","Flags","IconID","Reward_Lang_enUS","Reward_Lang_enGB","Reward_Lang_koKR","Reward_Lang_frFR","Reward_Lang_deDE","Reward_Lang_enCN","Reward_Lang_zhCN","Reward_Lang_enTW","Reward_Lang_zhTW","Reward_Lang_esES","Reward_Lang_esMX","Reward_Lang_ruRU","Reward_Lang_ptPT","Reward_Lang_ptBR","Reward_Lang_itIT","Reward_Lang_Unk","Reward_Lang_Mask","Minimum_Criteria","Shares_Criteria"
"6","-1","-1","0","","","","","10级","","","","","","","","","","","","16712190","","","","","升到10级。","","","","","","","","","","","","16712190","92","10","1","4","3268","","","","","","","","","","","","","","","","","16712174","0","0"
"33","1","-1","0","","","","","这个苔原不太远","","","","","","","","","","","","16712190","","","","","在北风苔原完成130个任务。","","","","","","","","","","","","16712190","14863","10","1","136","3336","","","","","","","","","","","","","","","","","16712174","0","0"
"42","-1","-1","0","","","","","探索东部王国","","","","","","","","","","","","16712190","","","","","探索东部王国的各个区域。","","","","","","","","","","","","16712190","97","25","1","0","3490","","","","","","","","","","","","","","","","","16712174","0","0"
"57","-1","30","0","","","","","在奥特兰克山谷中死亡","","","","","","","","","","","","16712190","","","","","在奥特兰克山谷中死亡","","","","","","","","","","","","16712190","124","0","1","1","1","","","","","","","","","","","","","","","","","16712174","0","0"
"60","-1","-1","0","","","","","死亡的总次数","","","","","","","","","","","","16712190","","","","","死亡的总次数","","","","","","","","","","","","16712190","122","0","1","1","1","","","","","","","","","","","","","","","","","16712174","0","0"
"98","-1","-1","0","","","","","完成任务","","","","","","","","","","","","16712190","","","","","完成任务","","","","","","","","","","","","16712190","133","0","1","9","0","","","","","","","","","","","","","","","","","16712174","0","0"
"107","-1","-1","0","","","","","杀死怪物","","","","","","","","","","","","16712190","","","","","杀死怪物","","","","","","","","","","","","16712190","135","0","1","9","4","","","","","","","","","","","","","","","","","16712174","0","0"
"112","-1","-1","0","","","","","淹死","","","","","","","","","","","","16712190","","","","","淹死","","","","","","","","","","","","16712190","126","0","1","1","4","","","","","","","","","","","","","","","","","16712174","0","0"
"116","-1","-1","0","","","","","中级专业水准","","","","","","","","","","","","16712190","","","","","在一种专业中达到中级水准。","","","","","","","","","","","","16712190","169","10","1","0","2846","","","","","","","","","","","","","","","","","16712174","1","0"
"121","-1","-1","0","","","","","中级烹饪","","","","","","","","","","","","16712190","","","","","成为一名中级厨师。","","","","","","","","","","","","16712190","170","10","1","0","1467","","","","","","","","","","","","","","","","","16712174","0","0"
"126","-1","-1","0","","","","","中级钓鱼","","","","","","","","","","","","16712190","","","","","成为一名中级渔夫。","","","","","","","","","","","","16712190","171","10","1","0","580","","","","","","","","","","","","","","","","","16712174","0","0"
"131","-1","-1","0","","","","","中级急救","","","","","","","","","","","","16712190","","","","","成为一名中级急救师。","","","","","","","","","","","","16712190","172","10","1","0","504","","","","","","","","","","","","","","","","","16712174","0","0"
"154","-1","529","0","","","","","阿拉希盆地胜利","","","","","","","","","","","","16712190","","","","","在阿拉希盆地获胜。","","","","","","","","","","","","16712190","14802","10","1","0","3381","","","","","","","","","","","","","","","","","16712174","0","0"
"166","-1","489","0","","","","","战歌峡谷胜利","","","","","","","","","","","","16712190","","","","","在战歌峡谷获胜。","","","","","","","","","","","","16712190","14804","10","1","0","3387","","","","","","","","","","","","","","","","","16712174","0","0"
"193","-1","-1","0","","","","","造成的最高伤害","","","","","","","","","","","","16712190","","","","","造成的最高伤害","","","","","","","","","","","","16712190","141","0","1","1","4","","","","","","","","","","","","","","","","","16712174","0","0"
"208","-1","566","0","","","","","风暴之眼胜利","","","","","","","","","","","","16712190","","","","","在风暴之眼获胜。","","","","","","","","","","","","16712190","14803","10","1","0","3384","","","","","","","","","","","","","","","","","16712174","0","0"
"218","-1","30","0","","","","","奥特兰克山谷胜利","","","","","","","","","","","","16712190","","","","","在奥特兰克山谷获胜。","","","","","","","","","","","","16712190","14801","10","1","0","3377","","","","","","","","","","","","","","","","","16712174","0","0"
"238","-1","-1","0","","","","","一次荣誉击杀","","","","","","","","","","","","16712190","","","","","完成一次荣誉击杀。","","","","","","","","","","","","16712190","95","10","1","0","3454","","","","","","","","","","","","","","","","","16712174","0","0"
"263","-1","-1","0","","","","","冰霜之王","","","","","","","","","","","","16712190","","","","","杀死奴隶围栏的埃霍恩。","","","","","","","","","","","","16712190","161","10","1","0","94","","","","","","","","","","","","","","","","","16712174","1","0"
"273","-1","-1","0","","","","","拯救梅森！","","","","","","","","","","","","16712190","","","","","拯救驯鹿梅森。","","","","","","","","","","","","16712190","156","10","1","0","3703","","","","","","","","","","","","","","","","","16712174","1","0"
"319","-1","-1","0","","","","","决斗获胜","","","","","","","","","","","","16712190","","","","","决斗获胜","","","","","","","","","","","","16712190","154","0","1","1","4","","","","","","","","","","","","","","","","","16712174","0","0"
"321","-1","-1","0","","","","","在地下城和团队副本中死亡的总次数","","","","","","","","","","","","16712190","","","","","在地下城和团队副本中死亡的总次数","","","","","","","","","","","","16712190","125","0","1","9","4","","","","","","","","","","","","","","","","","16712174","0","0"
"328","-1","-1","0","","","","","获得的金币总量","","","","","","","","","","","","16712190","","","","","获得的金币总量","","","","","","","","","","","","16712190","140","0","1","9","4","","","","","","","","","","","","","","","","","16712174","0","0"
"344","-1","-1","0","","","","","使用绷带","","","","","","","","","","","","16712190","","","","","使用绷带","","","","","","","","","","","","16712190","145","0","1","9","4","","","","","","","","","","","","","","","","","16712174","0","0"
"349","-1","-1","0","","","","","乘坐公共飞行工具","","","","","","","","","","","","16712190","","","","","乘坐公共飞行工具","","","","","","","","","","","","16712190","134","0","1","1","4","","","","","","","","","","","","","","","","","16712174","0","0"
"377","-1","-1","0","","","","","达到崇拜的声望","","","","","","","","","","","","16712190","","","","","达到崇拜的声望","","","","","","","","","","","","16712190","147","0","1","1","4","","","","","","","","","","","","","","","","","16712174","0","0"
"397","-1","-1","0","","","","","进入竞技场","","","","","","","","","","","","16712190","","","","","在80级时获得一场竞技场积分赛的胜利。","","","","","","","","","","","","16712190","165","10","1","0","3601","","","","","","","","","","","","","","","","","16712174","0","0"
"457","-1","-1","0","","","","","服务器第一！80级","","","","","","","","","","","","16712190","","","","","本服务器第一个达到80级的玩家。","","","","","","","","","","","","16712190","81","0","1","256","3275","","","","","","","","","","","","","","","","","16712174","0","0"
"477","-1","574","0","","","","","乌特加德城堡","","","","","","","","","","","","16712190","","","","","击败乌特加德城堡的首领。","","","","","","","","","","","","16712190","14806","10","1","0","3226","","","","","","","","","","","","","","","","","16712174","0","0"
"489","-1","574","0","","","","","乌特加德城堡（英雄难度）","","","","","","","","","","","","16712190","","","","","击败乌特加德城堡的首领（英雄难度）。","","","","","","","","","","","","16712190","14921","10","1","0","3225","","","","","","","","","","","","","","","","","16712172","0","0"
"503","-1","-1","0","","","","","完成50个任务","","","","","","","","","","","","16712190","","","","","完成50个任务。","","","","","","","","","","","","16712190","96","10","1","0","3421","","","","","","","","","","","","","","","","","16712174","0","0"
"522","-1","-1","0","","","","","有人喜欢我","","","","","","","","","","","","16712190","","","","","在一个势力中达到崇拜声望。","","","","","","","","","","","","16712190","201","10","1","0","3609","","","","","","","","","","","","","","","","","16712174","0","0"
"588","-1","-1","0","","","","","荣誉杀敌总数","","","","","","","","","","","","16712190","","","","","荣誉杀敌总数","","","","","","","","","","","","16712190","136","0","1","1","1","","","","","","","","","","","","","","","","","16712174","0","0"
"605","-1","-1","0","","","","","1枚先祖硬币","","","","","","","","","","","","16712190","","","","","获得一枚先祖硬币。","","","","","","","","","","","","16712190","160","10","1","0","2717","","","","","","","","","","","","","","","","","16712174","0","0"
"625","-1","615","0","","","","","击败黑龙军团（25人）","","","","","","","","","","","","16712190","","","","","击败黑岩守护者萨塔里奥（25人）。","","","","","","","","","","","","16712190","14923","25","1","0","3255","","","","","","","","","","","","","","","","","16712172","0","0"
"629","-1","-1","0","","","","","怒焰裂谷","","","","","","","","","","","","16712190","","","","","击败饥饿者塔拉加曼。","","","","","","","","","","","","16712190","14808","10","1","0","1983","","","","","","","","","","","","","","","","","16712172","1","0"
"647","-1","-1","0","","","","","地狱火城墙","","","","","","","","","","","","16712190","","","","","击败无疤者奥摩尔。","","","","","","","","","","","","16712190","14805","10","1","0","3680","","","","","","","","","","","","","","","","","16712174","1","0"
"728","-1","-1","0","","","","","探索杜隆塔尔","","","","","","","","","","","","16712190","","","","","探索杜隆塔尔，走过世界地图中被遮住的各个角落。","","","","","","","","","","","","16712190","14778","10","1","0","3532","","","","","","","","","","","","","","","","","16712174","0","0"
"763","0","-1","0","","","","","燃烧的远征","","","","","","","","","","","","16712190","","","","","在所有《燃烧的远征》副本相关势力中达到崇拜声望。","","","","","","","","","","","","16712190","14865","20","1","0","2365","","","","","","","","","","","","","","","","","16712174","0","0"
"776","-1","-1","0","","","","","探索艾尔文森林","","","","","","","","","","","","16712190","","","","","探索艾尔文森林，走过世界地图中被遮住的各个角落。","","","","","","","","","","","","16712190","14777","10","1","0","3536","","","","","","","","","","","","","","","","","16712174","0","0"
"796","-1","-1","0","","","","","被牧师复活","","","","","","","","","","","","16712190","","","","","被牧师复活","","","","","","","","","","","","16712190","127","0","1","9","1","","","","","","","","","","","","","","","","","16712174","0","0"
"837","-1","-1","0","","","","","竞技场获胜","","","","","","","","","","","","16712190","","","","","竞技场获胜","","","","","","","","","","","","16712190","152","0","1","9","1","","","","","","","","","","","","","","","","","16712174","0","0"
"839","-1","-1","0","","","","","参与战场","","","","","","","","","","","","16712190","","","","","参与战场","","","","","","","","","","","","16712190","153","0","1","9","1","","","","","","","","","","","","","","","","","16712174","0","0"
"862","-1","-1","0","","","","","探索地狱火半岛","","","","","","","","","","","","16712190","","","","","探索地狱火半岛，走过世界地图中被遮住的各个角落。","","","","","","","","","","","","16712190","14779","10","1","0","3554","","","","","","","","","","","","","","","","","16712174","0","0"
"913","-1","-1","0","","","","","尊敬长者","","","","","","","","","","","","16712190","","","","","完成下列春节成就。","","","","","","","","","","","","16712190","155","30","1","0","3698","","","","","头衔奖励：长者","","","","","","","","","","","","16712190","0","0"
"927","-1","-1","0","","","","","装备史诗物品的数量","","","","","","","","","","","","16712190","","","","","装备史诗物品的数量","","","","","","","","","","","","16712190","191","0","1","33","1","","","","","","","","","","","","","","","","","16712174","0","0"
"932","-1","-1","0","","","","","进入5人地下城副本的次数","","","","","","","","","","","","16712190","","","","","进入5人地下城副本的次数","","","","","","","","","","","","16712190","14807","0","1","1","1","","","","","","","","","","","","","","","","","16712174","0","0"
"939","-1","-1","0","","","","","白色雷象一般的山丘","","","","","","","","","","","","16712190","","","","","在纳格兰完成包括“终极挑战”在内的所有赫米特·奈辛瓦里任务。","","","","","","","","","","","","16712190","14862","10","1","0","2165","","","","","","","","","","","","","","","","","16712174","0","0"
"940","-1","-1","0","","","","","荆棘谷的青山","","","","","","","","","","","","16712190","","","","","在荆棘谷完成包括“荆棘谷的青山”和“王牌猎人”在内的所有赫米特·奈辛瓦里任务。","","","","","","","","","","","","16712190","14861","10","1","0","916","","","","","","","","","","","","","","","","","16712174","0","0"
"946","-1","-1","0","","","","","银色黎明","","","","","","","","","","","","16712190","","","","","在银色黎明阵营中达到崇拜声望。","","","","","","","","","","","","16712190","14864","15","1","0","1608","","","","","","","","","","","","","","","","","16712174","0","0"
"947","-1","-1","0","","","","","银色北伐军","","","","","","","","","","","","16712190","","","","","在银色北伐军阵营中达到崇拜声望。","","","","","","","","","","","","16712190","14866","15","1","0","1672","","","","","","","","","","","","","","","","","16712174","0","0"
"972","-1","-1","0","","","","","不给糖果就捣乱！","","","","","","","","","","","","16712190","","","","","从任意一座旅店的糖罐里获取糖果。","","","","","","","","","","","","16712190","158","10","1","0","2652","","","","","","","","","","","","","","","","","16712174","0","0"
"1042","-1","-1","0","","","","","拥抱的次数","","","","","","","","","","","","16712190","","","","","拥抱的次数","","","","","","","","","","","","16712190","131","0","1","1","1","","","","","","","","","","","","","","","","","16712174","0","0"
"1057","-1","-1","0","","","","","在2v2比赛中死亡","","","","","","","","","","","","16712190","","","","","在2v2比赛中死亡","","","","","","","","","","","","16712190","123","0","1","1","1","","","","","","","","","","","","","","","","","16712174","0","0"
"1068","-1","542","0","","","","","杀死击碎者克里丹（鲜血熔炉）","","","","","","","","","","","","16712190","","","","","杀死击碎者克里丹（鲜血熔炉）","","","","","","","","","","","","16712190","14822","5","1","1","541","","","","","","","","","","","","","","","","","16712174","0","0"
"1091","-1","36","0","","","","","杀死艾德温·范克里夫（死亡矿井）","","","","","","","","","","","","16712190","","","","","杀死艾德温·范克里夫（死亡矿井）","","","","","","","","","","","","16712190","14821","5","1","1","2692","","","","","","","","","","","","","","","","","16712174","0","0"
"1149","-1","-1","0","","","","","重新分配天赋","","","","","","","","","","","","16712190","","","","","重新分配天赋","","","","","","","","","","","","16712190","130","0","1","1","1","","","","","","","","","","","","","","","","","16712174","0","0"
"1184","1","-1","0","","","","","奇怪的美酒","","","","","","","","","","","","16712190","","","","","品尝下列美酒节啤酒。","","","","","","","","","","","","16712190","162","10","1","0","1780","","","","","","","","","","","","","","","","","16712174","0","0"
"1197","-1","-1","0","","","","","杀敌总数","","","","","","","","","","","","16712190","","","","","杀敌总数","","","","","","","","","","","","16712190","128","0","1","9","1","","","","","","","","","","","","","","","","","16712174","0","0"
"1199","-1","-1","0","","","","","学习专业","","","","","","","","","","","","16712190","","","","","学习专业","","","","","","","","","","","","16712190","132","0","1","33","1","","","","","","","","","","","","","","","","","16712174","0","0"
"1242","-1","574","0","","","","","杀死掠夺者因格瓦尔（乌特加德城堡）","","","","","","","","","","","","16712190","","","","","杀死掠夺者因格瓦尔（乌特加德城堡）","","","","","","","","","","","","16712190","14823","5","1","1","2813","","","","","","","","","","","","","","","","","2113864174","0","0"
"1264","-1","-1","0","","","","","探索北风苔原","","","","","","","","","","","","16712190","","","","","探索北风苔原，走过世界地图中被遮住的各个角落。","","","","","","","","","","","","16712190","14780","10","1","0","3330","","","","","","","","","","","","","","","","","2113864174","0","0"
"1283","-1","-1","0","","","","","旧世地下城大师","","","","","","","","","","","","16712190","","","","","完成下列《魔兽世界》地下城成就。","","","","","","","","","","","","16712190","168","10","1","0","1949","","","","","","","","","","","","","","","","","2113864174","0","0"
"1308","-1","607","0","","","","","远古海滩胜利","","","","","","","","","","","","16712190","","","","","在远古海滩获胜。","","","","","","","","","","","","16712190","14881","10","1","0","3402","","","","","","","","","","","","","","","","","2113864172","0","0"
"1487","-1","-1","0","","","","","亲手击杀总数","","","","","","","","","","","","16712190","","","","","亲手击杀总数","","","","","","","","","","","","16712190","137","0","1","1","1","","","","","","","","","","","","","","","","","2080309740","0","0"
"1501","-1","-1","0","","","","","被其他玩家杀死的总次数","","","","","","","","","","","","16712190","","","","","被其他玩家杀死的总次数","","","","","","","","","","","","16712190","21","0","1","1","1","","","","","","","","","","","","","","","","","2113864172","0","0"
"1524","-1","-1","0","","","","","烹饪技术","","","","","","","","","","","","16712190","","","","","烹饪技术","","","","","","","","","","","","16712190","178","0","1","1","1","","","","","","","","","","","","","","","","","2080309740","0","0"
"1527","-1","-1","0","","","","","最高的炼金术技能","","","","","","","","","","","","16712190","","","","","最高的炼金术技能","","","","","","","","","","","","16712190","173","0","1","1","1","","","","","","","","","","","","","","","","","2080309740","0","0"
"1701","-1","-1","0","","","","","和我在一起吧！","","","","","","","","","","","","16712190","","","","","吃掉下列从“一袋糖果""中获得的8种情人糖。","","","","","","","","","","","","16712190","187","10","1","0","3196","","","","","","","","","","","","","","","","","2063532524","0","0"
"1717","-1","571","0","","","","","冬拥湖的胜利","","","","","","","","","","","","16712190","","","","","在冬拥湖的战斗中获胜。","","","","","","","","","","","","16712190","14901","10","1","0","187","","","","","","","","","","","","","","","","","2130641388","0","0"
"1791","-1","-1","0","","","","","独自在家","","","","","","","","","","","","16712190","","","","","在召唤出孤儿的情况下使用炉石。","","","","","","","","","","","","16712190","163","10","1","0","776","","","","","","","","","","","","","","","","","2080309740","0","0"
"1876","-1","615","0","","","","","击败黑龙军团（10人）","","","","","","","","","","","","16712190","","","","","击败黑岩守护者萨塔里奥（10人）。","","","","","","","","","","","","16712190","14922","10","1","0","3254","","","","","","","","","","","","","","","","","2130641388","0","0"
"2676","-1","-1","0","","","","","我找到一枚！","","","","","","","","","","","","16712190","","","","","找到一枚鲜艳的彩蛋。","","","","","","","","","","","","16712190","159","10","1","0","3202","","","","","","","","","","","","","","","","","2113864172","0","0"
"2756","-1","-1","0","","","","","银色候选者","","","","","","","","","","","","16712190","","","","","在银色锦标赛中接受训练，作为你的种族阵营中的候选者出场比赛。","","","","","","","","","","","","16712190","14941","10","1","0","3805","","","","","","","","","","","","","","","","","2113864172","1","0"
"2856","-1","603","0","","","","","杀死烈焰巨兽（10人奥杜尔）","","","","","","","","","","","","16712190","","","","","杀死烈焰巨兽（10人奥杜尔）","","","","","","","","","","","","16712190","14963","10","1","1","1700","","","","","","","","","","","","","","","","","2113864172","0","0"
"2886","-1","603","0","","","","","围攻奥杜尔（10人）","","","","","","","","","","","","16712190","","","","","击败奥杜尔攻城区域的首领（10人）。","","","","","","","","","","","","16712190","14961","10","1","0","3844","","","","","","","","","","","","","","","","","2113864172","0","0"
"2887","-1","603","0","","","","","围攻奥杜尔（25人）","","","","","","","","","","","","16712190","","","","","击败奥杜尔攻城区域的首领（25人）。","","","","","","","","","","","","16712190","14962","10","1","0","3844","","","","","","","","","","","","","","","","","2113864172","0","0"
"3579","-1","-1","0","","","","","“食物大战！”","","","","","","","","","","","","16712190","","","","","在盛宴餐桌旁将食物丢在一名食客的头上。","","","","","","","","","","","","16712190","14981","10","1","0","456","","","","","","","","","","","","","","","","","16775150","1","0"
"3776","-1","628","0","","","","","征服之岛胜利","","","","","","","","","","","","16712190","","","","","获得征服之岛的胜利。","","","","","","","","","","","","16712190","15003","10","1","0","4002","","","","","","","","","","","","","","","","","16718846","0","0"
"3916","-1","-1","0","","","","","北伐的召唤（25人）","","","","","","","","","","","","16712190","","","","","击败十字军的试炼中的所有首领（25人）。","","","","","","","","","","","","16712190","15002","10","1","0","3744","","","","","","","","","","","","","","","","","150972924","0","0"
"3917","-1","-1","0","","","","","北伐的召唤（10人）","","","","","","","","","","","","16712190","","","","","击败十字军的试炼中的所有首领（10人）。","","","","","","","","","","","","16712190","15001","10","1","0","3744","","","","","","","","","","","","","","","","","150972908","0","0"
"4018","-1","-1","0","","","","","对猎人冠军的胜利（普通难度：冠军的试炼）","","","","","","","","","","","","16712190","","","","","战胜猎人冠军（普通难度：冠军的试炼）","","","","","","","","","","","","16712190","15021","0","1","1","1","","","","","","","","","","","","","","","","","16712172","0","0"
"4531","-1","631","0","","","","","进攻堡垒（10人）","","","","","","","","","","","","16712190","","","","","击败冰冠堡垒的前4个首领（普通难度10人）。","","","","","","","","","","","","16712190","15041","10","1","0","4167","","","","","","","","","","","","","","","","","16712172","0","0"
"4604","-1","631","0","","","","","进攻冰冠堡垒（25人）","","","","","","","","","","","","16712190","","","","","击败冰冠堡垒的前4个首领（普通难度25人）。","","","","","","","","","","","","16712190","15042","10","1","0","4167","","","","","","","","","","","","","","","","","16712188","0","0"
"4713","-1","-1","0","","","","","杀死布隆亚姆（灵魂洪炉）","","","","","","","","","","","","16712190","","","","","","","","","","","","","","","","","16712188","15062","0","1","5","1","","","","","","","","","","","","","","","","","16712188","0","0"
"7","-1","-1","6","","","","","20级","","","","","","","","","","","","16712190","","","","","升到20级。","","","","","","","","","","","","16712190","92","10","2","4","3269","","","","","","","","","","","","","","","","","16712174","0","0"
"43","-1","-1","0","","","","","探索卡利姆多","","","","","","","","","","","","16712190","","","","","探索卡利姆多的各个区域。","","","","","","","","","","","","16712190","97","25","2","0","3491","","","","","","","","","","","","","","","","","16712174","0","0"
"59","-1","529","0","","","","","在阿拉希盆地中死亡","","","","","","","","","","","","16712190","","","","","在阿拉希盆地中死亡","","","","","","","","","","","","16712190","124","0","2","1","1","","","","","","","","","","","","","","","","","16712174","0","0"
"95","-1","-1","0","","","","","平均每日完成的任务数量","","","","","","","","","","","","16712190","","","","","平均每日完成的任务数量","","","","","","","","","","","","16712190","133","0","2","73","0","","","","","","","","","","","","","","","","","16712174","0","98"
"122","-1","-1","121","","","","","高级厨师","","","","","","","","","","","","16712190","","","","","成为一名高级厨师。","","","","","","","","","","","","16712190","170","10","2","0","1467","","","","","","","","","","","","","","","","","16712174","0","0"
"127","-1","-1","126","","","","","高级渔夫","","","","","","","","","","","","16712190","","","","","成为一名高级渔夫。","","","","","","","","","","","","16712190","171","10","2","0","580","","","","","","","","","","","","","","","","","16712174","0","0"
"132","-1","-1","131","","","","","高级急救师","","","","","","","","","","","","16712190","","","","","成为一名高级急救师。","","","","","","","","","","","","16712190","172","10","2","0","504","","","","","","","","","","","","","","","","","16712174","0","0"
"155","-1","529","154","","","","","阿拉希盆地精英","","","","","","","","","","","","16712190","","","","","在阿拉希盆地获得100场胜利。","","","","","","","","","","","","16712190","14802","10","2","0","3382","","","","","","","","","","","","","","","","","16712174","0","0"
"167","-1","489","166","","","","","战歌峡谷精英","","","","","","","","","","","","16712190","","","","","在战歌峡谷获得100场胜利。","","","","","","","","","","","","16712190","14804","10","2","0","3388","","","","","","","","","","","","","","","","","16712174","0","0"
"209","-1","566","208","","","","","风暴之眼精英","","","","","","","","","","","","16712190","","","","","在风暴之眼获得100场胜利。","","","","","","","","","","","","16712190","14803","10","2","0","3385","","","","","","","","","","","","","","","","","16712174","0","0"
"219","-1","30","218","","","","","奥特兰克山谷精英","","","","","","","","","","","","16712190","","","","","在奥特兰克山谷获得100场胜利。","","","","","","","","","","","","16712190","14801","10","2","0","3378","","","","","","","","","","","","","","","","","16712174","0","0"
"252","-1","-1","0","","","","","我的小帮手","","","","","","","","","","","","16712190","","","","","通过欢乐制造器变成冬天爷爷的小助手，然后获得50个荣誉击杀。","","","","","","","","","","","","16712190","156","10","2","136","3679","","","","","","","","","","","","","","","","","16712174","0","0"
"260","-1","-1","0","","","","","魅力四射","","","","","","","","","","","","16712190","","","","","制作12个可爱的情人符手镯。","","","","","","","","","","","","16712190","187","10","2","0","4134","","","","","","","","","","","","","","","","","16712174","0","0"
"271","-1","-1","0","","","","","木杆热舞","","","","","","","","","","","","16712190","","","","","穿着全套仲夏火焰节套装，在彩带杆旁跳舞60秒。","","","","","","","","","","","","16712190","161","10","2","0","3262","","","","","","","","","","","","","","","","","16712174","0","0"
"288","-1","-1","0","","","","","狼吞虎咽","","","","","","","","","","","","16712190","","","","","吃掉大量糖果，直到你觉得恶心。","","","","","","","","","","","","16712190","158","10","2","0","97","","","","","","","","","","","","","","","","","16712174","0","0"
"318","-1","-1","0","","","","","被敌对阵营杀死的总次数","","","","","","","","","","","","16712190","","","","","","","","","","","","","","","","","16712190","21","0","2","1","4","","","","","","","","","","","","","","","","","16712174","0","0"
"320","-1","-1","0","","","","","决斗落败","","","","","","","","","","","","16712190","","","","","决斗落败","","","","","","","","","","","","16712190","154","0","2","1","4","","","","","","","","","","","","","","","","","16712174","0","0"
"342","-1","-1","0","","","","","获得史诗物品","","","","","","","","","","","","16712190","","","","","获得史诗物品","","","","","","","","","","","","16712190","191","0","2","1","4","","","","","","","","","","","","","","","","","16712174","0","0"
"378","-1","-1","0","","","","","达到崇敬以上的声望","","","","","","","","","","","","16712190","","","","","达到崇敬以上的声望","","","","","","","","","","","","16712190","147","0","2","1","4","","","","","","","","","","","","","","","","","16712174","0","0"
"381","-1","-1","0","","","","","世界荣誉杀敌","","","","","","","","","","","","16712190","","","","","世界荣誉杀敌","","","","","","","","","","","","16712190","136","0","2","9","4","","","","","","","","","","","","","","","","","16712174","0","0"
"398","-1","-1","397","","","","","残酷的斗士","","","","","","","","","","","","16712190","","","","","在80级时获得100场竞技场积分赛的胜利。","","","","","","","","","","","","16712190","165","10","2","0","3593","","","","","","","","","","","","","","","","","16712174","0","0"
"467","-1","-1","0","","","","","服务器第一！80级萨满祭司","","","","","","","","","","","","16712190","","","","","本服务器第一个达到80级的萨满祭司。","","","","","","","","","","","","16712190","81","0","2","256","38","","","","","","","","","","","","","","","","","16712174","0","0"
"478","-1","576","0","","","","","魔枢","","","","","","","","","","","","16712190","","","","","击败魔枢的首领。","","","","","","","","","","","","16712190","14806","10","2","0","3227","","","","","","","","","","","","","","","","","16712174","0","0"
"490","-1","576","0","","","","","魔枢（英雄难度）","","","","","","","","","","","","16712190","","","","","击败魔枢的首领（英雄难度）。","","","","","","","","","","","","16712190","14921","10","2","0","3228","","","","","","","","","","","","","","","","","16712172","0","0"
"504","-1","-1","503","","","","","完成100个任务","","","","","","","","","","","","16712190","","","","","完成100个任务。","","","","","","","","","","","","16712190","96","10","2","0","3420","","","","","","","","","","","","","","","","","16712174","0","0"
"513","-1","-1","238","","","","","100个荣誉击杀","","","","","","","","","","","","16712190","","","","","达到100个荣誉击杀。","","","","","","","","","","","","16712190","95","10","2","0","3455","","","","","","","","","","","","","","","","","16712174","0","0"
"523","-1","-1","522","","","","","5个声望崇拜","","","","","","","","","","","","16712190","","","","","在5个势力中达到崇拜声望。","","","","","","","","","","","","16712190","201","10","2","0","3609","","","","","","","","","","","","","","","","","16712174","0","0"
"527","-1","-1","0","","","","","受到的最高伤害","","","","","","","","","","","","16712190","","","","","受到的最高伤害","","","","","","","","","","","","16712190","141","0","2","1","1","","","","","","","","","","","","","","","","","16712174","0","0"
"594","-1","-1","0","","","","","被霍格杀死","","","","","","","","","","","","16712190","","","","","被霍格杀死","","","","","","","","","","","","16712190","126","0","2","1","1","","","","","","","","","","","","","","","","","16712174","0","0"
"606","-1","-1","605","","","","","5枚先祖硬币","","","","","","","","","","","","16712190","","","","","获得5枚先祖硬币。","","","","","","","","","","","","16712190","160","10","2","0","2717","","","","","","","","","","","","","","","","","16712174","0","0"
"624","-1","615","0","","","","","少即是多（10人）","","","","","","","","","","","","16712190","","","","","以少于9人的阵容击败黑岩守护者萨塔里奥以及其它暮光幼龙（10人）。","","","","","","","","","","","","16712190","14922","10","2","0","3253","","","","","","","","","","","","","","","","","16712172","0","0"
"627","-1","-1","0","","","","","探索丹莫罗","","","","","","","","","","","","16712190","","","","","探索丹莫罗，走过世界地图中被遮住的各个角落。","","","","","","","","","","","","16712190","14777","10","2","0","3531","","","","","","","","","","","","","","","","","16712174","0","0"
"628","-1","-1","0","","","","","死亡矿井","","","","","","","","","","","","16712190","","","","","击败艾德温·范克里夫。","","","","","","","","","","","","16712190","14808","10","2","0","3627","","","","","","","","","","","","","","","","","16712172","1","0"
"648","-1","542","0","","","","","鲜血熔炉","","","","","","","","","","","","16712190","","","","","击败击碎者克里丹。","","","","","","","","","","","","16712190","14805","10","2","0","3629","","","","","","","","","","","","","","","","","16712174","0","0"
"731","-1","-1","116","","","","","高级专业水准","","","","","","","","","","","","16712190","","","","","在一种专业中达到高级水准。","","","","","","","","","","","","16712190","169","10","2","0","2846","","","","","","","","","","","","","","","","","16712174","1","0"
"736","-1","-1","0","","","","","探索莫高雷","","","","","","","","","","","","16712190","","","","","探索莫高雷，走过世界地图中被遮住的各个角落。","","","","","","","","","","","","16712190","14778","10","2","0","3562","","","","","","","","","","","","","","","","","16712174","0","0"
"753","-1","-1","0","","","","","平均每日获得的金币数量","","","","","","","","","","","","16712190","","","","","平均每日获得的金币数量","","","","","","","","","","","","16712190","140","0","2","73","1","","","","","","","","","","","","","","","","","16712174","0","328"
"764","1","-1","0","","","","","燃烧的远征","","","","","","","","","","","","16712190","","","","","在所有《燃烧的远征》副本相关势力中达到崇拜声望。","","","","","","","","","","","","16712190","14865","20","2","0","2365","","","","","","","","","","","","","","","","","16712174","0","0"
"798","-1","-1","0","","","","","被德鲁伊复生","","","","","","","","","","","","16712190","","","","","被德鲁伊复生","","","","","","","","","","","","16712190","127","0","2","9","1","","","","","","","","","","","","","","","","","16712174","0","0"
"838","-1","-1","0","","","","","竞技场参赛","","","","","","","","","","","","16712190","","","","","竞技场参赛","","","","","","","","","","","","16712190","152","0","2","9","1","","","","","","","","","","","","","","","","","16712174","0","0"
"863","-1","-1","0","","","","","探索赞加沼泽","","","","","","","","","","","","16712190","","","","","探索赞加沼泽，走过世界地图中被遮住的各个角落。","","","","","","","","","","","","16712190","14779","10","2","0","3585","","","","","","","","","","","","","","","","","16712174","0","0"
"918","-1","-1","0","","","","","在5人地下城副本中死亡的总次数","","","","","","","","","","","","16712190","","","","","在5人地下城副本中死亡的总次数","","","","","","","","","","","","16712190","125","0","2","1","1","","","","","","","","","","","","","","","","","16712174","0","0"
"944","-1","-1","0","","","","","熊怪之友","","","","","","","","","","","","16712190","","","","","在木喉要塞阵营中达到崇拜声望。","","","","","","","","","","","","16712190","14864","15","2","0","3685","","","","","","","","","","","","","","","","","16712174","0","0"
"949","-1","-1","0","","","","","海象人的偶像","","","","","","","","","","","","16712190","","","","","在卡鲁亚克阵营中达到崇拜声望。","","","","","","","","","","","","16712190","14866","15","2","0","3702","","","","","","","","","","","","","","","","","16712174","0","0"
"1047","-1","-1","0","","","","","捂脸的总次数","","","","","","","","","","","","16712190","","","","","捂脸的总次数","","","","","","","","","","","","16712190","131","0","2","1","1","","","","","","","","","","","","","","","","","16712174","0","0"
"1069","-1","557","0","","","","","杀死节点亲王沙法尔（法力陵墓）","","","","","","","","","","","","16712190","","","","","杀死节点亲王沙法尔（法力陵墓）","","","","","","","","","","","","16712190","14822","5","2","1","1677","","","","","","","","","","","","","","","","","16712174","0","0"
"1092","-1","33","0","","","","","杀死大法师阿鲁高（影牙城堡）","","","","","","","","","","","","16712190","","","","","杀死大法师阿鲁高（影牙城堡）","","","","","","","","","","","","16712190","14821","5","2","1","2126","","","","","","","","","","","","","","","","","16712174","0","0"
"1107","-1","-1","0","","","","","在3v3比赛中死亡","","","","","","","","","","","","16712190","","","","","在3v3比赛中死亡","","","","","","","","","","","","16712190","123","0","2","1","1","","","","","","","","","","","","","","","","","16712174","0","0"
"1125","-1","-1","0","","","","","最常使用的绷带","","","","","","","","","","","","16712190","","","","","最常使用的绷带","","","","","","","","","","","","16712190","145","0","2","17","4","","","","","","","","","","","","","","","","","16712174","0","344"
"1189","1","-1","0","","","","","来往地狱火半岛","","","","","","","","","","","","16712190","","","","","在地狱火半岛完成80个任务。","","","","","","","","","","","","16712190","14862","10","2","0","3554","","","","","","","","","","","","","","","","","16712174","0","0"
"1198","-1","-1","0","","","","","杀敌并获得经验/荣誉的总数","","","","","","","","","","","","16712190","","","","","杀敌并获得经验/荣誉的总数","","","","","","","","","","","","16712190","128","0","2","9","1","","","","","","","","","","","","","","","","","16712174","0","0"
"1201","-1","-1","0","","","","","专业技能达到上限","","","","","","","","","","","","16712190","","","","","专业技能达到上限","","","","","","","","","","","","16712190","132","0","2","33","1","","","","","","","","","","","","","","","","","16712174","0","0"
"1203","0","-1","0","","","","","奇怪的美酒","","","","","","","","","","","","16712190","","","","","品尝下列美酒节啤酒。","","","","","","","","","","","","16712190","162","10","2","0","1780","","","","","","","","","","","","","","","","","16712174","0","0"
"1263","-1","-1","0","","","","","探索嚎风峡湾","","","","","","","","","","","","16712190","","","","","探索嚎风峡湾，走过世界地图中被遮住的各个角落。","","","","","","","","","","","","16712190","14780","10","2","0","3331","","","","","","","","","","","","","","","","","2130641390","0","0"
"1285","-1","-1","0","","","","","旧世奇兵","","","","","","","","","","","","16712190","","","","","完成下列《魔兽世界》团队副本成就。","","","","","","","","","","","","16712190","168","20","2","0","3203","","","","","","","","","","","","","","","","","2113864174","0","0"
"1309","-1","607","1308","","","","","远古海滩精英","","","","","","","","","","","","16712190","","","","","在远古海滩获得100场胜利。","","","","","","","","","","","","16712190","14881","10","2","0","3402","","","","","","","","","","","","","","","","","2113864172","0","0"
"1337","-1","-1","0","","","","","杀死不同的怪物类型","","","","","","","","","","","","16712190","","","","","杀死不同的怪物类型","","","","","","","","","","","","16712190","135","0","2","33","1","","","","","","","","","","","","","","","","","4278125036","0","107"
"1358","0","-1","0","","","","","这个苔原不太远","","","","","","","","","","","","16712190","","","","","在北风苔原完成150个任务。","","","","","","","","","","","","16712190","14863","10","2","136","3336","","","","","","","","","","","","","","","","","2113864172","0","0"
"1462","-1","-1","0","","","","","获得公正徽章","","","","","","","","","","","","16712190","","","","","获得公正徽章","","","","","","","","","","","","16712190","130","0","2","1","1","","","","","","","","","","","","","","","","","2113864172","0","0"
"1488","-1","-1","0","","","","","世界击杀总数","","","","","","","","","","","","16712190","","","","","艾泽拉斯及诺森德等地的累计数字。","","","","","","","","","","","","16712190","137","0","2","9","4","","","","","","","","","","","","","","","","","2080309740","0","0"
"1504","-1","574","0","","","","","杀死掠夺者因格瓦尔（英雄乌特加德城堡）","","","","","","","","","","","","16712190","","","","","杀死掠夺者因格瓦尔（英雄乌特加德城堡）","","","","","","","","","","","","16712190","14823","5","2","1","2813","","","","","","","","","","","","","","","","","2130641388","0","0"
"1525","-1","-1","0","","","","","完成烹饪日常任务","","","","","","","","","","","","16712190","","","","","完成烹饪日常任务","","","","","","","","","","","","16712190","178","10","2","9","2923","","","","","","","","","","","","","","","","","2080309740","0","0"
"1676","1","-1","0","","","","","东部王国的博学者","","","","","","","","","","","","16712190","","","","","在东部王国完成700个任务。","","","","","","","","","","","","16712190","14861","10","2","136","3490","","","","","","","","","","","","","","","","","2113864172","0","0"
"1693","0","-1","0","","","","","爱情冲昏头","","","","","","","","","","","","16712190","","","","","完成下列情人节成就。","","","","","","","","","","","","16712190","155","10","2","0","3699","","","","","头衔奖励：痴情的","","","","","","","","","","","","16712190","0","0"
"1718","-1","571","1717","","","","","冬拥湖的精英","","","","","","","","","","","","16712190","","","","","在冬拥湖获得100场胜利。","","","","","","","","","","","","16712190","14901","10","2","0","187","","","","","","","","","","","","","","","","","2130641388","0","0"
"1729","-1","-1","0","","","","","学习炼金术配方","","","","","","","","","","","","16712190","","","","","学习炼金术配方","","","","","","","","","","","","16712190","173","0","2","1","4","","","","","","","","","","","","","","","","","2113864172","0","0"
"1788","-1","-1","0","","","","","坏榜样","","","","","","","","","","","","16712190","","","","","当你的孤儿在一旁观看时，吃掉下列糖果。","","","","","","","","","","","","16712190","163","10","2","0","1519","","","","","","","","","","","","","","","","","2080309740","0","0"
"1877","-1","615","0","","","","","少即是多（25人）","","","","","","","","","","","","16712190","","","","","以少于21人的阵容击败黑岩守护者萨塔里奥和其它暮光幼龙（25人）。","","","","","","","","","","","","16712190","14923","10","2","0","3308","","","","","","","","","","","","","","","","","2130641388","0","0"
"2277","-1","-1","0","","","","","接受召唤","","","","","","","","","","","","16712190","","","","","接受召唤","","","","","","","","","","","","16712190","134","0","2","1","1","","","","","","","","","","","","","","","","","2080309740","0","0"
"2396","-1","-1","0","","","","","最常参与的战场","","","","","","","","","","","","16712190","","","","","最常参与的战场","","","","","","","","","","","","16712190","153","0","2","17","1","","","","","","","","","","","","","","","","","2130641388","0","839"
"2417","-1","-1","0","","","","","巧克力爱好者","","","","","","","","","","","","16712190","","","","","在复活节期间吃下25块复活节巧克力。","","","","","","","","","","","","16712190","159","10","2","0","3706","","","","","","","","","","","","","","","","","2113864172","0","0"
"2758","-1","-1","2756","","","","","银色勇士","","","","","","","","","","","","16712190","","","","","在银色锦标赛中接受训练，作为你的种族阵营中的勇士出场比赛。","","","","","","","","","","","","16712190","14941","10","2","0","3744","","","","","","","","","","","","","","","","","2113864172","1","0"
"2857","-1","603","0","","","","","杀死锋鳞（10人奥杜尔）","","","","","","","","","","","","16712190","","","","","杀死锋鳞（10人奥杜尔）","","","","","","","","","","","","16712190","14963","10","2","1","1700","","","","","","","","","","","","","","","","","2113864172","0","0"
"2888","-1","603","0","","","","","奥杜尔的前厅（10人）","","","","","","","","","","","","16712190","","","","","击败奥杜尔前厅区域的首领（10人）。","","","","","","","","","","","","16712190","14961","10","2","0","3846","","","","","","","","","","","","","","","","","2113864172","0","0"
"2889","-1","603","0","","","","","奥杜尔的前厅（25人）","","","","","","","","","","","","16712190","","","","","击败奥杜尔前厅区域的首领（25人）。","","","","","","","","","","","","16712190","14962","10","2","0","3846","","","","","","","","","","","","","","","","","2113864172","0","0"
"3576","1","-1","0","","","","","感恩全席","","","","","","","","","","","","16712190","","","","","完成每一道感恩节菜肴的烹饪。","","","","","","","","","","","","16712190","14981","10","2","0","3678","","","","","","","","","","","","","","","","","16775150","0","0"
"3777","-1","628","3776","","","","","征服之岛精英","","","","","","","","","","","","16712190","","","","","在征服之岛获得100场胜利。","","","","","","","","","","","","16712190","15003","10","2","0","3378","","","","","","","","","","","","","","","","","16718846","0","0"
"3812","-1","-1","0","","","","","北伐的最高召唤（25人）","","","","","","","","","","","","16712190","","","","","击败大十字军的试炼中的所有首领（英雄难度25人）。","","","","","","","","","","","","16712190","15002","10","2","0","3744","","","","","","","","","","","","","","","","","16718845","0","0"
"3918","-1","-1","0","","","","","北伐的最高召唤（10人）","","","","","","","","","","","","16712190","","","","","击败大十字军的试炼中的所有首领（英雄难度10人）。","","","","","","","","","","","","16712190","15001","10","2","0","3744","","","","","","","","","","","","","","","","","150972908","0","0"
"4019","-1","-1","0","","","","","对猎人冠军的胜利（英雄难度：冠军的试炼）","","","","","","","","","","","","16712190","","","","","战胜猎人冠军（英雄难度：冠军的试炼）","","","","","","","","","","","","16712190","15021","0","2","1","1","","","","","","","","","","","","","","","","","16712172","0","0"
"4628","-1","631","4531","","","","","进攻冰冠堡垒（英雄难度10人）","","","","","","","","","","","","16712190","","","","","击败冰冠堡垒的前4个首领（英雄难度10人）。","","","","","","","","","","","","16712190","15041","10","2","0","4167","","","","","","","","","","","","","","","","","16712188","0","0"
"4632","-1","631","4604","","","","","进攻冰冠堡垒（英雄难度25人）","","","","","","","","","","","","16712190","","","","","击败冰冠堡垒的前4个首领（英雄难度25人）。","","","","","","","","","","","","16712190","15042","10","2","0","4167","","","","","","","","","","","","","","","","","16712188","0","0"
"4714","-1","-1","0","","","","","杀死布隆亚姆（英雄难度灵魂洪炉）","","","","","","","","","","","","16712190","","","","","","","","","","","","","","","","","16712188","15062","0","2","1","1","","","","","","","","","","","","","","","","","16712188","0","0"
"8","-1","-1","7","","","","","30级","","","","","","","","","","","","16712190","","","","","升到30级。","","","","","","","","","","","","16712190","92","10","3","4","3270","","","","","","","","","","","","","","","","","16712174","0","0"
"34","1","-1","0","","","","","峡湾巡游","","","","","","","","","","","","16712190","","","","","在嚎风峡湾完成130个任务。","","","","","","","","","","","","16712190","14863","10","3","0","3337","","","","","","","","","","","","","","","","","16712174","0","0"
"44","-1","-1","0","","","","","探索外域","","","","","","","","","","","","16712190","","","","","探索外域的各个区域。","","","","","","","","","","","","16712190","97","25","3","0","3492","","","","","","","","","","","","","","","","","16712174","0","0"
"56","-1","489","0","","","","","在战歌峡谷中死亡","","","","","","","","","","","","16712190","","","","","在战歌峡谷中死亡","","","","","","","","","","","","16712190","124","0","3","1","1","","","","","","","","","","","","","","","","","16712174","0","0"
"97","-1","-1","0","","","","","完成日常任务","","","","","","","","","","","","16712190","","","","","完成日常任务","","","","","","","","","","","","16712190","133","0","3","1","0","","","","","","","","","","","","","","","","","16712174","0","0"
"113","-1","-1","0","","","","","力竭而死","","","","","","","","","","","","16712190","","","","","力竭而死","","","","","","","","","","","","16712190","126","0","3","1","4","","","","","","","","","","","","","","","","","16712174","0","0"
"123","-1","-1","122","","","","","烹饪专家","","","","","","","","","","","","16712190","","","","","成为一名专家级厨师。","","","","","","","","","","","","16712190","170","10","3","0","1467","","","","","","","","","","","","","","","","","16712174","0","0"
"128","-1","-1","127","","","","","钓鱼专家","","","","","","","","","","","","16712190","","","","","成为一名专家级渔夫。","","","","","","","","","","","","16712190","171","10","3","0","580","","","","","","","","","","","","","","","","","16712174","0","0"
"133","-1","-1","132","","","","","急救专家","","","","","","","","","","","","16712190","","","","","成为一名专家级急救师。","","","","","","","","","","","","16712190","172","10","3","0","504","","","","","","","","","","","","","","","","","16712174","0","0"
"165","-1","529","0","","","","","完美阿拉希盆地","","","","","","","","","","","","16712190","","","","","在阿拉希盆地以1600比0获胜。","","","","","","","","","","","","16712190","14802","20","3","0","3469","","","","","","","","","","","","","","","","","16712190","0","0"
"197","-1","-1","0","","","","","造成的伤害总量","","","","","","","","","","","","16712190","","","","","造成的伤害总量","","","","","","","","","","","","16712190","141","0","3","1","4","","","","","","","","","","","","","","","","","16712174","0","0"
"199","-1","489","0","","","","","夺旗","","","","","","","","","","","","16712190","","","","","在战歌峡谷中夺取并运回旗帜。","","","","","","","","","","","","16712190","14804","10","3","0","3390","","","","","","","","","","","","","","","","","16712174","0","0"
"221","-1","30","0","","","","","奥特兰克盗墓贼","","","","","","","","","","","","16712190","","","","","在奥特兰克山谷夺取50处墓地。","","","","","","","","","","","","16712190","14801","10","3","0","3379","","","","","","","","","","","","","","","","","16712174","0","0"
"255","-1","-1","0","","","","","取下他的首……呃，等等","","","","","","","","","","","","16712190","","","","","杀死无头骑士。","","","","","","","","","","","","16712190","158","10","3","0","1817","","","","","","","","","","","","","","","","","16712174","0","0"
"259","0","-1","0","","","","","冬幕节见鬼去吧！","","","","","","","","","","","","16712190","","","","","在冬幕节期间，向凯恩·血蹄投掷一枚雪球。","","","","","","","","","","","","16712190","156","10","3","0","1665","","","","","","","","","","","","","","","","","16712174","1","0"
"333","-1","-1","0","","","","","拾取金币","","","","","","","","","","","","16712190","","","","","拾取金币","","","","","","","","","","","","16712190","140","0","3","1","4","","","","","","","","","","","","","","","","","16712174","0","0"
"341","-1","-1","0","","","","","拾取史诗物品","","","","","","","","","","","","16712190","","","","","拾取史诗物品","","","","","","","","","","","","16712190","191","0","3","1","4","","","","","","","","","","","","","","","","","16712174","0","0"
"350","-1","-1","0","","","","","使用法师传送门","","","","","","","","","","","","16712190","","","","","使用法师传送门","","","","","","","","","","","","16712190","134","0","3","9","4","","","","","","","","","","","","","","","","","16712174","0","0"
"363","-1","-1","0","","","","","5v5比赛","","","","","","","","","","","","16712190","","","","","5v5比赛","","","","","","","","","","","","16712190","152","0","3","9","4","","","","","","","","","","","","","","","","","16712174","0","0"
"466","-1","-1","0","","","","","服务器第一！80级德鲁伊","","","","","","","","","","","","16712190","","","","","本服务器第一个达到80级的德鲁伊。","","","","","","","","","","","","16712190","81","0","3","256","261","","","","","","","","","","","","","","","","","16712174","0","0"
"480","-1","601","0","","","","","艾卓-尼鲁布","","","","","","","","","","","","16712190","","","","","击败艾卓-尼鲁布的首领。","","","","","","","","","","","","16712190","14806","10","3","0","3229","","","","","","","","","","","","","","","","","16712174","0","0"
"491","-1","601","0","","","","","艾卓-尼鲁布（英雄难度）","","","","","","","","","","","","16712190","","","","","击败艾卓-尼鲁布的首领（英雄难度）。","","","","","","","","","","","","16712190","14921","10","3","0","3230","","","","","","","","","","","","","","","","","16712172","0","0"
"505","-1","-1","504","","","","","完成250个任务","","","","","","","","","","","","16712190","","","","","完成250个任务。","","","","","","","","","","","","16712190","96","10","3","0","3419","","","","","","","","","","","","","","","","","16712174","0","0"
"515","-1","-1","513","","","","","500个荣誉击杀","","","","","","","","","","","","16712190","","","","","达到500个荣誉击杀。","","","","","","","","","","","","16712190","95","10","3","0","3456","","","","","","","","","","","","","","","","","16712174","0","0"
"524","-1","-1","523","","","","","10个声望崇拜","","","","","","","","","","","","16712190","","","","","在10个势力中达到崇拜声望。","","","","","","","","","","","","16712190","201","10","3","0","3608","","","","","","","","","","","","","","","","","16712174","0","0"
"529","-1","-1","0","","","","","达到尊敬以上的声望","","","","","","","","","","","","16712190","","","","","达到尊敬以上的声望","","","","","","","","","","","","16712190","147","0","3","1","1","","","","","","","","","","","","","","","","","16712174","0","0"
"562","-1","533","0","","","","","蜘蛛区（10人）","","","","","","","","","","","","16712190","","","","","击败纳克萨玛斯蜘蛛区的首领（10人）。","","","","","","","","","","","","16712190","14922","10","3","0","1899","","","","","","","","","","","","","","","","","16712172","0","0"
"563","-1","533","0","","","","","蜘蛛区（25人）","","","","","","","","","","","","16712190","","","","","击败纳克萨玛斯蜘蛛区的首领（25人）。","","","","","","","","","","","","16712190","14923","10","3","0","1899","","","","","","","","","","","","","","","","","16712172","0","0"
"607","-1","-1","606","","","","","10枚先祖硬币","","","","","","","","","","","","16712190","","","","","获得10枚先祖硬币。","","","","","","","","","","","","16712190","160","10","3","0","2717","","","","","","","","","","","","","","","","","16712174","0","0"
"630","-1","-1","0","","","","","哀嚎洞穴","","","","","","","","","","","","16712190","","","","","击败吞噬者穆坦努斯。","","","","","","","","","","","","16712190","14808","10","3","0","3654","","","","","","","","","","","","","","","","","16712174","1","0"
"649","-1","547","0","","","","","奴隶围栏","","","","","","","","","","","","16712190","","","","","击败夸格米拉。","","","","","","","","","","","","16712190","14805","10","3","0","3591","","","","","","","","","","","","","","","","","16712174","0","0"
"732","-1","-1","731","","","","","专家级专业水准","","","","","","","","","","","","16712190","","","","","在一种专业中达到专家级水准。","","","","","","","","","","","","16712190","169","10","3","0","2846","","","","","","","","","","","","","","","","","16712174","1","0"
"768","-1","-1","0","","","","","探索提瑞斯法林地","","","","","","","","","","","","16712190","","","","","探索提瑞斯法林地，走过世界地图中被遮住的各个角落。","","","","","","","","","","","","16712190","14777","10","3","0","3570","","","","","","","","","","","","","","","","","16712174","0","0"
"783","-1","566","0","","","","","完美风暴","","","","","","","","","","","","16712190","","","","","在风暴之眼以1600比0获胜。","","","","","","","","","","","","16712190","14803","10","3","0","2830","","","","","","","","","","","","","","","","","16712190","0","0"
"840","-1","-1","0","","","","","战场获胜","","","","","","","","","","","","16712190","","","","","战场获胜","","","","","","","","","","","","16712190","153","0","3","9","1","","","","","","","","","","","","","","","","","16712174","0","0"
"842","-1","-1","0","","","","","探索泰达希尔","","","","","","","","","","","","16712190","","","","","探索泰达希尔，走过世界地图中被遮住的各个角落。","","","","","","","","","","","","16712190","14778","10","3","0","3528","","","","","","","","","","","","","","","","","16712174","0","0"
"867","-1","-1","0","","","","","探索泰罗卡森林","","","","","","","","","","","","16712190","","","","","探索泰罗卡森林，走过世界地图中被遮住的各个角落。","","","","","","","","","","","","16712190","14779","10","3","0","3586","","","","","","","","","","","","","","","","","16712174","0","0"
"875","-1","-1","398","","","","","坚定的复仇者","","","","","","","","","","","","16712190","","","","","在80级时获得200场竞技场积分赛的胜利。","","","","","","","","","","","","16712190","165","10","3","0","3594","","","","","","","","","","","","","","","","","16712174","0","0"
"893","-1","-1","0","","","","","塞纳里奥作战角鹰兽","","","","","","","","","","","","16712190","","","","","从赞加沼泽的塞纳里奥远征队那里购买一头塞纳里奥作战角鹰兽。","","","","","","","","","","","","16712190","14865","10","3","0","2554","","","","","","","","","","","","","","","","","16712174","1","0"
"950","-1","-1","0","","","","","狂心氏族","","","","","","","","","","","","16712190","","","","","在狂心氏族阵营中达到崇拜声望。","","","","","","","","","","","","16712190","14866","10","3","0","956","","","","","","","","","","","","","","","","","16712174","0","0"
"957","-1","-1","0","","","","","赞达拉部族的英雄","","","","","","","","","","","","16712190","","","","","在赞达拉部族阵营中达到崇拜声望。","","","","","","","","","","","","16712190","14864","10","3","0","2745","","","","","","","","","","","","","","","","","16712174","0","0"
"1067","-1","-1","0","","","","","哭泣的总次数","","","","","","","","","","","","16712190","","","","","哭泣的总次数","","","","","","","","","","","","16712190","131","0","3","1","1","","","","","","","","","","","","","","","","","16712174","0","0"
"1070","-1","560","0","","","","","杀死时空猎手（逃离敦霍尔德）","","","","","","","","","","","","16712190","","","","","杀死时空猎手（逃离敦霍尔德）","","","","","","","","","","","","16712190","14822","5","3","1","1701","","","","","","","","","","","","","","","","","16712174","0","0"
"1093","-1","189","0","","","","","杀死莫格莱尼（血色修道院）","","","","","","","","","","","","16712190","","","","","杀死莫格莱尼（血色修道院）","","","","","","","","","","","","16712190","14821","5","3","1","2792","","","","","","","","","","","","","","","","","16712174","0","0"
"1108","-1","-1","0","","","","","在5v5比赛中死亡","","","","","","","","","","","","16712190","","","","","在5v5比赛中死亡","","","","","","","","","","","","16712190","123","0","3","1","1","","","","","","","","","","","","","","","","","16712174","0","0"
"1145","-1","-1","0","","","","","火焰节之王","","","","","","","","","","","","16712190","","","","","从敌对阵营的主城中窃取烈焰，并完成“盗贼的奖励”任务。","","","","","","","","","","","","16712190","161","10","3","0","1599","","","","","","","","","","","","","","","","","16712174","1","0"
"1200","-1","-1","0","","","","","辅助技能达到上限","","","","","","","","","","","","16712190","","","","","辅助技能达到上限","","","","","","","","","","","","16712190","132","0","3","33","1","","","","","","","","","","","","","","","","","16712174","0","0"
"1229","-1","-1","0","","","","","被德鲁伊复活","","","","","","","","","","","","16712190","","","","","被德鲁伊复活","","","","","","","","","","","","16712190","127","0","3","9","1","","","","","","","","","","","","","","","","","2113864174","0","0"
"1231","-1","576","0","","","","","杀死克莉斯塔萨（魔枢）","","","","","","","","","","","","16712190","","","","","杀死克莉斯塔萨（魔枢）","","","","","","","","","","","","16712190","14823","5","3","1","56","","","","","","","","","","","","","","","","","2113864174","0","0"
"1265","-1","-1","0","","","","","探索龙骨荒野","","","","","","","","","","","","16712190","","","","","探索龙骨荒野，走过世界地图中被遮住的各个角落。","","","","","","","","","","","","16712190","14780","10","3","0","3332","","","","","","","","","","","","","","","","","2113864174","0","0"
"1271","0","-1","0","","","","","来往地狱火半岛","","","","","","","","","","","","16712190","","","","","在地狱火半岛完成90个任务。","","","","","","","","","","","","16712190","14862","10","3","0","3554","","","","","","","","","","","","","","","","","2113864174","0","0"
"1284","-1","-1","0","","","","","外域地下城大师","","","","","","","","","","","","16712190","","","","","完成下列《燃烧的远征》地下城成就。","","","","","","","","","","","","16712190","168","10","3","0","1948","","","","","","","","","","","","","","","","","2113864174","0","0"
"1298","-1","-1","0","","","","","使用不同类型的绷带","","","","","","","","","","","","16712190","","","","","使用不同类型的绷带","","","","","","","","","","","","16712190","145","0","3","33","1","","","","","","","","","","","","","","","","","4278125036","0","344"
"1310","-1","607","0","","","","","抢滩登陆","","","","","","","","","","","","16712190","","","","","在4分钟内夺取泰坦圣物。","","","","","","","","","","","","16712190","14881","20","3","0","3403","","","","","","","","","","","","","","","","","2113864172","1","0"
"1336","-1","-1","0","","","","","最常杀死的怪物类型","","","","","","","","","","","","16712190","","","","","最常杀死的怪物类型","","","","","","","","","","","","16712190","135","0","3","17","1","","","","","","","","","","","","","","","","","4278125036","0","107"
"1458","-1","-1","0","","","","","最常获得荣誉杀敌的大陆","","","","","","","","","","","","16712190","","","","","最常获得荣誉杀敌的大陆","","","","","","","","","","","","16712190","136","0","3","17","1","","","","","","","","","","","","","","","","","2113864172","0","381"
"1464","-1","-1","0","","","","","获得英雄纹章","","","","","","","","","","","","16712190","","","","","获得英雄纹章","","","","","","","","","","","","16712190","130","0","3","1","1","","","","","","","","","","","","","","","","","2130641388","0","0"
"1489","-1","-1","0","","","","","最常击杀敌人的大陆","","","","","","","","","","","","16712190","","","","","最常击杀敌人的大陆","","","","","","","","","","","","16712190","137","0","3","17","1","","","","","","","","","","","","","","","","","2080309740","0","1488"
"1532","-1","-1","0","","","","","最高的锻造技能","","","","","","","","","","","","16712190","","","","","最高的锻造技能","","","","","","","","","","","","16712190","173","0","3","1","1","","","","","","","","","","","","","","","","","2080309740","0","0"
"1677","0","-1","0","","","","","东部王国的博学者","","","","","","","","","","","","16712190","","","","","在东部王国完成550个任务。","","","","","","","","","","","","16712190","14861","10","3","136","3490","","","","","","","","","","","","","","","","","2080309740","0","0"
"1695","-1","-1","0","","","","","危险的爱","","","","","","","","","","","","16712190","","","","","协助热砂港的卡特尔粉碎险恶的皇冠药剂公司的阴谋。","","","","","","","","","","","","16712190","187","10","3","0","1853","","","","","","","","","","","","","","","","","2063532524","1","0"
"1707","1","-1","0","","","","","爱情冲昏头","","","","","","","","","","","","16712190","","","","","完成下列情人节成就。","","","","","","","","","","","","16712190","155","10","3","0","3699","","","","","头衔奖励：痴情的","","","","","","","","","","","","16712190","0","0"
"1745","-1","-1","0","","","","","学习烹饪食谱","","","","","","","","","","","","16712190","","","","","学习烹饪食谱","","","","","","","","","","","","16712190","178","0","3","1","4","","","","","","","","","","","","","","","","","2113864172","0","0"
"1755","-1","571","0","","","","","胜券在握","","","","","","","","","","","","16712190","","","","","攻打冬拥湖，并且在10分钟内获胜。","","","","","","","","","","","","16712190","14901","10","3","0","145","","","","","","","","","","","","","","","","","2130641388","0","0"
"1789","-1","-1","0","","","","","家务杂事","","","","","","","","","","","","16712190","","","","","在召唤出你的孤儿的情况下，完成五个日常任务。","","","","","","","","","","","","16712190","163","10","3","0","162","","","","","","","","","","","","","","","","","2130641388","0","0"
"1936","-1","-1","0","","","","","你的小飞兔丢了吗？","","","","","","","","","","","","16712190","","","","","获得一只鹿角小飞兔宠物。","","","","","","","","","","","","16712190","162","10","3","0","1312","","","","","","","","","","","","","","","","","2130641388","1","0"
"2219","-1","-1","0","","","","","在5人地下城英雄副本中死亡的总次数","","","","","","","","","","","","16712190","","","","","在5人地下城英雄副本中死亡的总次数","","","","","","","","","","","","16712190","125","0","3","1","1","","","","","","","","","","","","","","","","","2063532524","0","0"
"2418","-1","-1","2417","","","","","巧克力沉迷者","","","","","","","","","","","","16712190","","","","","在复活节期间吃下100块复活节巧克力。","","","","","","","","","","","","16712190","159","10","3","0","3706","","","","","","","","","","","","","","","","","2130641388","0","0"
"2772","-1","-1","0","","","","","全速冲击！","","","","","","","","","","","","16712190","","","","","在银色锦标赛的骑乘决斗中击败另一名玩家。","","","","","","","","","","","","16712190","14941","10","3","0","370","","","","","","","","","","","","","","","","","2113864172","0","0"
"2858","-1","603","0","","","","","杀死掌炉者伊格尼斯（10人奥杜尔）","","","","","","","","","","","","16712190","","","","","杀死掌炉者伊格尼斯（10人奥杜尔）","","","","","","","","","","","","16712190","14963","10","3","1","1700","","","","","","","","","","","","","","","","","2113864172","0","0"
"2890","-1","603","0","","","","","奥杜尔的守护者（10人）","","","","","","","","","","","","16712190","","","","","击败奥杜尔的守护者首领（10人）。","","","","","","","","","","","","16712190","14961","10","3","0","3847","","","","","","","","","","","","","","","","","2113864172","0","0"
"2891","-1","603","0","","","","","奥杜尔的守护者（25人）","","","","","","","","","","","","16712190","","","","","击败奥杜尔的守护者首领（25人）。","","","","","","","","","","","","16712190","14962","10","3","0","3847","","","","","","","","","","","","","","","","","2113864172","0","0"
"3577","0","-1","0","","","","","感恩全席","","","","","","","","","","","","16712190","","","","","完成每一道感恩节菜肴的烹饪。","","","","","","","","","","","","16712190","14981","10","3","0","3678","","","","","","","","","","","","","","","","","16775150","0","0"
"3797","-1","-1","0","","","","","上背酸痛（10人）","","","","","","","","","","","","16712190","","","","","在至少还有2名狗头人奴隶存活的情况下击败冰吼（10人）。","","","","","","","","","","","","16712190","15001","10","3","0","1665","","","","","","","","","","","","","","","","","16718847","1","0"
"3813","-1","-1","0","","","","","上背酸痛（25人）","","","","","","","","","","","","16712190","","","","","在至少还有4名狗头人奴隶存活的情况下击败冰吼（25人）。","","","","","","","","","","","","16712190","15002","10","3","0","1665","","","","","","","","","","","","","","","","","16718845","1","0"
"3845","-1","628","0","","","","","征服之岛全明星","","","","","","","","","","","","16712190","","","","","在一场征服之岛的战斗中，突袭一座基地、守住一座基地、摧毁一辆载具，并且杀死一名玩家。","","","","","","","","","","","","16712190","15003","20","3","0","2268","","","","","","","","","","","","","","","","","16718847","0","0"
"4048","-1","-1","0","","","","","对法师冠军的胜利（普通难度：冠军的试炼）","","","","","","","","","","","","16712190","","","","","战胜法师冠军（普通难度：冠军的试炼）","","","","","","","","","","","","16712190","15021","0","3","1","1","","","","","","","","","","","","","","","","","16712172","0","0"
"4528","-1","631","0","","","","","天灾工厂（10人）","","","","","","","","","","","","16712190","","","","","击败冰冠堡垒：天灾工厂的所有首领（普通难度10人）。","","","","","","","","","","","","16712190","15041","10","3","0","4177","","","","","","","","","","","","","","","","","16712172","0","0"
"4605","-1","631","0","","","","","天灾工厂（25人）","","","","","","","","","","","","16712190","","","","","击败冰冠堡垒：天灾工厂的所有首领（普通难度25人）。","","","","","","","","","","","","16712190","15042","10","3","0","4177","","","","","","","","","","","","","","","","","16712188","0","0"
"4715","-1","-1","0","","","","","杀死噬魂者（灵魂洪炉）","","","","","","","","","","","","16712190","","","","","","","","","","","","","","","","","16712188","15062","0","3","1","1","","","","","","","","","","","","","","","","","16712188","0","0"
"9","-1","-1","8","","","","","40级","","","","","","","","","","","","16712190","","","","","升到40级。","","","","","","","","","","","","16712190","92","10","4","4","3271","","","","","","","","","","","","","","","","","16712174","0","0"
"45","-1","-1","0","","","","","探索诺森德","","","","","","","","","","","","16712190","","","","","探索诺森德的各个区域。","","","","","","","","","","","","16712190","97","25","4","0","3493","","","","","奖励：探索者战袍","","","","","","","","","","","","16712190","0","0"
"108","-1","-1","0","","","","","杀死小动物","","","","","","","","","","","","16712190","","","","","杀死小动物","","","","","","","","","","","","16712190","135","0","4","1","4","","","","","","","","","","","","","","","","","16712174","0","0"
"114","-1","-1","0","","","","","摔死","","","","","","","","","","","","16712190","","","","","摔死","","","","","","","","","","","","16712190","126","0","4","1","4","","","","","","","","","","","","","","","","","16712174","0","0"
"124","-1","-1","123","","","","","大师级厨师","","","","","","","","","","","","16712190","","","","","成为一名大师级厨师。","","","","","","","","","","","","16712190","170","10","4","0","1467","","","","","","","","","","","","","","","","","16712174","0","0"
"129","-1","-1","128","","","","","大师级渔夫","","","","","","","","","","","","16712190","","","","","成为一名大师级渔夫。","","","","","","","","","","","","16712190","171","10","4","0","580","","","","","","","","","","","","","","","","","16712174","0","0"
"134","-1","-1","133","","","","","大师级急救师","","","","","","","","","","","","16712190","","","","","成为一名大师级急救师。","","","","","","","","","","","","16712190","172","10","4","0","504","","","","","","","","","","","","","","","","","16712174","0","0"
"158","-1","529","0","","","","","夺旗能手","","","","","","","","","","","","16712190","","","","","在阿拉希盆地夺取50面旗帜。","","","","","","","","","","","","16712190","14802","10","4","0","3470","","","","","","","","","","","","","","","","","16712174","0","0"
"200","-1","489","0","","","","","坚强的卫士","","","","","","","","","","","","16712190","","","","","在战歌峡谷中夺回本方的50面旗帜。","","","","","","","","","","","","16712190","14804","10","4","0","3398","","","","","","","","","","","","","","","","","16712174","0","0"
"222","-1","30","0","","","","","防御哨塔","","","","","","","","","","","","16712190","","","","","在奥特兰克山谷中保卫50次哨塔。","","","","","","","","","","","","16712190","14801","10","4","0","3581","","","","","","","","","","","","","","","","","16712174","0","0"
"248","-1","-1","0","","","","","假日礼服","","","","","","","","","","","","16712190","","","","","在复活节期间，通过打开鲜艳的彩蛋获得白色礼服衬衣和黑色礼服短裤。","","","","","","","","","","","","16712190","159","10","4","0","3712","","","","","","","","","","","","","","","","","16712174","0","0"
"289","-1","-1","0","","","","","万圣节的救星","","","","","","","","","","","","16712190","","","","","完成一个从无头骑士的魔掌下拯救一座村庄的任务。","","","","","","","","","","","","16712190","158","10","4","0","3512","","","","","","","","","","","","","","","","","16712174","1","0"
"326","-1","-1","0","","","","","通过任务奖励所得金币","","","","","","","","","","","","16712190","","","","","通过任务奖励所得金币","","","","","","","","","","","","16712190","140","0","4","1","4","","","","","","","","","","","","","","","","","16712174","0","0"
"336","-1","-1","0","","","","","拥有传说物品","","","","","","","","","","","","16712190","","","","","拥有传说物品","","","","","","","","","","","","16712190","191","0","4","1","4","","","","","","","","","","","","","","","","","16712174","0","0"
"345","-1","-1","0","","","","","饮用治疗药水","","","","","","","","","","","","16712190","","","","","饮用治疗药水","","","","","","","","","","","","16712190","145","0","4","9","4","","","","","","","","","","","","","","","","","16712174","0","0"
"362","-1","-1","0","","","","","5v5胜利","","","","","","","","","","","","16712190","","","","","5v5胜利","","","","","","","","","","","","16712190","152","0","4","9","4","","","","","","","","","","","","","","","","","16712174","0","0"
"383","-1","-1","0","","","","","竞技场荣誉杀敌","","","","","","","","","","","","16712190","","","","","竞技场荣誉杀敌","","","","","","","","","","","","16712190","136","0","4","9","4","","","","","","","","","","","","","","","","","16712174","0","0"
"465","-1","-1","0","","","","","服务器第一！80级圣骑士","","","","","","","","","","","","16712190","","","","","本服务器第一个达到80级的圣骑士。","","","","","","","","","","","","16712190","81","0","4","256","25","","","","","","","","","","","","","","","","","16712174","0","0"
"481","-1","619","0","","","","","安卡赫特：古代王国","","","","","","","","","","","","16712190","","","","","击败安卡赫特：古代王国的首领。","","","","","","","","","","","","16712190","14806","10","4","0","3231","","","","","","","","","","","","","","","","","16712172","0","0"
"492","-1","619","0","","","","","安卡赫特：古代王国（英雄难度）","","","","","","","","","","","","16712190","","","","","击败安卡赫特：古代王国的首领（英雄难度）。","","","","","","","","","","","","16712190","14921","10","4","0","3232","","","","","","","","","","","","","","","","","16712172","0","0"
"506","-1","-1","505","","","","","完成500个任务","","","","","","","","","","","","16712190","","","","","完成500个任务。","","","","","","","","","","","","16712190","96","10","4","0","3418","","","","","","","","","","","","","","","","","16712174","0","0"
"516","-1","-1","515","","","","","1000个荣誉击杀","","","","","","","","","","","","16712190","","","","","达到1000个荣誉击杀。","","","","","","","","","","","","16712190","95","10","4","0","3457","","","","","","","","","","","","","","","","","16712174","0","0"
"521","-1","-1","524","","","","","15个声望崇拜","","","","","","","","","","","","16712190","","","","","在15个势力中达到崇拜声望。","","","","","","","","","","","","16712190","201","10","4","0","3607","","","","","","","","","","","","","","","","","16712174","0","0"
"528","-1","-1","0","","","","","受到的伤害总量","","","","","","","","","","","","16712190","","","","","受到的伤害总量","","","","","","","","","","","","16712190","141","0","4","1","1","","","","","","","","","","","","","","","","","16712174","0","0"
"564","-1","533","0","","","","","构造区（10人）","","","","","","","","","","","","16712190","","","","","击败纳克萨玛斯构造区的首领（10人）。","","","","","","","","","","","","16712190","14922","10","4","0","2956","","","","","","","","","","","","","","","","","16712172","0","0"
"565","-1","533","0","","","","","构造区（25人）","","","","","","","","","","","","16712190","","","","","击败纳克萨玛斯构造区的首领（25人）。","","","","","","","","","","","","16712190","14923","10","4","0","2956","","","","","","","","","","","","","","","","","16712172","0","0"
"608","-1","-1","607","","","","","25枚先祖硬币","","","","","","","","","","","","16712190","","","","","获得25枚先祖硬币。","","","","","","","","","","","","16712190","160","10","4","0","2717","","","","","","","","","","","","","","","","","16712174","0","0"
"631","-1","-1","0","","","","","影牙城堡","","","","","","","","","","","","16712190","","","","","击败大法师阿鲁高。","","","","","","","","","","","","16712190","14808","10","4","0","3822","","","","","","","","","","","","","","","","","16712174","1","0"
"650","-1","-1","0","","","","","幽暗沼泽","","","","","","","","","","","","16712190","","","","","击败黑色阔步者。","","","","","","","","","","","","16712190","14805","10","4","0","3823","","","","","","","","","","","","","","","","","16712174","1","0"
"733","-1","-1","732","","","","","大师级专业水准","","","","","","","","","","","","16712190","","","","","在一种专业中达到大师级水准。","","","","","","","","","","","","16712190","169","10","4","0","2846","","","","","","","","","","","","","","","","","16712174","1","0"
"759","-1","-1","0","","","","","平均每日完成的日常任务数量","","","","","","","","","","","","16712190","","","","","平均每日完成的日常任务数量","","","","","","","","","","","","16712190","133","0","4","65","1","","","","","","","","","","","","","","","","","16712174","0","97"
"784","-1","566","0","","","","","统御风暴之眼","","","","","","","","","","","","16712190","","","","","在占领4座基地的情况下获取10次风暴之眼的胜利。","","","","","","","","","","","","16712190","14803","10","4","0","2830","","","","","","","","","","","","","","","","","16712174","0","0"
"799","-1","-1","0","","","","","被萨满祭司复活","","","","","","","","","","","","16712190","","","","","被萨满祭司复活","","","","","","","","","","","","16712190","127","0","4","9","1","","","","","","","","","","","","","","","","","16712174","0","0"
"859","-1","-1","0","","","","","探索永歌森林","","","","","","","","","","","","16712190","","","","","探索永歌森林，走过世界地图中被遮住的各个角落。","","","","","","","","","","","","16712190","14777","10","4","0","3537","","","","","","","","","","","","","","","","","16712174","0","0"
"860","-1","-1","0","","","","","探索秘蓝岛","","","","","","","","","","","","16712190","","","","","探索秘蓝岛，走过世界地图中被遮住的各个角落。","","","","","","","","","","","","16712190","14778","10","4","0","3545","","","","","","","","","","","","","","","","","16712174","0","0"
"866","-1","-1","0","","","","","探索纳格兰","","","","","","","","","","","","16712190","","","","","探索纳格兰，走过世界地图中被遮住的各个角落。","","","","","","","","","","","","16712190","14779","10","4","0","3563","","","","","","","","","","","","","","","","","16712174","0","0"
"876","-1","-1","875","","","","","野蛮的坚定","","","","","","","","","","","","16712190","","","","","在80级时获得300场竞技场积分赛的胜利。","","","","","","","","","","","","16712190","165","10","4","0","3595","","","","","奖励：蛮力战袍","","","","","","","","","","","","16712190","0","0"
"894","-1","-1","0","","","","","翱翔在斯克提斯","","","","","","","","","","","","16712190","","","","","在沙塔尔天空卫队阵营中达到崇拜声望。","","","","","","","","","","","","16712190","14865","10","4","0","2422","","","","","","","","","","","","","","","","","16712174","0","0"
"917","-1","-1","0","","","","","在10人团队副本中死亡的总次数","","","","","","","","","","","","16712190","","","","","在10人团队副本中死亡的总次数","","","","","","","","","","","","16712190","125","0","4","9","1","","","","","","","","","","","","","","","","","16712174","0","0"
"924","-1","-1","0","","","","","达到崇拜的诺森德声望","","","","","","","","","","","","16712190","","","","","达到崇拜的诺森德声望","","","","","","","","","","","","16712190","147","0","4","33","1","","","","","","","","","","","","","","","","","16712174","0","0"
"951","-1","-1","0","","","","","神谕者","","","","","","","","","","","","16712190","","","","","在神谕者阵营中达到崇拜声望。","","","","","","","","","","","","16712190","14866","10","4","0","1751","","","","","","","","","","","","","","","","","16712174","0","0"
"955","-1","-1","0","","","","","海达希亚水元素","","","","","","","","","","","","16712190","","","","","在海达希亚水元素阵营中达到崇拜声望。","","","","","","","","","","","","16712190","14864","10","4","0","2134","","","","","","","","","","","","","","","","","16712174","0","0"
"1022","1","-1","0","","","","","东部王国护焰者","","","","","","","","","","","","16712190","","","","","祭拜东部王国的火焰。","","","","","","","","","","","","16712190","161","10","4","0","1923","","","","","","","","","","","","","","","","","16712174","0","0"
"1066","-1","-1","0","","","","","大笑的总次数","","","","","","","","","","","","16712190","","","","","大笑的总次数","","","","","","","","","","","","16712190","131","0","4","9","1","","","","","","","","","","","","","","","","","16712174","0","0"
"1071","-1","547","0","","","","","杀死夸格米拉（奴隶围栏）","","","","","","","","","","","","16712190","","","","","杀死夸格米拉（奴隶围栏）","","","","","","","","","","","","16712190","14822","5","4","1","2051","","","","","","","","","","","","","","","","","16712174","0","0"
"1094","-1","209","0","","","","","杀死乌克兹·沙顶（祖尔法拉克）","","","","","","","","","","","","16712190","","","","","杀死乌克兹·沙顶（祖尔法拉克）","","","","","","","","","","","","16712190","14821","5","4","1","1698","","","","","","","","","","","","","","","","","16712174","0","0"
"1106","-1","-1","0","","","","","在风暴之眼中死亡","","","","","","","","","","","","16712190","","","","","在风暴之眼中死亡","","","","","","","","","","","","16712190","124","0","4","1","1","","","","","","","","","","","","","","","","","16712174","0","0"
"1185","-1","-1","0","","","","","美酒节的佳肴","","","","","","","","","","","","16712190","","","","","品尝下列8种美酒节食品。","","","","","","","","","","","","16712190","162","10","4","0","2996","","","","","","","","","","","","","","","","","16712174","0","0"
"1190","-1","-1","0","","","","","沼泽的秘密","","","","","","","","","","","","16712190","","","","","在赞加沼泽完成54个任务。","","","","","","","","","","","","16712190","14862","10","4","0","3585","","","","","","","","","","","","","","","","","16712174","0","0"
"1202","-1","-1","0","","","","","武器技能达到最高","","","","","","","","","","","","16712190","","","","","武器技能达到最高","","","","","","","","","","","","16712190","132","0","4","33","1","","","","","","","","","","","","","","","","","16712174","0","0"
"1255","1","-1","0","","","","","冬幕节见鬼去吧！","","","","","","","","","","","","16712190","","","","","在冬幕节期间，向国王麦格尼·铜须投掷一枚雪球。","","","","","","","","","","","","16712190","156","10","4","0","1665","","","","","","","","","","","","","","","","","2113864174","1","0"
"1266","-1","-1","0","","","","","探索灰熊丘陵","","","","","","","","","","","","16712190","","","","","探索灰熊丘陵，走过世界地图中被遮住的各个角落。","","","","","","","","","","","","16712190","14780","10","4","0","3333","","","","","","","","","","","","","","","","","2113864174","0","0"
"1287","-1","-1","0","","","","","外域地下城英雄","","","","","","","","","","","","16712190","","","","","完成下列《燃烧的远征》英雄副本成就。","","","","","","","","","","","","16712190","168","20","4","0","1762","","","","","","","","","","","","","","","","","2113864174","0","0"
"1339","-1","-1","0","","","","","最常使用的法师传送门","","","","","","","","","","","","16712190","","","","","最常使用的法师传送门","","","","","","","","","","","","16712190","134","0","4","17","1","","","","","","","","","","","","","","","","","4278125036","0","350"
"1356","0","-1","0","","","","","峡湾巡游","","","","","","","","","","","","16712190","","","","","在嚎风峡湾完成105个任务。","","","","","","","","","","","","16712190","14863","10","4","0","3337","","","","","","","","","","","","","","","","","2113864172","0","0"
"1465","-1","-1","0","","","","","获得勇气纹章","","","","","","","","","","","","16712190","","","","","获得勇气纹章","","","","","","","","","","","","16712190","130","0","4","1","1","","","","","","","","","","","","","","","","","2130641388","0","0"
"1490","-1","-1","0","","","","","竞技场击杀","","","","","","","","","","","","16712190","","","","","竞技场击杀","","","","","","","","","","","","16712190","137","0","4","9","4","","","","","","","","","","","","","","","","","2080309740","0","0"
"1505","-1","576","0","","","","","杀死克莉斯塔萨（英雄魔枢）","","","","","","","","","","","","16712190","","","","","杀死克莉斯塔萨（英雄魔枢）","","","","","","","","","","","","16712190","14823","5","4","1","56","","","","","","","","","","","","","","","","","2130641388","0","0"
"1678","1","-1","0","","","","","卡利姆多的博学者","","","","","","","","","","","","16712190","","","","","在卡利姆多完成700个任务。","","","","","","","","","","","","16712190","14861","10","4","136","3491","","","","","","","","","","","","","","","","","2113864172","0","0"
"1699","-1","-1","0","","","","","爱情花簇","","","","","","","","","","","","16712190","","","","","对下列种族/职业组合使用一堆玫瑰花瓣。","","","","","","","","","","","","16712190","187","10","4","0","1848","","","","","","","","","","","","","","","","","2080309740","0","0"
"1730","-1","-1","0","","","","","学习锻造图样","","","","","","","","","","","","16712190","","","","","学习锻造图样","","","","","","","","","","","","16712190","173","0","4","1","4","","","","","","","","","","","","","","","","","2113864172","0","0"
"1765","-1","607","0","","","","","稳若磐石","","","","","","","","","","","","16712190","","","","","在一场战斗中拆除5枚爆盐炸弹。","","","","","","","","","","","","16712190","14881","10","4","0","1755","","","","","","","","","","","","","","","","","2130641388","0","0"
"1792","-1","-1","0","","","","","呀，真可爱！","","","","","","","","","","","","16712190","","","","","获得一种儿童周奖励宠物。","","","","","","","","","","","","16712190","163","10","4","0","1588","","","","","","","","","","","","","","","","","2080309740","1","0"
"1976","-1","-1","0","","","","","获得达拉然烹饪奖牌","","","","","","","","","","","","16712190","","","","","获得达拉然烹饪奖牌","","","","","","","","","","","","16712190","178","0","4","1","1","","","","","","","","","","","","","","","","","2130641388","0","0"
"2199","-1","571","0","","","","","冬拥湖游侠","","","","","","","","","","","","16712190","","","","","在冬拥湖的下列区域各杀死10名玩家。","","","","","","","","","","","","16712190","14901","10","4","0","2945","","","","","","","","","","","","","","","","","1811874284","0","0"
"2397","-1","-1","0","","","","","最常获胜的战场","","","","","","","","","","","","16712190","","","","","最常获胜的战场","","","","","","","","","","","","16712190","153","0","4","17","1","","","","","","","","","","","","","","","","","2130641388","0","840"
"2797","1","-1","0","","","","","复活节的贵族","","","","","","","","","","","","16712190","","","","","完成下列复活节成就。","","","","","","","","","","","","16712190","155","10","4","0","3202","","","","","头衔奖励：贵族","","","","","","","","","","","","16712190","0","0"
"2836","-1","-1","0","","","","","长枪骑士","","","","","","","","","","","","16712190","","","","","在银色锦标赛中，分别击败所有种族阵营的骑士。","","","","","","","","","","","","16712190","14941","10","4","0","370","","","","","","","","","","","","","","","","","2063532524","0","0"
"2859","-1","603","0","","","","","杀死XT-002拆解者（10人奥杜尔）","","","","","","","","","","","","16712190","","","","","杀死XT-002拆解者（10人奥杜尔）","","","","","","","","","","","","16712190","14963","10","4","1","1700","","","","","","","","","","","","","","","","","2113864172","0","0"
"2892","-1","603","0","","","","","疯狂阶梯（10人）","","","","","","","","","","","","16712190","","","","","击败奥杜尔疯狂阶梯区域的首领（10人）。","","","","","","","","","","","","16712190","14961","10","4","0","3848","","","","","","","","","","","","","","","","","2113864172","0","0"
"2893","-1","603","0","","","","","疯狂阶梯（25人）","","","","","","","","","","","","16712190","","","","","击败奥杜尔疯狂阶梯区域的首领（25人）。","","","","","","","","","","","","16712190","14962","10","4","0","3848","","","","","","","","","","","","","","","","","2113864172","0","0"
"3556","1","-1","0","","","","","感恩者的好胃口","","","","","","","","","","","","16712190","","","","","在每个联盟主城的一个完整的盛宴餐桌中获得分享之魂。","","","","","","","","","","","","16712190","14981","10","4","0","3709","","","","","","","","","","","","","","","","","16775150","0","0"
"3846","1","628","0","","","","","资源过剩","","","","","","","","","","","","16712190","","","","","在你的队伍占领采石场和油料精炼厂的情况下获取征服之岛的胜利。","","","","","","","","","","","","16712190","15003","10","4","0","3736","","","","","","","","","","","","","","","","","16718847","0","0"
"3936","-1","-1","0","","","","","一石二虫（10人）","","","","","","","","","","","","16712190","","","","","在10秒之内连续击败酸喉和恐鳞（10人）。","","","","","","","","","","","","16712190","15001","10","4","0","4025","","","","","","","","","","","","","","","","","16712172","1","0"
"3937","-1","-1","0","","","","","一石二虫（25人）","","","","","","","","","","","","16712190","","","","","在10秒之内同时击败酸喉和恐鳞（25人）。","","","","","","","","","","","","16712190","15002","10","4","0","4025","","","","","","","","","","","","","","","","","16775148","1","0"
"4049","-1","-1","0","","","","","对法师冠军的胜利（英雄难度：冠军的试炼）","","","","","","","","","","","","16712190","","","","","战胜法师冠军（英雄难度：冠军的试炼）","","","","","","","","","","","","16712190","15021","0","4","1","1","","","","","","","","","","","","","","","","","16712172","0","0"
"4629","-1","631","4528","","","","","天灾工厂（英雄难度10人）","","","","","","","","","","","","16712190","","","","","击败冰冠堡垒：天灾工厂的所有首领（英雄难度10人）。","","","","","","","","","","","","16712190","15041","10","4","0","4177","","","","","","","","","","","","","","","","","16712188","0","0"
"4633","-1","631","4605","","","","","天灾工厂（英雄难度25人）","","","","","","","","","","","","16712190","","","","","击败冰冠堡垒：天灾工厂的所有首领（英雄难度25人）。","","","","","","","","","","","","16712190","15042","10","4","0","4177","","","","","","","","","","","","","","","","","16712188","0","0"
"4716","-1","-1","0","","","","","杀死噬魂者（英雄难度灵魂洪炉）","","","","","","","","","","","","16712190","","","","","","","","","","","","","","","","","16712188","15062","0","4","1","1","","","","","","","","","","","","","","","","","16712188","0","0"
"10","-1","-1","9","","","","","50级","","","","","","","","","","","","16712190","","","","","升到50级。","","","","","","","","","","","","16712190","92","10","5","4","3272","","","","","","","","","","","","","","","","","16712174","0","0"
"35","1","-1","0","","","","","龙骨荒野之力","","","","","","","","","","","","16712190","","","","","在龙骨荒野完成115个任务。","","","","","","","","","","","","16712190","14863","10","5","0","3338","","","","","","","","","","","","","","","","","16712174","0","0"
"46","-1","-1","0","","","","","世界探索者","","","","","","","","","","","","16712190","","","","","探索东部王国、卡利姆多、外域和诺森德。","","","","","","","","","","","","16712190","97","50","5","0","2759","","","","","头衔奖励：探索者","","","","","","","","","","","","16712190","0","0"
"53","-1","30","0","","","","","奥特兰克山谷的战斗","","","","","","","","","","","","16712190","","","","","奥特兰克山谷的战斗","","","","","","","","","","","","16712190","153","0","5","1","1","","","","","","","","","","","","","","","","","16712174","0","0"
"73","-1","529","0","","","","","横扫盆地","","","","","","","","","","","","16712190","","","","","在一场阿拉希盆地的战斗中突袭3座基地。","","","","","","","","","","","","16712190","14802","10","5","0","456","","","","","","","","","","","","","","","","","16712174","0","0"
"94","-1","-1","0","","","","","放弃任务","","","","","","","","","","","","16712190","","","","","放弃任务","","","","","","","","","","","","16712190","133","0","5","1","0","","","","","","","","","","","","","","","","","16712174","0","0"
"115","-1","-1","0","","","","","死于火焰和熔岩","","","","","","","","","","","","16712190","","","","","死于火焰和熔岩","","","","","","","","","","","","16712190","126","0","5","9","4","","","","","","","","","","","","","","","","","16712174","0","0"
"125","-1","-1","124","","","","","宗师级厨师","","","","","","","","","","","","16712190","","","","","成为一名宗师级厨师。","","","","","","","","","","","","16712190","170","10","5","0","1467","","","","","","","","","","","","","","","","","16712174","0","0"
"130","-1","-1","129","","","","","宗师级渔夫","","","","","","","","","","","","16712190","","","","","成为一名宗师级渔夫。","","","","","","","","","","","","16712190","171","10","5","0","580","","","","","","","","","","","","","","","","","16712174","0","0"
"135","-1","-1","134","","","","","宗师级急救师","","","","","","","","","","","","16712190","","","","","成为一名宗师级急救师。","","","","","","","","","","","","16712190","172","10","5","0","504","","","","","","","","","","","","","","","","","16712174","0","0"
"189","-1","-1","0","","","","","施放的最大治疗","","","","","","","","","","","","16712190","","","","","施放的最大治疗","","","","","","","","","","","","16712190","141","0","5","1","4","","","","","","","","","","","","","","","","","16712174","0","0"
"214","-1","566","0","","","","","疾风闪电","","","","","","","","","","","","16712190","","","","","在6分钟内获得风暴之眼的胜利。","","","","","","","","","","","","16712190","14803","10","5","0","3386","","","","","","","","","","","","","","","","","16712174","0","0"
"224","0","30","0","","","","","忠诚的卫士","","","","","","","","","","","","16712190","","","","","在奥特兰克山谷的霜狼大厅中杀死50名敌方玩家。","","","","","","","","","","","","16712190","14801","10","5","0","3582","","","","","","","","","","","","","","","","","16712174","0","0"
"249","-1","-1","0","","","","","应景装扮","","","","","","","","","","","","16712190","","","","","在复活节期间，通过打开鲜艳的彩蛋获得一件端庄的裙子。","","","","","","","","","","","","16712190","159","10","5","0","3713","","","","","","","","","","","","","","","","","16712174","0","0"
"281","-1","-1","0","","","","","急救技能","","","","","","","","","","","","16712190","","","","","急救技能","","","","","","","","","","","","16712190","178","0","5","1","1","","","","","","","","","","","","","","","","","16712174","0","0"
"339","-1","-1","0","","","","","获得坐骑数量","","","","","","","","","","","","16712190","","","","","获得坐骑数量","","","","","","","","","","","","16712190","191","0","5","1","4","","","","","","","","","","","","","","","","","16712174","0","0"
"353","-1","-1","0","","","","","使用炉石的次数","","","","","","","","","","","","16712190","","","","","使用炉石的次数","","","","","","","","","","","","16712190","134","0","5","1","4","","","","","","","","","","","","","","","","","16712174","0","0"
"365","-1","-1","0","","","","","3v3比赛","","","","","","","","","","","","16712190","","","","","3v3比赛","","","","","","","","","","","","16712190","152","0","5","9","4","","","","","","","","","","","","","","","","","16712174","0","0"
"382","-1","-1","0","","","","","战场荣誉杀敌","","","","","","","","","","","","16712190","","","","","战场荣誉杀敌","","","","","","","","","","","","16712190","136","0","5","9","4","","","","","","","","","","","","","","","","","16712174","0","0"
"464","-1","-1","0","","","","","服务器第一！80级牧师","","","","","","","","","","","","16712190","","","","","本服务器第一个达到80级的牧师。","","","","","","","","","","","","16712190","81","0","5","256","1523","","","","","","","","","","","","","","","","","16712174","0","0"
"482","-1","600","0","","","","","达克萨隆要塞","","","","","","","","","","","","16712190","","","","","击败达克萨隆要塞的首领。","","","","","","","","","","","","16712190","14806","10","5","0","3233","","","","","","","","","","","","","","","","","16712172","0","0"
"493","-1","600","0","","","","","达克萨隆要塞（英雄难度）","","","","","","","","","","","","16712190","","","","","击败达克萨隆要塞的首领（英雄难度）。","","","","","","","","","","","","16712190","14921","10","5","0","3234","","","","","","","","","","","","","","","","","16712172","0","0"
"507","-1","-1","506","","","","","完成1000个任务","","","","","","","","","","","","16712190","","","","","完成1000个任务。","","","","","","","","","","","","16712190","96","10","5","0","3417","","","","","","","","","","","","","","","","","16712174","0","0"
"512","-1","-1","516","","","","","5000个荣誉击杀","","","","","","","","","","","","16712190","","","","","达到5000个荣誉击杀。","","","","","","","","","","","","16712190","95","10","5","0","3459","","","","","","","","","","","","","","","","","16712174","0","0"
"520","-1","-1","521","","","","","20个声望崇拜","","","","","","","","","","","","16712190","","","","","在20个势力中达到崇拜声望。","","","","","","","","","","","","16712190","201","10","5","0","3606","","","","","","","","","","","","","","","","","16712174","0","0"
"566","-1","533","0","","","","","瘟疫区（10人）","","","","","","","","","","","","16712190","","","","","击败纳克萨玛斯瘟疫区的首领（10人）。","","","","","","","","","","","","16712190","14922","10","5","0","2997","","","","","","","","","","","","","","","","","16712172","0","0"
"567","-1","533","0","","","","","瘟疫区（25人）","","","","","","","","","","","","16712190","","","","","击败纳克萨玛斯瘟疫区的首领（25人）。","","","","","","","","","","","","16712190","14923","10","5","0","2997","","","","","","","","","","","","","","","","","16712172","0","0"
"609","-1","-1","608","","","","","50枚先祖硬币","","","","","","","","","","","","16712190","","","","","获得50枚先祖硬币。","","","","","","","","","","","","16712190","160","10","5","0","2717","","","","","","","","","","","","","","","","","16712174","0","0"
"632","-1","-1","0","","","","","黑暗深渊","","","","","","","","","","","","16712190","","","","","击败阿库麦尔。","","","","","","","","","","","","16712190","14808","10","5","0","3653","","","","","","","","","","","","","","","","","16712174","0","0"
"651","-1","-1","0","","","","","法力陵墓","","","","","","","","","","","","16712190","","","","","击败节点亲王沙法尔。","","","","","","","","","","","","16712190","14805","10","5","0","3666","","","","","","","","","","","","","","","","","16712174","1","0"
"699","-1","-1","0","","","","","世界冠军","","","","","","","","","","","","16712190","","","","","在80级时，于刀锋山竞技场、纳格兰竞技场、勇气竞技场、达拉然下水道和洛丹伦废墟各赢得一场积分赛的胜利。","","","","","","","","","","","","16712190","165","10","5","0","535","","","","","","","","","","","","","","","","","16712174","0","0"
"734","-1","-1","733","","","","","宗师级专业水准","","","","","","","","","","","","16712190","","","","","在一种专业中达到宗师级水准。","","","","","","","","","","","","16712190","169","10","5","0","2846","","","","","","","","","","","","","","","","","16712174","1","0"
"750","-1","-1","0","","","","","探索贫瘠之地","","","","","","","","","","","","16712190","","","","","探索贫瘠之地，走过世界地图中被遮住的各个角落。","","","","","","","","","","","","16712190","14778","10","5","0","3547","","","","","","","","","","","","","","","","","16712174","0","0"
"779","-1","-1","0","","","","","探索洛克莫丹","","","","","","","","","","","","16712190","","","","","探索洛克莫丹，走过世界地图中被遮住的各个角落。","","","","","","","","","","","","16712190","14777","10","5","0","3558","","","","","","","","","","","","","","","","","16712174","0","0"
"800","-1","-1","0","","","","","被圣骑士救赎","","","","","","","","","","","","16712190","","","","","被圣骑士救赎","","","","","","","","","","","","16712190","127","0","5","9","1","","","","","","","","","","","","","","","","","16712174","0","0"
"865","-1","-1","0","","","","","探索刀锋山","","","","","","","","","","","","16712190","","","","","探索刀锋山，走过世界地图中被遮住的各个角落。","","","","","","","","","","","","16712190","14779","10","5","0","3549","","","","","","","","","","","","","","","","","16712174","0","0"
"872","-1","489","0","","","","","疯狂防御者","","","","","","","","","","","","16712190","","","","","在一场战歌要塞的战斗中归还5面旗帜。","","","","","","","","","","","","16712190","14804","10","5","0","3484","","","","","","","","","","","","","","","","","16712174","0","0"
"896","-1","-1","0","","","","","每日一任务，食人魔全无忧","","","","","","","","","","","","16712190","","","","","在奥格瑞拉阵营中达到崇拜声望。","","","","","","","","","","","","16712190","14865","10","5","0","2448","","","","","","","","","","","","","","","","","16712174","0","0"
"916","-1","-1","0","","","","","在25人团队副本中死亡的总次数","","","","","","","","","","","","16712190","","","","","在25人团队副本中死亡的总次数","","","","","","","","","","","","16712190","125","0","5","9","1","","","","","","","","","","","","","","","","","16712174","0","0"
"919","-1","-1","0","","","","","通过拍卖行所得金币","","","","","","","","","","","","16712190","","","","","通过拍卖行所得金币","","","","","","","","","","","","16712190","140","0","5","1","1","","","","","","","","","","","","","","","","","16712174","0","0"
"925","-1","-1","0","","","","","达到崇拜的外域声望","","","","","","","","","","","","16712190","","","","","达到崇拜的外域声望","","","","","","","","","","","","16712190","147","0","5","33","1","","","","","","","","","","","","","","","","","16712174","0","0"
"952","-1","-1","0","","","","","索拉查雇佣兵","","","","","","","","","","","","16712190","","","","","在神谕者和狂心氏族阵营中达到崇拜声望。","","","","","","","","","","","","16712190","14866","10","5","0","229","","","","","","","","","","","","","","","","","16712174","0","0"
"956","-1","-1","0","","","","","诺兹多姆的子嗣","","","","","","","","","","","","16712190","","","","","在诺兹多姆的子嗣阵营中达到崇拜声望。","","","","","","","","","","","","16712190","14864","10","5","0","1701","","","","","","","","","","","","","","","","","16712174","0","0"
"979","-1","-1","0","","","","","面具怪杰","","","","","","","","","","","","16712190","","","","","在万圣节期间获得一张劣质面具。","","","","","","","","","","","","16712190","158","10","5","0","2954","","","","","","","","","","","","","","","","","16712174","1","0"
"1023","1","-1","0","","","","","卡利姆多护焰者","","","","","","","","","","","","16712190","","","","","祭拜卡利姆多的火焰。","","","","","","","","","","","","16712190","161","10","5","0","1923","","","","","","","","","","","","","","","","","16712174","0","0"
"1045","-1","-1","0","","","","","欢呼的总次数","","","","","","","","","","","","16712190","","","","","欢呼的总次数","","","","","","","","","","","","16712190","131","0","5","1","1","","","","","","","","","","","","","","","","","16712174","0","0"
"1072","-1","546","0","","","","","杀死黑色阔步者（幽暗沼泽）","","","","","","","","","","","","16712190","","","","","杀死黑色阔步者（幽暗沼泽）","","","","","","","","","","","","16712190","14822","5","5","1","2603","","","","","","","","","","","","","","","","","16712174","0","0"
"1095","-1","230","0","","","","","杀死达格兰·索瑞森大帝（黑石深渊）","","","","","","","","","","","","16712190","","","","","杀死达格兰·索瑞森大帝（黑石深渊）","","","","","","","","","","","","16712190","14821","5","5","1","2302","","","","","","","","","","","","","","","","","16712174","0","0"
"1191","1","-1","0","","","","","泰罗卡的恐惧","","","","","","","","","","","","16712190","","","","","在泰罗卡森林完成63个任务。","","","","","","","","","","","","16712190","14862","10","5","0","3586","","","","","","","","","","","","","","","","","16712174","0","0"
"1232","-1","601","0","","","","","杀死阿努巴拉克（艾卓-尼鲁布）","","","","","","","","","","","","16712190","","","","","杀死阿努巴拉克（艾卓-尼鲁布）","","","","","","","","","","","","16712190","14823","5","5","1","1899","","","","","","","","","","","","","","","","","2113864174","0","0"
"1267","-1","-1","0","","","","","探索祖达克","","","","","","","","","","","","16712190","","","","","探索祖达克，走过世界地图中被遮住的各个角落。","","","","","","","","","","","","16712190","14780","10","5","0","3334","","","","","","","","","","","","","","","","","2113864174","0","0"
"1279","1","-1","0","","","","","自讨苦吃","","","","","","","","","","","","16712190","","","","","喝个烂醉如泥，洒上最好的香水，向斯拉兹扔一把玫瑰花瓣，然后亲吻他。到了早上你就会后悔的。","","","","","","","","","","","","16712190","187","10","5","0","1846","","","","","","","","","","","","","","","","","2113864174","0","0"
"1282","-1","-1","0","","","","","奥格瑞拉，铃儿响叮当","","","","","","","","","","","","16712190","","","","","在冬幕节期间，骑在飞行驯鹿身上完成“继续轰炸！”任务。","","","","","","","","","","","","16712190","156","10","5","0","3700","","","","","","","","","","","","","","","","","2113864174","1","0"
"1286","-1","-1","0","","","","","外域奇兵","","","","","","","","","","","","16712190","","","","","完成下列《燃烧的远征》团队副本成就。","","","","","","","","","","","","16712190","168","20","5","0","3204","","","","","","","","","","","","","","","","","2113864174","0","0"
"1299","-1","-1","0","","","","","最常用的治疗药水","","","","","","","","","","","","16712190","","","","","最常用的治疗药水","","","","","","","","","","","","16712190","145","0","5","17","1","","","","","","","","","","","","","","","","","4278125036","0","345"
"1491","-1","-1","0","","","","","战场击杀","","","","","","","","","","","","16712190","","","","","战场击杀","","","","","","","","","","","","16712190","137","0","5","9","4","","","","","","","","","","","","","","","","","2080309740","0","0"
"1500","-1","-1","0","","","","","在远古海滩中死亡","","","","","","","","","","","","16712190","","","","","在远古海滩中死亡","","","","","","","","","","","","16712190","124","0","5","1","1","","","","","","","","","","","","","","","","","2080309740","0","0"
"1535","-1","-1","0","","","","","最高的附魔技能","","","","","","","","","","","","16712190","","","","","最高的附魔技能","","","","","","","","","","","","16712190","173","0","5","1","1","","","","","","","","","","","","","","","","","2080309740","0","0"
"1680","0","-1","0","","","","","卡利姆多的博学者","","","","","","","","","","","","16712190","","","","","在卡利姆多完成685个任务。","","","","","","","","","","","","16712190","14861","10","5","136","3491","","","","","","","","","","","","","","","","","2080309740","0","0"
"1737","1","571","0","","","","","毁车灭迹","","","","","","","","","","","","16712190","","","","","摧毁下列各种载具。","","","","","","","","","","","","16712190","14901","10","5","0","3505","","","","","","","","","","","","","","","","","2130641388","0","0"
"1757","1","607","0","","","","","DotA","","","","","","","","","","","","16712190","","","","","在不损失任何一座城墙的情况下保卫海滩。","","","","","","","","","","","","16712190","14881","10","5","0","276","","","","","","","","","","","","","","","","","2130641388","0","0"
"1786","-1","-1","0","","","","","硬汉学校","","","","","","","","","","","","16712190","","","","","将你的孤儿带进战场，并完成下列任务。","","","","","","","","","","","","16712190","163","10","5","0","1511","","","","","","","","","","","","","","","","","2130641388","0","0"
"2773","-1","-1","0","","","","","轻伤而已","","","","","","","","","","","","16712190","","","","","在银色锦标赛中揭穿黑骑士的阴谋，并且击败他。","","","","","","","","","","","","16712190","14941","10","5","0","2737","","","","","","","","","","","","","","","","","2113864172","0","0"
"2796","-1","-1","0","","","","","本月美酒","","","","","","","","","","","","16712190","","","","","加入本月美酒俱乐部。","","","","","","","","","","","","16712190","162","10","5","0","3082","","","","","","","","","","","","","","","","","2080309740","1","0"
"2798","0","-1","0","","","","","复活节的贵族","","","","","","","","","","","","16712190","","","","","完成下列复活节成就。","","","","","","","","","","","","16712190","155","10","5","0","3202","","","","","头衔奖励：贵族","","","","","","","","","","","","16712190","0","0"
"2860","-1","603","0","","","","","杀死钢铁议会（10人奥杜尔）","","","","","","","","","","","","16712190","","","","","杀死钢铁议会（10人奥杜尔）","","","","","","","","","","","","16712190","14963","10","5","1","1700","","","","","","","","","","","","","","","","","2113864172","0","0"
"2894","-1","-1","0","","","","","奥杜尔的秘密（10人）","","","","","","","","","","","","16712190","","","","","击败奥杜尔的所有首领（10人）。","","","","","","","","","","","","16712190","14961","25","5","0","3849","","","","","","","","","","","","","","","","","2113864172","0","0"
"2895","-1","-1","0","","","","","奥杜尔的秘密（25人）","","","","","","","","","","","","16712190","","","","","击败奥杜尔的所有首领（25人）。","","","","","","","","","","","","16712190","14962","25","5","0","3849","","","","","","","","","","","","","","","","","2113864172","0","0"
"3018","-1","-1","0","","","","","获得征服纹章","","","","","","","","","","","","16712190","","","","","获得征服纹章","","","","","","","","","","","","16712190","130","0","5","1","1","","","","","","","","","","","","","","","","","2080309740","0","0"
"3557","0","-1","0","","","","","感恩者的好胃口","","","","","","","","","","","","16712190","","","","","在每个部落主城的一个完整的盛宴餐桌中获得分享之魂。","","","","","","","","","","","","16712190","14981","10","5","0","3709","","","","","","","","","","","","","","","","","16775150","0","0"
"3851","1","628","3846","","","","","都是我的","","","","","","","","","","","","16712190","","","","","在占领采石场、油料精炼厂、船坞、攻城车间和飞艇基地的情况下获得征服之岛战斗的胜利。","","","","","","","","","","","","16712190","15003","10","5","0","4016","","","","","","","","","","","","","","","","","16718847","0","0"
"3996","-1","-1","0","","","","","痛苦之刺（10人）","","","","","","","","","","","","16712190","","","","","在至少还有两名痛苦女王存活的情况下击败加拉克苏斯大王（10人）。","","","","","","","","","","","","16712190","15001","10","5","0","1942","","","","","","","","","","","","","","","","","16712172","1","0"
"3997","-1","-1","0","","","","","痛苦之刺（25人）","","","","","","","","","","","","16712190","","","","","在至少还有两名痛苦女王存活的情况下击败加拉克苏斯大王（25人）。","","","","","","","","","","","","16712190","15002","10","5","0","1942","","","","","","","","","","","","","","","","","16712172","1","0"
"4050","-1","-1","0","","","","","对潜行者冠军的胜利（普通难度：冠军的试炼）","","","","","","","","","","","","16712190","","","","","战胜潜行者冠军（普通难度：冠军的试炼）","","","","","","","","","","","","16712190","15021","0","5","1","1","","","","","","","","","","","","","","","","","16712172","0","0"
"4529","-1","631","0","","","","","血色厅堂（10人）","","","","","","","","","","","","16712190","","","","","击败冰冠堡垒：血色厅堂的所有首领（普通难度10人）。","","","","","","","","","","","","16712190","15041","10","5","0","4178","","","","","","","","","","","","","","","","","16712172","0","0"
"4606","-1","631","0","","","","","血色厅堂（25人）","","","","","","","","","","","","16712190","","","","","击败冰冠堡垒：血色厅堂的所有首领（普通难度25人）。","","","","","","","","","","","","16712190","15042","10","5","0","4178","","","","","","","","","","","","","","","","","16712188","0","0"
"4717","-1","-1","0","","","","","杀死熔炉领主加弗斯特（萨隆矿坑）","","","","","","","","","","","","16712190","","","","","","","","","","","","","","","","","16712188","15062","0","5","1","1","","","","","","","","","","","","","","","","","16712188","0","0"
"11","-1","-1","10","","","","","60级","","","","","","","","","","","","16712190","","","","","升到60级。","","","","","","","","","","","","16712190","92","10","6","4","3273","","","","","","","","","","","","","","","","","16712174","0","0"
"49","-1","30","0","","","","","奥特兰克山谷胜利","","","","","","","","","","","","16712190","","","","","奥特兰克山谷胜利","","","","","","","","","","","","16712190","153","0","6","1","1","","","","","","","","","","","","","","","","","16712174","0","0"
"58","1","30","0","","","","","被德雷克塔尔杀死","","","","","","","","","","","","16712190","","","","","被德雷克塔尔杀死","","","","","","","","","","","","16712190","124","0","6","1","1","","","","","","","","","","","","","","","","","16712174","0","0"
"137","-1","-1","0","","","","","囤积绷带","","","","","","","","","","","","16712190","","","","","制造500条厚霜纹布绷带。","","","","","","","","","","","","16712190","172","10","6","0","2497","","","","","","","","","","","","","","","","","16712174","0","0"
"153","-1","-1","0","","","","","老侏儒与海","","","","","","","","","","","","16712190","","","","","成功地从鱼群中钓上鱼来。","","","","","","","","","","","","16712190","171","10","6","0","3694","","","","","","","","","","","","","","","","","16712174","1","0"
"178","-1","-1","0","","","","","学习附魔公式","","","","","","","","","","","","16712190","","","","","学习附魔公式","","","","","","","","","","","","16712190","173","0","6","1","4","","","","","","","","","","","","","","","","","16712174","0","0"
"206","1","489","0","","","","","超级防守者","","","","","","","","","","","","16712190","","","","","在战歌峡谷杀死100个携带旗帜者。","","","","","","","","","","","","16712190","14804","10","6","0","3400","","","","","","","","","","","","","","","","","16712174","0","0"
"213","-1","566","0","","","","","突击队员","","","","","","","","","","","","16712190","","","","","在一场风暴之眼的战斗中杀死5名携带旗帜者。","","","","","","","","","","","","16712190","14803","10","6","0","3401","","","","","","","","","","","","","","","","","16712174","0","0"
"277","-1","-1","0","","","","","冬天来了","","","","","","","","","","","","16712190","","","","","在冬幕节期间，穿着3件冬季服饰，然后吃下格拉库的肉松蛋糕。","","","","","","","","","","","","16712190","156","10","6","0","1789","","","","","","","","","","","","","","","","","16712174","0","0"
"284","-1","-1","0","","","","","一张面具应万变","","","","","","","","","","","","16712190","","","","","收集下列20种不同的劣质面具。","","","","","","","","","","","","16712190","158","20","6","0","2953","","","","","","","","","","","","","","","","","16712174","0","0"
"322","-1","-1","0","","","","","在《巫妖王之怒》地下城首领战中死亡的总次数","","","","","","","","","","","","16712190","","","","","在《巫妖王之怒》地下城首领战中死亡的总次数","","","","","","","","","","","","16712190","125","0","6","9","4","","","","","","","","","","","","","","","","","16712174","0","0"
"329","-1","-1","0","","","","","在拍卖行出售物品","","","","","","","","","","","","16712190","","","","","在拍卖行出售物品","","","","","","","","","","","","16712190","140","0","6","1","4","","","","","","","","","","","","","","","","","16712174","0","0"
"338","-1","-1","0","","","","","获得小宠物","","","","","","","","","","","","16712190","","","","","获得小宠物","","","","","","","","","","","","16712190","191","0","6","1","4","","","","","","","","","","","","","","","","","16712174","0","0"
"364","-1","-1","0","","","","","3v3胜利","","","","","","","","","","","","16712190","","","","","3v3胜利","","","","","","","","","","","","16712190","152","0","6","9","4","","","","","","","","","","","","","","","","","16712174","0","0"
"399","-1","-1","0","","","","","两人世界：1550","","","","","","","","","","","","16712190","","","","","在80级2v2竞技场战队中达到1550个人等级。","","","","","","","","","","","","16712190","165","10","6","0","3039","","","","","","","","","","","","","","","","","16712174","0","0"
"463","-1","-1","0","","","","","服务器第一！80级术士","","","","","","","","","","","","16712190","","","","","本服务器第一个达到80级的术士。","","","","","","","","","","","","16712190","81","0","6","256","155","","","","","","","","","","","","","","","","","16712174","0","0"
"483","-1","608","0","","","","","紫罗兰监狱","","","","","","","","","","","","16712190","","","","","击败紫罗兰监狱的塞安妮苟萨。","","","","","","","","","","","","16712190","14806","10","6","0","3235","","","","","","","","","","","","","","","","","16712172","0","0"
"494","-1","608","0","","","","","紫罗兰监狱（英雄难度）","","","","","","","","","","","","16712190","","","","","击败紫罗兰监狱的塞安妮苟萨（英雄难度）。","","","","","","","","","","","","16712190","14921","10","6","0","3236","","","","","","","","","","","","","","","","","16712172","0","0"
"508","-1","-1","507","","","","","完成1500个任务","","","","","","","","","","","","16712190","","","","","完成1500个任务。","","","","","","","","","","","","16712190","96","10","6","0","3416","","","","","","","","","","","","","","","","","16712174","0","0"
"509","-1","-1","512","","","","","10000个荣誉击杀","","","","","","","","","","","","16712190","","","","","达到10000个荣誉击杀。","","","","","","","","","","","","16712190","95","10","6","0","3462","","","","","","","","","","","","","","","","","16712174","0","0"
"519","-1","-1","520","","","","","25个声望崇拜","","","","","","","","","","","","16712190","","","","","在25个势力中达到崇拜声望。","","","","","","","","","","","","16712190","201","10","6","0","3605","","","","","","","","","","","","","","","","","16712174","0","0"
"568","-1","533","0","","","","","军事区（10人）","","","","","","","","","","","","16712190","","","","","击败纳克萨玛斯军事区的首领（10人）。","","","","","","","","","","","","16712190","14922","10","6","0","2639","","","","","","","","","","","","","","","","","16712172","0","0"
"569","-1","533","0","","","","","军事区（25人）","","","","","","","","","","","","16712190","","","","","击败纳克萨玛斯军事区的首领（25人）。","","","","","","","","","","","","16712190","14923","10","6","0","2639","","","","","","","","","","","","","","","","","16712172","0","0"
"626","-1","-1","0","","","","","春节服装","","","","","","","","","","","","16712190","","","","","使用先祖硬币购买一件节日裤装或者节日裙装。","","","","","","","","","","","","16712190","160","10","6","0","2789","","","","","","","","","","","","","","","","","16712174","1","0"
"633","-1","-1","0","","","","","暴风城监狱","","","","","","","","","","","","16712190","","","","","击败巴基尔·斯瑞德。","","","","","","","","","","","","16712190","14808","10","6","0","3652","","","","","","","","","","","","","","","","","16712174","1","0"
"666","-1","-1","0","","","","","奥金尼地穴","","","","","","","","","","","","16712190","","","","","击败大主教玛拉达尔。","","","","","","","","","","","","16712190","14805","10","6","0","3590","","","","","","","","","","","","","","","","","16712174","1","0"
"735","-1","-1","0","","","","","全天不休","","","","","","","","","","","","16712190","","","","","在两种专业中达到宗师级水准。","","","","","","","","","","","","16712190","169","10","6","0","162","","","","","","","","","","","","","","","","","16712174","2","0"
"801","-1","-1","0","","","","","被灵魂石复活","","","","","","","","","","","","16712190","","","","","被灵魂石复活","","","","","","","","","","","","16712190","127","0","6","9","1","","","","","","","","","","","","","","","","","16712174","0","0"
"802","-1","-1","0","","","","","探索西部荒野","","","","","","","","","","","","16712190","","","","","探索西部荒野，走过世界地图中被遮住的各个角落。","","","","","","","","","","","","16712190","14777","10","6","0","3572","","","","","","","","","","","","","","","","","16712174","0","0"
"829","-1","-1","0","","","","","受到的最大治疗","","","","","","","","","","","","16712190","","","","","受到的最大治疗","","","","","","","","","","","","16712190","141","0","6","1","1","","","","","","","","","","","","","","","","","16712174","0","0"
"843","-1","-1","0","","","","","探索虚空风暴","","","","","","","","","","","","16712190","","","","","探索虚空风暴，走过世界地图中被遮住的各个角落。","","","","","","","","","","","","16712190","14779","10","6","0","3564","","","","","","","","","","","","","","","","","16712174","0","0"
"844","-1","-1","0","","","","","探索黑海岸","","","","","","","","","","","","16712190","","","","","探索黑海岸，走过世界地图中被遮住的各个角落。","","","","","","","","","","","","16712190","14778","10","6","0","3553","","","","","","","","","","","","","","","","","16712174","0","0"
"877","-1","-1","0","","","","","蛋糕不是谎言","","","","","","","","","","","","16712190","","","","","烘焙一块美味巧克力蛋糕。","","","","","","","","","","","","16712190","170","10","6","0","2917","","","","","","","","","","","","","","","","","16712174","0","0"
"897","-1","-1","0","","","","","残阳勇士","","","","","","","","","","","","16712190","","","","","在破碎残阳阵营中达到崇拜声望。","","","","","","","","","","","","16712190","14865","10","6","0","2807","","","","","","","","","","","","","","","","","16712174","0","0"
"1007","-1","-1","0","","","","","龙眠联军","","","","","","","","","","","","16712190","","","","","在龙眠联军阵营中达到崇拜声望。","","","","","","","","","","","","16712190","14866","10","6","0","3684","","","","","","","","","","","","","","","","","16712174","0","0"
"1024","1","530","0","","","","","外域护焰者","","","","","","","","","","","","16712190","","","","","祭拜外域的火焰。","","","","","","","","","","","","16712190","161","10","6","0","1923","","","","","","","","","","","","","","","","","16712174","0","0"
"1065","-1","-1","0","","","","","招手的总次数","","","","","","","","","","","","16712190","","","","","招手的总次数","","","","","","","","","","","","16712190","131","0","6","1","1","","","","","","","","","","","","","","","","","16712174","0","0"
"1073","-1","558","0","","","","","杀死大主教玛拉达尔（奥金尼地穴）","","","","","","","","","","","","16712190","","","","","杀死大主教玛拉达尔（奥金尼地穴）","","","","","","","","","","","","16712190","14822","5","6","1","2796","","","","","","","","","","","","","","","","","16712174","0","0"
"1097","-1","329","0","","","","","杀死瑞文戴尔男爵（斯坦索姆）","","","","","","","","","","","","16712190","","","","","杀死瑞文戴尔男爵（斯坦索姆）","","","","","","","","","","","","16712190","14821","5","6","1","2718","","","","","","","","","","","","","","","","","16712174","0","0"
"1151","1","30","0","","","","","忠诚的卫士","","","","","","","","","","","","16712190","","","","","在奥特兰克山谷的雷矛大厅中杀死50名敌对玩家。","","","","","","","","","","","","16712190","14801","10","6","0","3582","","","","","","","","","","","","","","","","","16712174","0","0"
"1153","-1","-1","0","","","","","固若金汤","","","","","","","","","","","","16712190","","","","","在一场阿拉希盆地的战斗中防守3座基地。","","","","","","","","","","","","16712190","14802","10","6","0","3397","","","","","","","","","","","","","","","","","16712174","0","0"
"1183","-1","-1","0","","","","","年度美酒","","","","","","","","","","","","16712190","","","","","品尝本月美酒俱乐部提供的12种啤酒。","","","","","","","","","","","","16712190","162","10","6","0","2535","","","","","","","","","","","","","","","","","16712174","0","0"
"1268","-1","-1","0","","","","","探索索拉查盆地","","","","","","","","","","","","16712190","","","","","探索索拉查盆地，走过世界地图中被遮住的各个角落。","","","","","","","","","","","","16712190","14780","10","6","0","3335","","","","","","","","","","","","","","","","","2113864174","0","0"
"1272","0","-1","0","","","","","泰罗卡的恐惧","","","","","","","","","","","","16712190","","","","","在泰罗卡森林完成68个任务。","","","","","","","","","","","","16712190","14862","10","6","0","3586","","","","","","","","","","","","","","","","","2113864174","0","0"
"1280","0","-1","0","","","","","自讨苦吃","","","","","","","","","","","","16712190","","","","","喝个烂醉如泥，洒上最好的香水，向杰雷米亚·派森扔一把玫瑰花瓣，然后亲吻他。到了早上你就会后悔的。","","","","","","","","","","","","16712190","187","10","6","0","1846","","","","","","","","","","","","","","","","","2113864174","0","0"
"1288","-1","-1","0","","","","","诺森德地下城大师","","","","","","","","","","","","16712190","","","","","完成下列诺森德地下城成就。","","","","","","","","","","","","16712190","168","10","6","0","1947","","","","","","","","","","","","","","","","","2113864172","0","0"
"1300","-1","-1","0","","","","","使用不同的治疗药水","","","","","","","","","","","","16712190","","","","","使用不同的治疗药水","","","","","","","","","","","","16712190","145","0","6","33","1","","","","","","","","","","","","","","","","","4278125036","0","345"
"1359","0","-1","0","","","","","龙骨荒野之力","","","","","","","","","","","","16712190","","","","","在龙骨荒野完成130个任务。","","","","","","","","","","","","16712190","14863","10","6","0","3338","","","","","","","","","","","","","","","","","2113864172","0","0"
"1466","1","-1","0","","","","","达到崇拜的联盟声望","","","","","","","","","","","","16712190","","","","","达到崇拜的联盟声望","","","","","","","","","","","","16712190","147","0","6","33","1","","","","","","","","","","","","","","","","","2080309740","0","0"
"1506","-1","601","0","","","","","杀死阿努巴拉克（英雄艾卓-尼鲁布）","","","","","","","","","","","","16712190","","","","","杀死阿努巴拉克（英雄艾卓-尼鲁布）","","","","","","","","","","","","16712190","14823","5","6","1","1899","","","","","","","","","","","","","","","","","2130641388","0","0"
"1716","-1","-1","0","","","","","杀敌数最多的战场","","","","","","","","","","","","16712190","","","","","杀敌数最多的战场","","","","","","","","","","","","16712190","137","0","6","17","1","","","","","","","","","","","","","","","","","2113864172","0","1491"
"1719","-1","-1","0","","","","","荣誉杀敌最多的战场","","","","","","","","","","","","16712190","","","","","荣誉杀敌最多的战场","","","","","","","","","","","","16712190","136","0","6","17","1","","","","","","","","","","","","","","","","","2130641388","0","382"
"1748","-1","-1","0","","","","","学习急救配方","","","","","","","","","","","","16712190","","","","","学习急救配方","","","","","","","","","","","","16712190","178","0","6","1","4","","","","","","","","","","","","","","","","","2113864172","0","0"
"1790","-1","-1","0","","","","","向国王致敬，宝贝","","","","","","","","","","","","16712190","","","","","在召唤出你的孤儿的情况下，击败乌特加德之巅的伊米隆国王。","","","","","","","","","","","","16712190","163","10","6","0","3320","","","","","","","","","","","","","","","","","2080309740","0","0"
"1793","-1","-1","0","","","","","为了孩子","","","","","","","","","","","","16712190","","","","","完成下列儿童周成就。","","","","","","","","","","","","16712190","155","10","6","0","2523","","","","","头衔奖励：护士长/监护人","","","","","","","","","","","","16712190","0","0"
"2200","0","607","0","","","","","DotA","","","","","","","","","","","","16712190","","","","","在不损失任何一座城墙的情况下保卫海滩。","","","","","","","","","","","","16712190","14881","10","6","0","276","","","","","","","","","","","","","","","","","2113864172","0","0"
"2416","-1","-1","0","","","","","泉水煮蛋","","","","","","","","","","","","16712190","","","","","在复活节期间，装扮成一只兔子并前往安戈洛环形山的葛拉卡温泉，在那里产一枚卵。","","","","","","","","","","","","16712190","159","10","6","0","3711","","","","","","","","","","","","","","","","","2080309740","0","0"
"2476","0","571","0","","","","","毁车灭迹","","","","","","","","","","","","16712190","","","","","摧毁下列各种载具。","","","","","","","","","","","","16712190","14901","10","6","0","3505","","","","","","","","","","","","","","","","","2080309740","0","0"
"2861","-1","603","0","","","","","杀死科隆加恩（10人奥杜尔）","","","","","","","","","","","","16712190","","","","","杀死科隆加恩（10人奥杜尔）","","","","","","","","","","","","16712190","14963","10","6","1","1700","","","","","","","","","","","","","","","","","2113864172","0","0"
"3097","-1","603","0","","","","","矮人的末日（10人）","","","","","","","","","","","","16712190","","","","","在10秒内消灭奥杜尔广场区域的100个钢铸防御者（10人）。","","","","","","","","","","","","16712190","14961","10","6","0","3779","","","","","","","","","","","","","","","","","2113864172","0","0"
"3098","-1","603","0","","","","","矮人的末日（25人）","","","","","","","","","","","","16712190","","","","","在10秒内消灭奥杜尔广场区域的100个钢铸防御者（25人）。","","","","","","","","","","","","16712190","14962","10","6","0","3779","","","","","","","","","","","","","","","","","2113864172","0","0"
"3580","1","-1","0","","","","","誓死赴宴","","","","","","","","","","","","16712190","","","","","穿着感恩者的裙子、长袍或是外衣中的任意一件，在每个敌对主城的盛宴餐桌旁坐下。","","","","","","","","","","","","16712190","14981","10","6","0","1703","","","","","","","","","","","","","","","","","16775150","0","0"
"3736","-1","-1","0","","","","","小马快跑！","","","","","","","","","","","","16712190","","","","","在北伐军军需官卡普萨里斯夫人那里购买一匹银色马驹，并使用它。","","","","","","","","","","","","16712190","14941","10","6","0","1176","","","","","","","","","","","","","","","","","16718845","0","0"
"3798","-1","-1","0","","","","","韧性是关键（10人）","","","","","","","","","","","","16712190","","","","","从杀死第一个算起，在60秒内连续击杀所有敌方英雄（10人）。","","","","","","","","","","","","16712190","15001","10","6","0","4007","","","","","","","","","","","","","","","","","16718847","1","0"
"3814","-1","-1","0","","","","","韧性是关键（25人）","","","","","","","","","","","","16712190","","","","","从杀死第一个算起，在60秒内连续击杀所有敌方英雄（25人）。","","","","","","","","","","","","16712190","15002","10","6","0","4007","","","","","","","","","","","","","","","","","16718845","1","0"
"4051","-1","-1","0","","","","","对潜行者冠军的胜利（英雄难度：冠军的试炼）","","","","","","","","","","","","16712190","","","","","战胜潜行者冠军（英雄难度：冠军的试炼）","","","","","","","","","","","","16712190","15021","0","6","1","1","","","","","","","","","","","","","","","","","16712172","0","0"
"4176","0","628","0","","","","","资源过剩","","","","","","","","","","","","16712190","","","","","在你的队伍占领采石场和油料精炼厂的情况下获取征服之岛的胜利。","","","","","","","","","","","","16712190","15003","10","6","0","3736","","","","","","","","","","","","","","","","","16712172","0","0"
"4630","-1","631","4529","","","","","血色厅堂（英雄难度10人）","","","","","","","","","","","","16712190","","","","","击败冰冠堡垒：血色厅堂的所有首领（英雄难度10人）。","","","","","","","","","","","","16712190","15041","10","6","0","4178","","","","","","","","","","","","","","","","","16712188","0","0"
"4634","-1","631","4606","","","","","血色厅堂（英雄难度25人）","","","","","","","","","","","","16712190","","","","","击败冰冠堡垒：血色厅堂的所有首领（英雄难度25人）。","","","","","","","","","","","","16712190","15042","10","6","0","4178","","","","","","","","","","","","","","","","","16712188","0","0"
"4728","-1","-1","0","","","","","杀死熔炉领主加弗斯特（英雄难度萨隆矿坑）","","","","","","","","","","","","16712190","","","","","","","","","","","","","","","","","16712188","15062","0","6","1","1","","","","","","","","","","","","","","","","","16712188","0","0"
"4729","-1","-1","0","","","","","获得凯旋纹章","","","","","","","","","","","","16712190","","","","","获得凯旋纹章","","","","","","","","","","","","16712190","130","0","6","1","1","","","","","","","","","","","","","","","","","16712188","0","0"
"12","-1","-1","11","","","","","70级","","","","","","","","","","","","16712190","","","","","升到70级。","","","","","","","","","","","","16712190","92","10","7","4","3274","","","","","","","","","","","","","","","","","16712174","0","0"
"32","-1","-1","508","","","","","完成2000个任务","","","","","","","","","","","","16712190","","","","","完成2000个任务。","","","","","","","","","","","","16712190","96","10","7","0","3415","","","","","","","","","","","","","","","","","16712174","0","0"
"37","1","-1","0","","","","","欢迎来到灰熊丘陵","","","","","","","","","","","","16712190","","","","","在灰熊丘陵完成85个任务。","","","","","","","","","","","","16712190","14863","10","7","0","3339","","","","","","","","","","","","","","","","","16712174","0","0"
"55","-1","529","0","","","","","阿拉希盆地的战斗","","","","","","","","","","","","16712190","","","","","阿拉希盆地的战斗","","","","","","","","","","","","16712190","153","0","7","1","1","","","","","","","","","","","","","","","","","16712174","0","0"
"141","-1","-1","0","","","","","救命如救火","","","","","","","","","","","","16712190","","","","","为生命值低于5%的其他玩家或者你自己包扎厚霜纹布绷带。","","","","","","","","","","","","16712190","172","10","7","0","2741","","","","","","","","","","","","","","","","","16712174","0","0"
"157","-1","529","0","","","","","雷霆救兵！","","","","","","","","","","","","16712190","","","","","在阿拉希盆地中，通过夺回旗帜保卫50次基地。","","","","","","","","","","","","16712190","14802","10","7","0","2205","","","","","","","","","","","","","","","","","16712174","0","0"
"183","-1","-1","0","","","","","通过分解获得的材料","","","","","","","","","","","","16712190","","","","","通过分解获得的材料","","","","","","","","","","","","16712190","173","0","7","1","4","","","","","","","","","","","","","","","","","16712174","0","0"
"198","-1","-1","0","","","","","施放的治疗总量","","","","","","","","","","","","16712190","","","","","施放的治疗总量","","","","","","","","","","","","16712190","141","0","7","1","4","","","","","","","","","","","","","","","","","16712174","0","0"
"212","-1","566","0","","","","","风暴旗手","","","","","","","","","","","","16712190","","","","","在风暴之眼中夺取并运回旗帜。","","","","","","","","","","","","16712190","14803","10","7","0","3391","","","","","","","","","","","","","","","","","16712174","0","0"
"225","1","30","0","","","","","毫不浪费","","","","","","","","","","","","16712190","","","","","在本阵营占领两座矿洞的情况下获得奥特兰克山谷的胜利。","","","","","","","","","","","","16712190","14801","10","7","0","3433","","","","","","","","","","","","","","","","","16712174","0","0"
"239","-1","-1","509","","","","","25000个荣誉击杀","","","","","","","","","","","","16712190","","","","","达到25000个荣誉击杀。","","","","","","","","","","","","16712190","95","10","7","0","3460","","","","","","","","","","","","","","","","","16712174","0","0"
"275","-1","-1","0","","","","","资深保姆","","","","","","","","","","","","16712190","","","","","在同一个角色上获得蛋蛋的蛋、贪睡的威利和小象项圈。","","","","","","","","","","","","16712190","163","50","7","0","2525","","","","","","","","","","","","","","","","","16712174","0","0"
"330","-1","-1","0","","","","","在拍卖行购买物品","","","","","","","","","","","","16712190","","","","","在拍卖行购买物品","","","","","","","","","","","","16712190","140","0","7","1","4","","","","","","","","","","","","","","","","","16712174","0","0"
"367","-1","-1","0","","","","","2v2比赛","","","","","","","","","","","","16712190","","","","","2v2比赛","","","","","","","","","","","","16712190","152","0","7","9","4","","","","","","","","","","","","","","","","","16712174","0","0"
"400","-1","-1","399","","","","","两人世界：1750","","","","","","","","","","","","16712190","","","","","在80级2v2竞技场战队中达到1750个人等级。","","","","","","","","","","","","16712190","165","10","7","0","3038","","","","","","","","","","","","","","","","","16712174","0","0"
"462","-1","-1","0","","","","","服务器第一！80级猎人","","","","","","","","","","","","16712190","","","","","本服务器第一个达到80级的猎人。","","","","","","","","","","","","16712190","81","0","7","256","2831","","","","","","","","","","","","","","","","","16712174","0","0"
"484","-1","604","0","","","","","古达克","","","","","","","","","","","","16712190","","","","","击败古达克的首领。","","","","","","","","","","","","16712190","14806","10","7","0","3237","","","","","","","","","","","","","","","","","16712172","0","0"
"495","-1","604","0","","","","","古达克（英雄难度）","","","","","","","","","","","","16712190","","","","","击败古达克的首领（英雄难度）。","","","","","","","","","","","","16712190","14921","10","7","0","3238","","","","","","","","","","","","","","","","","16712172","0","0"
"518","-1","-1","519","","","","","30个声望崇拜","","","","","","","","","","","","16712190","","","","","在30个势力中达到崇拜声望。","","","","","","","","","","","","16712190","201","10","7","0","3604","","","","","","","","","","","","","","","","","16712174","0","0"
"572","-1","533","0","","","","","萨菲隆之死（10人）","","","","","","","","","","","","16712190","","","","","击败纳克萨玛斯的萨菲隆（10人）。","","","","","","","","","","","","16712190","14922","10","7","0","1700","","","","","","","","","","","","","","","","","16712172","0","0"
"573","-1","533","0","","","","","萨菲隆之死（25人）","","","","","","","","","","","","16712190","","","","","击败纳克萨玛斯的萨菲隆（25人）。","","","","","","","","","","","","16712190","14923","10","7","0","1700","","","","","","","","","","","","","","","","","16712172","0","0"
"593","0","-1","0","","","","","被范达尔·雷矛杀死","","","","","","","","","","","","16712190","","","","","被范达尔·雷矛杀死","","","","","","","","","","","","16712190","124","0","7","1","1","","","","","","","","","","","","","","","","","16712174","0","0"
"635","-1","-1","0","","","","","剃刀沼泽","","","","","","","","","","","","16712190","","","","","击败卡尔加·刺肋。","","","","","","","","","","","","16712190","14808","10","7","0","3686","","","","","","","","","","","","","","","","","16712174","1","0"
"652","-1","-1","0","","","","","逃离敦霍尔德","","","","","","","","","","","","16712190","","","","","击败时空猎手。","","","","","","","","","","","","16712190","14805","10","7","0","3824","","","","","","","","","","","","","","","","","16712174","1","0"
"730","-1","-1","0","","","","","自力更生","","","","","","","","","","","","16712190","","","","","达到宗师级的钓鱼、急救和烹饪技能。","","","","","","","","","","","","16712190","169","10","7","0","1657","","","","","","","","","","","","","","","","","16712174","0","0"
"841","-1","-1","0","","","","","探索湿地","","","","","","","","","","","","16712190","","","","","探索湿地，走过世界地图中被遮住的各个角落。","","","","","","","","","","","","16712190","14777","10","7","0","3573","","","","","","","","","","","","","","","","","16712174","0","0"
"861","-1","-1","0","","","","","探索秘血岛","","","","","","","","","","","","16712190","","","","","探索秘血岛，走过世界地图中被遮住的各个角落。","","","","","","","","","","","","16712190","14778","10","7","0","3551","","","","","","","","","","","","","","","","","16712174","0","0"
"864","-1","-1","0","","","","","探索影月谷","","","","","","","","","","","","16712190","","","","","探索影月谷，走过世界地图中被遮住的各个角落。","","","","","","","","","","","","16712190","14779","10","7","0","3584","","","","","","","","","","","","","","","","","16712174","0","0"
"898","-1","-1","0","","","","","灵翼之翼","","","","","","","","","","","","16712190","","","","","在灵翼之龙阵营中达到崇拜声望。","","","","","","","","","","","","16712190","14865","10","7","0","1928","","","","","","","","","","","","","","","","","16712174","0","0"
"906","-1","-1","0","","","","","香味弥漫","","","","","","","","","","","","16712190","","","","","完成下列4个巨石洛克洛的烹饪日常任务。","","","","","","","","","","","","16712190","170","10","7","0","2923","","","","","","","","","","","","","","","","","16712174","0","0"
"922","-1","-1","0","","","","","饮用法力药水","","","","","","","","","","","","16712190","","","","","饮用法力药水","","","","","","","","","","","","16712190","145","0","7","9","1","","","","","","","","","","","","","","","","","16712174","0","0"
"926","0","-1","0","","","","","达到崇拜的部落声望","","","","","","","","","","","","16712190","","","","","达到崇拜的部落声望","","","","","","","","","","","","16712190","147","0","7","33","1","","","","","","","","","","","","","","","","","16712174","0","0"
"928","-1","-1","0","","","","","购买额外的银行栏位","","","","","","","","","","","","16712190","","","","","购买额外的银行栏位","","","","","","","","","","","","16712190","191","0","7","1","1","","","","","","","","","","","","","","","","","16712174","0","0"
"933","-1","-1","0","","","","","进入10人团队副本的次数","","","","","","","","","","","","16712190","","","","","进入10人团队副本的次数","","","","","","","","","","","","16712190","14807","0","7","1","1","","","","","","","","","","","","","","","","","16712174","0","0"
"981","-1","-1","0","","","","","闪亮的微笑","","","","","","","","","","","","16712190","","","","","使用牙签，展现你的闪亮笑容。","","","","","","","","","","","","16712190","158","10","7","0","3510","","","","","","","","","","","","","","","","","16712174","0","0"
"1008","-1","-1","0","","","","","肯瑞托","","","","","","","","","","","","16712190","","","","","在肯瑞托阵营中达到崇拜声望。","","","","","","","","","","","","16712190","14866","10","7","0","3682","","","","","","","","","","","","","","","","","16712174","0","0"
"1034","1","-1","0","","","","","艾泽拉斯的火焰","","","","","","","","","","","","16712190","","","","","完成“东部王国护焰者”、“卡利姆多护焰者”和“外域护焰者”成就。","","","","","","","","","","","","16712190","161","10","7","0","12","","","","","","","","","","","","","","","","","16712174","0","0"
"1038","1","-1","0","","","","","护焰者","","","","","","","","","","","","16712190","","","","","完成下列仲夏火焰节成就。","","","","","","","","","","","","16712190","155","20","7","0","2974","","","","","头衔奖励：护焰者","","","","","","","","","","","","16712190","0","0"
"1074","-1","556","0","","","","","杀死利爪之王艾吉斯（塞泰克大厅）","","","","","","","","","","","","16712190","","","","","杀死利爪之王艾吉斯（塞泰克大厅）","","","","","","","","","","","","16712190","14822","5","7","1","2378","","","","","","","","","","","","","","","","","16712174","0","0"
"1096","-1","229","0","","","","","杀死达基萨斯将军（黑石尖塔）","","","","","","","","","","","","16712190","","","","","杀死达基萨斯将军（黑石尖塔）","","","","","","","","","","","","16712190","14821","5","7","1","1551","","","","","","","","","","","","","","","","","16712174","0","0"
"1111","-1","-1","0","","","","","2v2竞技场荣誉杀敌","","","","","","","","","","","","16712190","","","","","2v2竞技场荣誉杀敌","","","","","","","","","","","","16712190","136","0","7","1","1","","","","","","","","","","","","","","","","","16712174","0","0"
"1192","1","-1","0","","","","","纳格兰大满贯","","","","","","","","","","","","16712190","","","","","在纳格兰完成75个任务。","","","","","","","","","","","","16712190","14862","10","7","0","3563","","","","","","","","","","","","","","","","","16712174","0","0"
"1233","-1","619","0","","","","","杀死传令官沃拉兹（安卡赫特：古代王国）","","","","","","","","","","","","16712190","","","","","杀死传令官沃拉兹（安卡赫特：古代王国）","","","","","","","","","","","","16712190","14823","5","7","1","1256","","","","","","","","","","","","","","","","","2113864174","0","0"
"1252","0","489","0","","","","","超级防守者","","","","","","","","","","","","16712190","","","","","在战歌峡谷杀死100个携带旗帜者。","","","","","","","","","","","","16712190","14804","10","7","0","3400","","","","","","","","","","","","","","","","","2113864174","0","0"
"1253","-1","-1","0","","","","","变成食尸鬼复活","","","","","","","","","","","","16712190","","","","","变成食尸鬼复活","","","","","","","","","","","","16712190","127","0","7","1","221","","","","","","","","","","","","","","","","","2130641390","0","0"
"1257","-1","-1","0","","","","","打捞者","","","","","","","","","","","","16712190","","","","","在下列漂浮残骸中各钓到一条鱼。","","","","","","","","","","","","16712190","171","10","7","0","3068","","","","","","","","","","","","","","","","","2113864174","0","0"
"1260","-1","-1","0","","","","","醉酒摔落","","","","","","","","","","","","16712190","","","","","在美酒节期间，喝得烂醉如泥，然后从65码的高度掉落下来，但是不摔死。","","","","","","","","","","","","16712190","162","10","7","0","2402","","","","","","","","","","","","","","","","","2113864174","0","0"
"1281","-1","-1","0","","","","","红色的焰火","","","","","","","","","","","","16712190","","","","","在25秒内发射10束红色烟花束。","","","","","","","","","","","","16712190","160","10","7","0","2368","","","","","","","","","","","","","","","","","2113864174","0","0"
"1289","-1","-1","0","","","","","诺森德地下城英雄","","","","","","","","","","","","16712190","","","","","完成下列诺森德英雄副本成就。","","","","","","","","","","","","16712190","168","20","7","0","857","","","","","","","","","","","","","","","","","2113864172","0","0"
"1295","-1","-1","0","","","","","打打撞撞","","","","","","","","","","","","16712190","","","","","在冬幕节期间，使用你的打架赛车获得25次胜利。","","","","","","","","","","","","16712190","156","10","7","0","2367","","","","","","","","","","","","","","","","","2113864174","0","0"
"1457","-1","-1","0","","","","","探索晶歌森林","","","","","","","","","","","","16712190","","","","","探索晶歌森林，走过世界地图中被遮住的各个角落。","","","","","","","","","","","","16712190","14780","10","7","0","3471","","","","","","","","","","","","","","","","","2080309740","0","0"
"1492","-1","-1","0","","","","","2v2竞技场击杀","","","","","","","","","","","","16712190","","","","","2v2竞技场击杀","","","","","","","","","","","","16712190","137","0","7","1","1","","","","","","","","","","","","","","","","","2080309740","0","0"
"1519","-1","-1","0","","","","","钓鱼技能","","","","","","","","","","","","16712190","","","","","钓鱼技能","","","","","","","","","","","","16712190","178","0","7","1","1","","","","","","","","","","","","","","","","","2080309740","0","0"
"1704","-1","-1","0","","","","","爱情娃娃","","","","","","","","","","","","16712190","","","","","在下列地区对爱情娃娃使用/pity命令。","","","","","","","","","","","","16712190","187","10","7","0","2339","","","","","","","","","","","","","","","","","2080309740","0","0"
"1723","-1","571","0","","","","","人仰车翻","","","","","","","","","","","","16712190","","","","","在冬拥湖使用载具或火炮杀死100名玩家。","","","","","","","","","","","","16712190","14901","10","7","136","2547","","","","","","","","","","","","","","","","","2130641388","0","0"
"1761","-1","607","0","","","","","爆破精英","","","","","","","","","","","","16712190","","","","","布署100枚爆盐炸弹，并成功摧毁一段城墙。","","","","","","","","","","","","16712190","14881","10","7","0","2565","","","","","","","","","","","","","","","","","2130641388","0","0"
"2216","-1","-1","0","","","","","最致命的《巫妖王之怒》地下城副本首领","","","","","","","","","","","","16712190","","","","","最致命的《巫妖王之怒》地下城副本首领","","","","","","","","","","","","16712190","125","0","7","17","1","","","","","","","","","","","","","","","","","2080309740","0","322"
"2419","1","-1","0","","","","","春天的悸动","","","","","","","","","","","","16712190","","","","","在下列城镇中给你的春兔宠物找到令它心仪的另一半。","","","","","","","","","","","","16712190","159","10","7","0","3202","","","","","","","","","","","","","","","","","2113864172","0","0"
"2777","1","-1","0","","","","","达纳苏斯冠军","","","","","","","","","","","","16712190","","","","","获得在银色锦标赛中代表达纳苏斯出战的资格。","","","","","","","","","","","","16712190","14941","10","7","0","3801","","","","","","","","","","","","","","","","","2080309740","0","0"
"2868","-1","603","0","","","","","杀死欧尔莉亚（10人奥杜尔）","","","","","","","","","","","","16712190","","","","","杀死欧尔莉亚（10人奥杜尔）","","","","","","","","","","","","16712190","14963","10","7","1","1700","","","","","","","","","","","","","","","","","2113864172","0","0"
"2905","-1","603","0","","","","","毫发无损（10人）","","","","","","","","","","","","16712190","","","","","第一次尝试时即成功击败烈焰巨兽，并且没有队友修理坦克（10人）。","","","","","","","","","","","","16712190","14961","10","7","0","325","","","","","","","","","","","","","","","","","2080309740","0","0"
"2906","-1","603","0","","","","","毫发无损（25人）","","","","","","","","","","","","16712190","","","","","第一次尝试时即成功击败烈焰巨兽，并且没有队友修理坦克（25人）。","","","","","","","","","","","","16712190","14962","10","7","0","325","","","","","","","","","","","","","","","","","2080309740","0","0"
"3581","0","-1","0","","","","","誓死赴宴","","","","","","","","","","","","16712190","","","","","穿着感恩者的裙子、长袍或是外衣中的任意一件，在每个敌对主城的盛宴餐桌旁坐下。","","","","","","","","","","","","16712190","14981","10","7","0","1704","","","","","","","","","","","","","","","","","16775150","0","0"
"3799","-1","-1","0","","","","","时不我待（10人）","","","","","","","","","","","","16712190","","","","","在三分钟之内击败瓦格里双子（10人）。","","","","","","","","","","","","16712190","15001","10","7","0","4005","","","","","","","","","","","","","","","","","16718847","1","0"
"3815","-1","-1","0","","","","","时不我待（25人）","","","","","","","","","","","","16712190","","","","","在三分钟之内击败瓦格里双子（25人）。","","","","","","","","","","","","16712190","15002","10","7","0","4005","","","","","","","","","","","","","","","","","16718845","1","0"
"4052","-1","-1","0","","","","","对萨满祭司冠军的胜利（普通难度：冠军的试炼）","","","","","","","","","","","","16712190","","","","","战胜萨满祭司冠军（普通难度：冠军的试炼）","","","","","","","","","","","","16712190","15021","0","7","1","1","","","","","","","","","","","","","","","","","16712172","0","0"
"4177","0","628","4176","","","","","一个也不能少","","","","","","","","","","","","16712190","","","","","在占领采石场、油料精炼厂、船坞、攻城车间和飞艇基地的情况下获得征服之岛战斗的胜利。","","","","","","","","","","","","16712190","15003","10","7","0","4016","","","","","","","","","","","","","","","","","16712172","0","0"
"4527","-1","631","0","","","","","霜翼大厅（10人）","","","","","","","","","","","","16712190","","","","","击败冰冠堡垒：霜翼大厅的所有首领（普通难度10人）。","","","","","","","","","","","","16712190","15041","10","7","0","4158","","","","","","","","","","","","","","","","","16712172","0","0"
"4607","-1","631","0","","","","","霜翼大厅（25人）","","","","","","","","","","","","16712190","","","","","击败冰冠堡垒：霜翼大厅的所有首领（普通难度25人）。","","","","","","","","","","","","16712190","15042","10","7","0","4158","","","","","","","","","","","","","","","","","16712188","0","0"
"4718","-1","-1","0","","","","","杀死伊克和科瑞克（萨隆矿坑）","","","","","","","","","","","","16712190","","","","","","","","","","","","","","","","","16712188","15062","0","7","1","1","","","","","","","","","","","","","","","","","16712188","0","0"
"4730","-1","-1","0","","","","","获得寒冰纹章","","","","","","","","","","","","16712190","","","","","获得寒冰纹章","","","","","","","","","","","","16712190","130","0","7","1","1","","","","","","","","","","","","","","","","","16712188","0","0"
"13","-1","-1","12","","","","","80级","","","","","","","","","","","","16712190","","","","","升到80级。","","","","","","","","","","","","16712190","92","10","8","4","3275","","","","","","","","","","","","","","","","","16712174","0","0"
"51","-1","529","0","","","","","阿拉希盆地胜利","","","","","","","","","","","","16712190","","","","","阿拉希盆地胜利","","","","","","","","","","","","16712190","153","0","8","1","1","","","","","","","","","","","","","","","","","16712174","0","0"
"150","-1","-1","0","","","","","钓鱼外交","","","","","","","","","","","","16712190","","","","","在奥格瑞玛和暴风城钓鱼。","","","","","","","","","","","","16712190","171","10","8","0","2737","","","","","","","","","","","","","","","","","16712174","0","0"
"161","-1","529","0","","","","","百折不挠","","","","","","","","","","","","16712190","","","","","在阿拉希盆地资源落后500点的情况下反超并获胜。","","","","","","","","","","","","16712190","14802","10","8","0","3468","","","","","","","","","","","","","","","","","16712174","1","0"
"168","-1","489","0","","","","","完美战歌峡谷","","","","","","","","","","","","16712190","","","","","以3比0的比分在战歌峡谷获胜。","","","","","","","","","","","","16712190","14804","10","8","0","3485","","","","","","","","","","","","","","","","","16712174","0","0"
"181","-1","-1","0","","","","","分解物品","","","","","","","","","","","","16712190","","","","","分解物品","","","","","","","","","","","","16712190","173","0","8","1","4","","","","","","","","","","","","","","","","","16712174","0","0"
"216","-1","566","0","","","","","荣耀之跃","","","","","","","","","","","","16712190","","","","","在一场风暴之眼的战斗中，在不死亡的情况下夺取3次旗帜。","","","","","","","","","","","","16712190","14803","10","8","0","2267","","","","","","","","","","","","","","","","","16712174","0","0"
"279","-1","-1","0","","","","","真讨厌","","","","","","","","","","","","16712190","","","","","完成夺回被偷走的烟林牧场礼物的任务，并获得烟林牧场的感谢。","","","","","","","","","","","","16712190","156","10","8","0","3190","","","","","","","","","","","","","","","","","16712174","1","0"
"295","-1","230","0","","","","","烈酒节","","","","","","","","","","","","16712190","","","","","杀死科林·烈酒。","","","","","","","","","","","","16712190","162","10","8","0","2788","","","","","","","","","","","","","","","","","16712174","0","0"
"323","-1","-1","0","","","","","在《巫妖王之怒》10人团队首领战中死亡的总次数","","","","","","","","","","","","16712190","","","","","在《巫妖王之怒》10人团队首领战中死亡的总次数","","","","","","","","","","","","16712190","125","0","8","9","4","","","","","","","","","","","","","","","","","16712174","0","0"
"331","-1","-1","0","","","","","在拍卖行购买物品的最高价格","","","","","","","","","","","","16712190","","","","","在拍卖行购买物品的最高价格","","","","","","","","","","","","16712190","140","0","8","1","4","","","","","","","","","","","","","","","","","16712174","0","0"
"366","-1","-1","0","","","","","2v2胜利","","","","","","","","","","","","16712190","","","","","2v2胜利","","","","","","","","","","","","16712190","152","0","8","9","4","","","","","","","","","","","","","","","","","16712174","0","0"
"401","-1","-1","400","","","","","两人世界：2000","","","","","","","","","","","","16712190","","","","","在80级2v2竞技场战队中达到2000个人等级。","","","","","","","","","","","","16712190","165","10","8","0","3037","","","","","","","","","","","","","","","","","16712174","0","0"
"461","-1","-1","0","","","","","服务器第一！80级死亡骑士","","","","","","","","","","","","16712190","","","","","本服务器第一个达到80级的死亡骑士。","","","","","","","","","","","","16712190","81","0","8","256","2639","","","","","","","","","","","","","","","","","16712174","0","0"
"485","-1","599","0","","","","","岩石大厅","","","","","","","","","","","","16712190","","","","","击败岩石大厅的首领。","","","","","","","","","","","","16712190","14806","10","8","0","3239","","","","","","","","","","","","","","","","","16712172","0","0"
"496","-1","599","0","","","","","岩石大厅（英雄难度）","","","","","","","","","","","","16712190","","","","","击败岩石大厅的首领（英雄难度）。","","","","","","","","","","","","16712190","14921","10","8","0","3240","","","","","","","","","","","","","","","","","16712172","0","0"
"574","-1","533","0","","","","","击败克尔苏加德（10人）","","","","","","","","","","","","16712190","","","","","击败纳克萨玛斯的克尔苏加德（10人）。","","","","","","","","","","","","16712190","14922","10","8","0","1898","","","","","","","","","","","","","","","","","16712172","0","0"
"575","-1","533","0","","","","","击败克尔苏加德（25人）","","","","","","","","","","","","16712190","","","","","击败纳克萨玛斯的克尔苏加德（25人）。","","","","","","","","","","","","16712190","14923","10","8","0","1898","","","","","","","","","","","","","","","","","16712172","0","0"
"634","-1","-1","0","","","","","诺莫瑞根","","","","","","","","","","","","16712190","","","","","击败麦克尼尔·瑟玛普拉格。","","","","","","","","","","","","16712190","14808","10","8","0","3641","","","","","","","","","","","","","","","","","16712174","1","0"
"653","-1","-1","0","","","","","塞泰克大厅","","","","","","","","","","","","16712190","","","","","击败利爪之王艾吉斯。","","","","","","","","","","","","16712190","14805","10","8","0","3631","","","","","","","","","","","","","","","","","16712174","1","0"
"769","-1","-1","0","","","","","探索银松森林","","","","","","","","","","","","16712190","","","","","探索银松森林，走过世界地图中被遮住的各个角落。","","","","","","","","","","","","16712190","14777","10","8","0","3576","","","","","","","","","","","","","","","","","16712174","0","0"
"830","-1","-1","0","","","","","受到的治疗总量","","","","","","","","","","","","16712190","","","","","受到的治疗总量","","","","","","","","","","","","16712190","141","0","8","1","1","","","","","","","","","","","","","","","","","16712174","0","0"
"845","-1","-1","0","","","","","探索灰谷","","","","","","","","","","","","16712190","","","","","探索灰谷，走过世界地图中被遮住的各个角落。","","","","","","","","","","","","16712190","14778","10","8","0","3543","","","","","","","","","","","","","","","","","16712174","0","0"
"869","-1","-1","239","","","","","50000个荣誉击杀","","","","","","","","","","","","16712190","","","","","达到50000个荣誉击杀。","","","","","","","","","","","","16712190","95","10","8","0","3461","","","","","","","","","","","","","","","","","16712174","0","0"
"899","1","-1","0","","","","","库雷尼","","","","","","","","","","","","16712190","","","","","在库雷尼阵营中达到崇拜声望。","","","","","","","","","","","","16712190","14865","15","8","0","2208","","","","","","","","","","","","","","","","","16712174","0","0"
"931","-1","-1","0","","","","","接触的阵营总量","","","","","","","","","","","","16712190","","","","","接触的阵营总量","","","","","","","","","","","","16712190","147","0","8","1","1","","","","","","","","","","","","","","","","","16712174","0","0"
"934","-1","-1","0","","","","","进入25人团队副本的次数","","","","","","","","","","","","16712190","","","","","进入25人团队副本的次数","","","","","","","","","","","","16712190","14807","0","8","1","1","","","","","","","","","","","","","","","","","16712174","0","0"
"978","-1","-1","32","","","","","完成3000个任务","","","","","","","","","","","","16712190","","","","","完成3000个任务。","","","","","","","","","","","","16712190","96","50","8","0","3414","","","","","头衔奖励：搜寻者","","","","","","","","","","","","16712190","0","0"
"1009","-1","-1","0","","","","","黑锋骑士团","","","","","","","","","","","","16712190","","","","","在黑锋骑士团阵营中达到崇拜声望。","","","","","","","","","","","","16712190","14866","10","8","0","3683","","","","","","","","","","","","","","","","","16712174","0","0"
"1014","-1","-1","518","","","","","35个声望崇拜","","","","","","","","","","","","16712190","","","","","在35个势力中达到崇拜声望。","","","","","","","","","","","","16712190","201","10","8","0","3603","","","","","","","","","","","","","","","","","16712174","0","0"
"1028","1","-1","0","","","","","东部王国灭火","","","","","","","","","","","","16712190","","","","","亵渎部落在东部王国的篝火。","","","","","","","","","","","","16712190","161","10","8","0","1920","","","","","","","","","","","","","","","","","16712174","0","0"
"1039","0","-1","0","","","","","护火者","","","","","","","","","","","","16712190","","","","","完成下列仲夏火焰节成就。","","","","","","","","","","","","16712190","155","20","8","0","2975","","","","","头衔奖励：护火者","","","","","","","","","","","","16712190","0","0"
"1040","1","-1","0","","","","","糟糕的万圣节","","","","","","","","","","","","16712190","","","","","完成哈特曼中士交予的破坏稻草人庆典和清理南海镇臭气弹的任务，把部落的万圣节搞砸。","","","","","","","","","","","","16712190","158","10","8","0","3480","","","","","","","","","","","","","","","","","16712174","0","0"
"1043","-1","-1","0","","","","","对战利品掷贪婪骰子的次数","","","","","","","","","","","","16712190","","","","","对战利品掷贪婪骰子的次数","","","","","","","","","","","","16712190","191","0","8","1","1","","","","","","","","","","","","","","","","","16712174","0","0"
"1075","-1","555","0","","","","","杀死摩摩尔（暗影迷宫）","","","","","","","","","","","","16712190","","","","","杀死摩摩尔（暗影迷宫）","","","","","","","","","","","","16712190","14822","5","8","1","2793","","","","","","","","","","","","","","","","","16712174","0","0"
"1102","-1","309","0","","","","","杀死哈卡（祖尔格拉布）","","","","","","","","","","","","16712190","","","","","杀死哈卡（祖尔格拉布）","","","","","","","","","","","","16712190","14821","5","8","1","2804","","","","","","","","","","","","","","","","","16712174","0","0"
"1110","-1","-1","0","","","","","3v3竞技场荣誉杀敌","","","","","","","","","","","","16712190","","","","","3v3竞技场荣誉杀敌","","","","","","","","","","","","16712190","136","0","8","1","1","","","","","","","","","","","","","","","","","16712174","0","0"
"1164","0","30","0","","","","","毫不浪费","","","","","","","","","","","","16712190","","","","","在本阵营占领两座矿洞的情况下获得奥特兰克山谷的胜利。","","","","","","","","","","","","16712190","14801","10","8","0","3433","","","","","","","","","","","","","","","","","16712174","0","0"
"1269","-1","-1","0","","","","","探索风暴峭壁","","","","","","","","","","","","16712190","","","","","探索风暴峭壁，走过世界地图中被遮住的各个角落。","","","","","","","","","","","","16712190","14780","10","8","0","3404","","","","","","","","","","","","","","","","","2113864174","0","0"
"1273","0","-1","0","","","","","纳格兰大满贯","","","","","","","","","","","","16712190","","","","","在纳格兰完成87个任务。","","","","","","","","","","","","16712190","14862","10","8","0","3563","","","","","","","","","","","","","","","","","2113864174","0","0"
"1291","-1","-1","0","","","","","独身一人？","","","","","","","","","","","","16712190","","","","","在情人节期间的达拉然城中参加别人的浪漫午餐会，并品尝快乐奶油。","","","","","","","","","","","","16712190","187","10","8","0","2545","","","","","","","","","","","","","","","","","2113864174","0","0"
"1301","-1","-1","0","","","","","最常使用的法力药水","","","","","","","","","","","","16712190","","","","","最常使用的法力药水","","","","","","","","","","","","16712190","145","0","8","17","1","","","","","","","","","","","","","","","","","4278125036","0","922"
"1311","-1","530","0","","","","","稀有品种","","","","","","","","","","","","16712190","","","","","杀死下列非常罕见的外域生物中的一个。","","","","","","","","","","","","16712190","14779","10","8","0","134","","","","","","","","","","","","","","","","","2113864172","1","0"
"1357","0","-1","0","","","","","欢迎来到灰熊丘陵","","","","","","","","","","","","16712190","","","","","在灰熊丘陵完成75个任务。","","","","","","","","","","","","16712190","14863","10","8","0","3339","","","","","","","","","","","","","","","","","2113864172","0","0"
"1493","-1","-1","0","","","","","3v3竞技场击杀","","","","","","","","","","","","16712190","","","","","3v3竞技场击杀","","","","","","","","","","","","16712190","137","0","8","1","1","","","","","","","","","","","","","","","","","2080309740","0","0"
"1507","-1","619","0","","","","","杀死传令官沃拉兹（英雄安卡赫特）","","","","","","","","","","","","16712190","","","","","杀死传令官沃拉兹（英雄安卡赫特）","","","","","","","","","","","","16712190","14823","5","8","1","1256","","","","","","","","","","","","","","","","","2130641388","0","0"
"1518","-1","-1","0","","","","","钓到鱼的数量","","","","","","","","","","","","16712190","","","","","钓到鱼的数量","","","","","","","","","","","","16712190","178","0","8","1","1","","","","","","","","","","","","","","","","","2080309740","0","0"
"1552","-1","-1","0","","","","","疯狂爆竹","","","","","","","","","","","","16712190","","","","","在30秒内燃放10束春节爆竹。","","","","","","","","","","","","16712190","160","10","8","0","355","","","","","","","","","","","","","","","","","2080309740","0","0"
"1727","-1","571","0","","","","","冬拥湖斜塔","","","","","","","","","","","","16712190","","","","","摧毁冬拥湖的一座哨塔。","","","","","","","","","","","","16712190","14901","10","8","0","2661","","","","","","","","","","","","","","","","","2130641388","1","0"
"1800","-1","-1","0","","","","","外域美食家","","","","","","","","","","","","16712190","","","","","烹饪下列外域美食。","","","","","","","","","","","","16712190","170","10","8","0","3162","","","","","","","","","","","","","","","","","2080309740","0","0"
"2193","-1","607","0","","","","","爆破专家","","","","","","","","","","","","16712190","","","","","在一场战斗中布署5枚爆盐炸弹，并成功损坏一段城墙。","","","","","","","","","","","","16712190","14881","10","8","0","355","","","","","","","","","","","","","","","","","2113864172","0","0"
"2497","0","-1","0","","","","","春天的悸动","","","","","","","","","","","","16712190","","","","","在下列城镇中给你的春兔宠物找到令它心仪的另一半。","","","","","","","","","","","","16712190","159","10","8","0","3202","","","","","","","","","","","","","","","","","2080309740","0","0"
"2760","1","-1","2777","","","","","尊贵的达纳苏斯冠军","","","","","","","","","","","","16712190","","","","","在达纳苏斯阵营中达到崇拜声望，并获得在银色锦标赛中代表达纳苏斯出战的资格。","","","","","","","","","","","","16712190","14941","10","8","0","3801","","","","","头衔奖励：达纳苏斯的","","","","","","","","","","","","16712190","0","0"
"2862","-1","603","0","","","","","战胜霍迪尔（10人奥杜尔）","","","","","","","","","","","","16712190","","","","","战胜霍迪尔（10人奥杜尔）","","","","","","","","","","","","16712190","14963","10","8","1","1700","","","","","","","","","","","","","","","","","2113864172","0","0"
"2907","-1","603","0","","","","","三车库（10人）","","","","","","","","","","","","16712190","","","","","分别驾驶下列种类的作战车辆击败过烈焰巨兽（10人）。","","","","","","","","","","","","16712190","14961","10","8","0","656","","","","","","","","","","","","","","","","","2080309740","0","0"
"2908","-1","603","0","","","","","三车库（25人）","","","","","","","","","","","","16712190","","","","","分别驾驶下列种类的作战车辆击败过烈焰巨兽（25人）。","","","","","","","","","","","","16712190","14962","10","8","0","656","","","","","","","","","","","","","","","","","2080309740","0","0"
"3596","1","-1","0","","","","","感恩之路","","","","","","","","","","","","16712190","","","","","完成每一个感恩节日常任务。","","","","","","","","","","","","16712190","14981","10","8","0","3966","","","","","","","","","","","","","","","","","16775150","0","0"
"3800","-1","-1","0","","","","","叛变的国王（10人）","","","","","","","","","","","","16712190","","","","","在30秒内杀死40只虫群甲虫（10人）。","","","","","","","","","","","","16712190","15001","10","8","0","4006","","","","","","","","","","","","","","","","","16718847","0","0"
"3816","-1","-1","0","","","","","叛变的国王（25人）","","","","","","","","","","","","16712190","","","","","在30秒内杀死40只虫群甲虫（25人）。","","","","","","","","","","","","16712190","15002","10","8","0","4006","","","","","","","","","","","","","","","","","16718845","0","0"
"3838","-1","-1","0","","","","","地下城与团队副本纹章","","","","","","","","","","","","16712190","","","","","拾取1枚英雄纹章、勇气纹章、征服纹章、凯旋纹章或寒冰纹章。","","","","","","","","","","","","16712190","168","10","8","8","1950","","","","","","","","","","","","","","","","","16718844","0","0"
"3847","-1","628","0","","","","","四车库","","","","","","","","","","","","16712190","","","","","在征服之岛中，控制过以下载具：","","","","","","","","","","","","16712190","15003","10","8","0","656","","","","","","","","","","","","","","","","","16718847","0","0"
"4053","-1","-1","0","","","","","对萨满祭司冠军的胜利（英雄难度：冠军的试炼）","","","","","","","","","","","","16712190","","","","","战胜萨满祭司冠军（英雄难度：冠军的试炼）","","","","","","","","","","","","16712190","15021","0","8","1","1","","","","","","","","","","","","","","","","","16712172","0","0"
"4631","-1","631","4527","","","","","霜翼大厅（英雄难度10人）","","","","","","","","","","","","16712190","","","","","击败冰冠堡垒：霜翼大厅的所有首领（英雄难度10人）。","","","","","","","","","","","","16712190","15041","10","8","0","4158","","","","","","","","","","","","","","","","","16712188","0","0"
"4635","-1","631","4607","","","","","霜翼大厅（英雄难度25人）","","","","","","","","","","","","16712190","","","","","击败冰冠堡垒：霜翼大厅的所有首领（英雄难度25人）。","","","","","","","","","","","","16712190","15042","10","8","0","4158","","","","","","","","","","","","","","","","","16712188","0","0"
"4719","-1","-1","0","","","","","杀死伊克和科瑞克（英雄难度萨隆矿坑）","","","","","","","","","","","","16712190","","","","","","","","","","","","","","","","","16712188","15062","0","8","1","1","","","","","","","","","","","","","","","","","16712188","0","0"
"36","-1","-1","0","","","","","祖达克帝国","","","","","","","","","","","","16712190","","","","","在祖达克完成100个任务。","","","","","","","","","","","","16712190","14863","10","9","0","3340","","","","","","","","","","","","","","","","","16712174","0","0"
"54","-1","566","0","","","","","风暴之眼的战斗","","","","","","","","","","","","16712190","","","","","风暴之眼的战斗","","","","","","","","","","","","16712190","153","0","9","1","1","","","","","","","","","","","","","","","","","16712174","0","0"
"103","-1","-1","0","","","","","鲜血竞技场参赛","","","","","","","","","","","","16712190","","","","","鲜血竞技场参赛","","","","","","","","","","","","16712190","152","0","9","1","4","","","","","","","","","","","","","","","","","16712174","0","0"
"156","-1","529","0","","","","","领土优势","","","","","","","","","","","","16712190","","","","","在占领全部5面旗帜的情况下获取10次阿拉希盆地的胜利。","","","","","","","","","","","","16712190","14802","10","9","0","3452","","","","","","","","","","","","","","","","","16712174","0","0"
"201","-1","489","0","","","","","战歌如风","","","","","","","","","","","","16712190","","","","","在7分钟内赢得战歌峡谷的胜利。","","","","","","","","","","","","16712190","14804","10","9","0","3389","","","","","","","","","","","","","","","","","16712174","0","0"
"226","-1","30","0","","","","","奥特兰克闪击战","","","","","","","","","","","","16712190","","","","","在6分钟内获得奥特兰克山谷的胜利。","","","","","","","","","","","","16712190","14801","20","9","0","3380","","","","","","","","","","","","","","","","","16712174","0","0"
"306","-1","-1","0","","","","","艾泽拉斯的钓鱼大师","","","","","","","","","","","","16712190","","","","","赢得藏宝海湾钓鱼大赛或卡鲁亚克钓鱼大赛的胜利。","","","","","","","","","","","","16712190","171","20","9","0","577","","","","","","","","","","","","","","","","","16712174","1","0"
"332","-1","-1","0","","","","","在拍卖行出售物品的最高价格","","","","","","","","","","","","16712190","","","","","在拍卖行出售物品的最高价格","","","","","","","","","","","","16712190","140","0","9","1","4","","","","","","","","","","","","","","","","","16712174","0","0"
"460","-1","-1","0","","","","","服务器第一！80级法师","","","","","","","","","","","","16712190","","","","","本服务器第一个达到80级的法师。","","","","","","","","","","","","16712190","81","0","9","256","2832","","","","","","","","","","","","","","","","","16712174","0","0"
"486","-1","602","0","","","","","闪电大厅","","","","","","","","","","","","16712190","","","","","击败闪电大厅的首领。","","","","","","","","","","","","16712190","14806","10","9","0","3241","","","","","","","","","","","","","","","","","16712172","0","0"
"497","-1","602","0","","","","","闪电大厅（英雄难度）","","","","","","","","","","","","16712190","","","","","击败闪电大厅的首领（英雄难度）。","","","","","","","","","","","","16712190","14921","10","9","0","3242","","","","","","","","","","","","","","","","","16712172","0","0"
"576","-1","-1","0","","","","","纳克萨玛斯的陨落（10人）","","","","","","","","","","","","16712190","","","","","击败纳克萨玛斯的所有首领（10人）。","","","","","","","","","","","","16712190","14922","25","9","0","3258","","","","","","","","","","","","","","","","","16712172","0","0"
"577","-1","-1","0","","","","","纳克萨玛斯的陨落（25人）","","","","","","","","","","","","16712190","","","","","击败纳克萨玛斯的所有首领（25人）。","","","","","","","","","","","","16712190","14923","50","9","0","3259","","","","","","","","","","","","","","","","","16712172","0","0"
"587","-1","566","0","","","","","风暴刺客","","","","","","","","","","","","16712190","","","","","在一场风暴之眼的战斗中，在每座基地获得5个荣誉击杀。","","","","","","","","","","","","16712190","14803","10","9","0","2837","","","","","","","","","","","","","","","","","16712174","0","0"
"636","-1","-1","0","","","","","剃刀高地","","","","","","","","","","","","16712190","","","","","击败寒冰之王亚门纳尔。","","","","","","","","","","","","16712190","14808","10","9","0","3655","","","","","","","","","","","","","","","","","16712174","1","0"
"654","-1","-1","0","","","","","暗影迷宫","","","","","","","","","","","","16712190","","","","","击败摩摩尔。","","","","","","","","","","","","16712190","14805","10","9","0","3825","","","","","","","","","","","","","","","","","16712174","1","0"
"705","-1","-1","0","","","","","武器大师","","","","","","","","","","","","16712190","","","","","将四种武器技能提升到400。","","","","","","","","","","","","16712190","92","25","9","0","279","","","","","","","","","","","","","","","","","16712174","4","0"
"846","-1","-1","0","","","","","探索千针石林","","","","","","","","","","","","16712190","","","","","探索千针石林，走过世界地图中被遮住的各个角落。","","","","","","","","","","","","16712190","14778","10","9","0","3580","","","","","","","","","","","","","","","","","16712174","0","0"
"858","-1","-1","0","","","","","探索幽魂之地","","","","","","","","","","","","16712190","","","","","探索幽魂之地，走过世界地图中被遮住的各个角落。","","","","","","","","","","","","16712190","14777","10","9","0","3540","","","","","","","","","","","","","","","","","16712174","0","0"
"870","-1","-1","869","","","","","100000个荣誉击杀","","","","","","","","","","","","16712190","","","","","达到100000个荣誉击杀。","","","","","","","","","","","","16712190","95","10","9","0","3453","","","","","头衔奖励：部落的/联盟的","","","","","","","","","","","","16712190","0","0"
"901","0","-1","0","","","","","德拉诺的玛格汉","","","","","","","","","","","","16712190","","","","","在玛格汉阵营中达到崇拜声望。","","","","","","","","","","","","16712190","14865","15","9","0","2208","","","","","","","","","","","","","","","","","16712174","0","0"
"937","-1","-1","0","","","","","艾露恩的祝福","","","","","","","","","","","","16712190","","","","","击败年兽并完成“艾露恩的祝福”任务。","","","","","","","","","","","","16712190","160","10","9","0","2821","","","","","","","","","","","","","","","","","16712174","0","0"
"973","-1","-1","0","","","","","完成5个日常任务","","","","","","","","","","","","16712190","","","","","完成5个日常任务。","","","","","","","","","","","","16712190","96","10","9","0","3424","","","","","","","","","","","","","","","","","16712174","0","0"
"1010","-1","-1","0","","","","","诺森德先锋","","","","","","","","","","","","16712190","","","","","在银色北伐军、龙眠联军、肯瑞托和黑锋骑士团阵营中达到崇拜声望。","","","","","","","","","","","","16712190","14866","20","9","0","2207","","","","","","","","","","","","","","","","","16712174","0","0"
"1015","-1","-1","1014","","","","","40个声望崇拜","","","","","","","","","","","","16712190","","","","","在40个势力中达到崇拜声望。","","","","","","","","","","","","16712190","201","10","9","0","3602","","","","","头衔奖励：崇高者","","","","","","","","","","","","16712190","0","0"
"1029","1","-1","0","","","","","卡利姆多灭火","","","","","","","","","","","","16712190","","","","","亵渎部落在卡利姆多的篝火。","","","","","","","","","","","","16712190","161","10","9","0","1920","","","","","","","","","","","","","","","","","16712174","0","0"
"1041","0","-1","0","","","","","糟糕的万圣节","","","","","","","","","","","","16712190","","","","","完成黑暗召唤者雅恩卡交予的在南海镇向酒桶里扔烂鸡蛋和在镇中投掷臭气弹的任务，把联盟的万圣节搞砸。","","","","","","","","","","","","16712190","158","10","9","0","3480","","","","","","","","","","","","","","","","","16712174","0","0"
"1044","-1","-1","0","","","","","对战利品掷需求骰子的次数","","","","","","","","","","","","16712190","","","","","对战利品掷需求骰子的次数","","","","","","","","","","","","16712190","191","0","9","1","1","","","","","","","","","","","","","","","","","16712174","0","0"
"1076","-1","269","0","","","","","杀死埃欧努斯（开启黑暗之门）","","","","","","","","","","","","16712190","","","","","杀死埃欧努斯（开启黑暗之门）","","","","","","","","","","","","16712190","14822","5","9","1","1699","","","","","","","","","","","","","","","","","16712174","0","0"
"1098","-1","249","0","","","","","杀死奥妮克希亚（奥妮克希亚的巢穴）","","","","","","","","","","","","16712190","","","","","杀死奥妮克希亚（奥妮克希亚的巢穴）","","","","","","","","","","","","16712190","14821","5","9","1","1548","","","","","","","","","","","","","","","","","16712174","0","0"
"1103","-1","-1","0","","","","","《巫妖王之怒》5人副本完成次数（杀死最终首领）","","","","","","","","","","","","16712190","","","","","《巫妖王之怒》5人副本完成次数（杀死最终首领）","","","","","","","","","","","","16712190","14807","0","9","9","1","","","","","","","","","","","","","","","","","16712174","0","0"
"1109","-1","-1","0","","","","","5v5竞技场荣誉杀敌","","","","","","","","","","","","16712190","","","","","5v5竞技场荣誉杀敌","","","","","","","","","","","","16712190","136","0","9","1","1","","","","","","","","","","","","","","","","","16712174","0","0"
"1159","-1","-1","401","","","","","两人世界：2200","","","","","","","","","","","","16712190","","","","","在80级2v2竞技场战队中达到2200个人等级。","","","","","","","","","","","","16712190","165","10","9","0","3036","","","","","","","","","","","","","","","","","16712174","0","0"
"1186","-1","-1","0","","","","","干掉黑铁矮人","","","","","","","","","","","","16712190","","","","","在黑铁矮人进攻时保卫美酒节营地，并完成任务“那次，我喝醉了之后……”。","","","","","","","","","","","","16712190","162","10","9","0","3072","","","","","","","","","","","","","","","","","16712174","1","0"
"1193","-1","-1","0","","","","","刀锋之山","","","","","","","","","","","","16712190","","","","","在刀锋山完成86个任务。","","","","","","","","","","","","16712190","14862","10","9","0","3549","","","","","","","","","","","","","","","","","16712174","0","0"
"1234","-1","600","0","","","","","杀死先知萨隆亚（达克萨隆要塞）","","","","","","","","","","","","16712190","","","","","杀死先知萨隆亚（达克萨隆要塞）","","","","","","","","","","","","16712190","14823","5","9","1","2912","","","","","","","","","","","","","","","","","2113864174","0","0"
"1270","-1","-1","0","","","","","探索冰冠冰川","","","","","","","","","","","","16712190","","","","","探索冰冠冰川，走过世界地图中被遮住的各个角落。","","","","","","","","","","","","16712190","14780","10","9","0","3473","","","","","","","","","","","","","","","","","2113864174","0","0"
"1302","-1","-1","0","","","","","使用不同的法力药水","","","","","","","","","","","","16712190","","","","","使用不同的法力药水","","","","","","","","","","","","16712190","145","0","9","33","1","","","","","","","","","","","","","","","","","4278125036","0","922"
"1312","-1","530","1311","","","","","罕见品种","","","","","","","","","","","","16712190","","","","","杀死下列非常罕见的外域生物。","","","","","","","","","","","","16712190","14779","25","9","0","134","","","","","","","","","","","","","","","","","2113864172","0","1311"
"1456","-1","-1","0","","","","","钓到鱼和其它东西的数量","","","","","","","","","","","","16712190","","","","","钓到鱼和其它东西的数量","","","","","","","","","","","","16712190","178","0","9","1","1","","","","","","","","","","","","","","","","","2080309740","0","0"
"1494","-1","-1","0","","","","","5v5竞技场击杀","","","","","","","","","","","","16712190","","","","","5v5竞技场击杀","","","","","","","","","","","","16712190","137","0","9","1","1","","","","","","","","","","","","","","","","","2080309740","0","0"
"1544","-1","-1","0","","","","","最高的工程学技能","","","","","","","","","","","","16712190","","","","","最高的工程学技能","","","","","","","","","","","","16712190","173","0","9","1","1","","","","","","","","","","","","","","","","","2080309740","0","0"
"1687","-1","-1","0","","","","","雪花纷飞","","","","","","","","","","","","16712190","","","","","在冬幕节期间，对下列种族/职业组合各使用一捧雪花。","","","","","","","","","","","","16712190","156","10","9","0","976","","","","","","","","","","","","","","","","","2063532524","0","0"
"1694","-1","-1","0","","","","","爱情的好运","","","","","","","","","","","","16712190","","","","","打开一件可爱的裙装盒，并获得一件可爱的黑裙子。","","","","","","","","","","","","16712190","187","10","9","0","3193","","","","","","","","","","","","","","","","","2080309740","0","0"
"1751","-1","571","0","","","","","毫无机会","","","","","","","","","","","","16712190","","","","","使用炮台杀死20名骑乘坐骑的玩家。","","","","","","","","","","","","16712190","14901","10","9","0","3434","","","","","","","","","","","","","","","","","2130641388","0","0"
"1762","1","607","0","","","","","片甲不丢","","","","","","","","","","","","16712190","","","","","在不损失任何攻城载具的情况下赢得一场远古海滩战斗的胜利。","","","","","","","","","","","","16712190","14881","10","9","0","457","","","","","","","","","","","","","","","","","2130641388","0","0"
"1777","-1","-1","0","","","","","诺森德美食家","","","","","","","","","","","","16712190","","","","","烹饪下列诺森德美食中的15种。","","","","","","","","","","","","16712190","170","10","9","0","3211","","","","","","","","","","","","","","","","","2080309740","15","0"
"2217","-1","-1","0","","","","","最致命的《巫妖王之怒》10人团队首领","","","","","","","","","","","","16712190","","","","","最致命的《巫妖王之怒》10人团队首领","","","","","","","","","","","","16712190","125","0","9","17","1","","","","","","","","","","","","","","","","","2080309740","0","323"
"2420","0","-1","0","","","","","贵族的花园","","","","","","","","","","","","16712190","","","","","在银月城中藏匿一枚鲜艳的彩蛋。","","","","","","","","","","","","16712190","159","10","9","0","3329","","","","","","","","","","","","","","","","","2113864172","0","0"
"2778","1","-1","0","","","","","埃索达冠军","","","","","","","","","","","","16712190","","","","","获得在银色锦标赛中代表埃索达出战的资格。","","","","","","","","","","","","16712190","14941","10","9","0","3796","","","","","","","","","","","","","","","","","2080309740","0","0"
"2863","-1","603","0","","","","","战胜托里姆（10人奥杜尔）","","","","","","","","","","","","16712190","","","","","战胜托里姆（10人奥杜尔）","","","","","","","","","","","","16712190","14963","10","9","1","1700","","","","","","","","","","","","","","","","","2113864172","0","0"
"2909","-1","603","0","","","","","端掉那些炮台！（10人）","","","","","","","","","","","","16712190","","","","","摧毁一座烈焰巨兽防御炮台（10人）。","","","","","","","","","","","","16712190","14961","10","9","0","3854","","","","","","","","","","","","","","","","","2080309740","0","0"
"2910","-1","603","0","","","","","端掉那些炮台！（25人）","","","","","","","","","","","","16712190","","","","","摧毁一座烈焰巨兽防御炮台（25人）。","","","","","","","","","","","","16712190","14962","10","9","0","2589","","","","","","","","","","","","","","","","","2080309740","0","0"
"3457","-1","-1","0","","","","","船长的宝藏","","","","","","","","","","","","16712190","","","","","在海盗日与恐怖船长德梅萨对饮来成为她的船员。","","","","","","","","","","","","16712190","155","10","9","0","2421","","","","","","","","","","","","","","","","","16775150","0","0"
"3597","0","-1","0","","","","","感恩之路","","","","","","","","","","","","16712190","","","","","完成每一个感恩节日常任务。","","","","","","","","","","","","16712190","14981","10","9","0","3966","","","","","","","","","","","","","","","","","16775150","0","0"
"3808","-1","-1","0","","","","","对技艺的嘉奖（10人）","","","","","","","","","","","","16712190","","","","","在大十字军的试炼中，在至少还剩25次尝试的情况下获得嘉奖宝箱（10人）。","","","","","","","","","","","","16712190","15001","10","9","0","3293","","","","","","","","","","","","","","","","","16718845","1","0"
"3817","-1","-1","0","","","","","对技艺的嘉奖（25人）","","","","","","","","","","","","16712190","","","","","在大十字军的试炼中，在至少还剩25次尝试的情况下获得嘉奖宝箱（25人）。","","","","","","","","","","","","16712190","15002","10","9","0","3293","","","","","","","","","","","","","","","","","16718845","1","0"
"3839","-1","-1","3838","","","","","25枚地下城与团队副本纹章","","","","","","","","","","","","16712190","","","","","拾取25枚英雄纹章、勇气纹章、征服纹章、凯旋纹章或寒冰纹章。","","","","","","","","","","","","16712190","168","10","9","136","1950","","","","","","","","","","","","","","","","","16718845","0","0"
"3848","-1","628","0","","","","","炸弹强人","","","","","","","","","","","","16712190","","","","","在一场征服之岛的战斗中，对敌人的大门使用5枚爆盐炸弹。","","","","","","","","","","","","16712190","15003","10","9","0","2565","","","","","","","","","","","","","","","","","16718847","0","0"
"4054","-1","-1","0","","","","","对战士冠军的胜利（普通难度：冠军的试炼）","","","","","","","","","","","","16712190","","","","","战胜战士冠军（普通难度：冠军的试炼）","","","","","","","","","","","","16712190","15021","0","9","1","1","","","","","","","","","","","","","","","","","16712172","0","0"
"4530","-1","631","0","","","","","冰封王座（10人）","","","","","","","","","","","","16712190","","","","","在冰冠堡垒中击败巫妖王（普通难度10人）。","","","","","","","","","","","","16712190","15041","10","9","0","4179","","","","","头衔奖励：弑君者","","","","","","","","","","","","16712190","0","0"
"4597","-1","631","0","","","","","冰封王座（25人）","","","","","","","","","","","","16712190","","","","","在冰冠堡垒中击败巫妖王（普通难度25人）。","","","","","","","","","","","","16712190","15042","10","9","0","4179","","","","","头衔奖励：弑君者","","","","","","","","","","","","16712190","0","0"
"4720","-1","-1","0","","","","","杀死天灾领主泰兰努斯（萨隆矿坑）","","","","","","","","","","","","16712190","","","","","","","","","","","","","","","","","16712188","15062","0","9","1","1","","","","","","","","","","","","","","","","","16712188","0","0"
"16","-1","-1","0","","","","","有人想吃一拳吗？","","","","","","","","","","","","16712190","","","","","徒手技能达到400。","","","","","","","","","","","","16712190","92","10","10","0","1997","","","","","","","","","","","","","","","","","16712174","0","0"
"39","-1","-1","0","","","","","进入盆地","","","","","","","","","","","","16712190","","","","","在索拉查盆地完成75个任务。","","","","","","","","","","","","16712190","14863","10","10","0","3341","","","","","","","","","","","","","","","","","16712174","0","0"
"50","-1","566","0","","","","","风暴之眼胜利","","","","","","","","","","","","16712190","","","","","风暴之眼胜利","","","","","","","","","","","","16712190","153","0","10","1","1","","","","","","","","","","","","","","","","","16712174","0","0"
"104","-1","-1","0","","","","","鲜血竞技场获胜","","","","","","","","","","","","16712190","","","","","鲜血竞技场获胜","","","","","","","","","","","","16712190","152","0","10","1","4","","","","","","","","","","","","","","","","","16712174","0","0"
"159","-1","529","0","","","","","一鼓作气","","","","","","","","","","","","16712190","","","","","在6分钟内获得阿拉希盆地的胜利。","","","","","","","","","","","","16712190","14802","10","10","0","3383","","","","","","","","","","","","","","","","","16712174","0","0"
"204","-1","489","0","","","","","铁人","","","","","","","","","","","","16712190","","","","","在一场战歌峡谷的战斗中，连续夺取并运回3面旗帜，并且不死亡。","","","","","","","","","","","","16712190","14804","10","10","0","3482","","","","","","","","","","","","","","","","","16712174","0","0"
"223","-1","30","0","","","","","生病的瞪羚","","","","","","","","","","","","16712190","","","","","在奥特兰克山谷的征战平原上，抢在一名敌人下马之前将其杀死。","","","","","","","","","","","","16712190","14801","10","10","0","3434","","","","","","","","","","","","","","","","","16712174","0","0"
"293","-1","571","0","","","","","不得安宁","","","","","","","","","","","","16712190","","","","","穿着3件美酒节服装，喝个烂醉如泥，在达拉然跳舞。","","","","","","","","","","","","16712190","162","10","10","0","2518","","","","","","","","","","","","","","","","","16712174","0","0"
"324","-1","-1","0","","","","","在《巫妖王之怒》25人团队首领战中死亡的总次数","","","","","","","","","","","","16712190","","","","","在《巫妖王之怒》25人团队首领战中死亡的总次数","","","","","","","","","","","","16712190","125","0","10","9","4","","","","","","","","","","","","","","","","","16712174","0","0"
"402","-1","-1","0","","","","","三人行：1550","","","","","","","","","","","","16712190","","","","","在80级3v3竞技场战队中达到1550个人等级。","","","","","","","","","","","","16712190","165","10","10","0","3050","","","","","","","","","","","","","","","","","16712174","0","0"
"459","-1","-1","0","","","","","服务器第一！80级战士","","","","","","","","","","","","16712190","","","","","本服务器第一个达到80级的战士。","","","","","","","","","","","","16712190","81","0","10","256","1462","","","","","","","","","","","","","","","","","16712174","0","0"
"487","-1","578","0","","","","","魔环","","","","","","","","","","","","16712190","","","","","击败魔环的首领。","","","","","","","","","","","","16712190","14806","10","10","0","3243","","","","","","","","","","","","","","","","","16712172","0","0"
"498","-1","578","0","","","","","魔环（英雄难度）","","","","","","","","","","","","16712190","","","","","击败魔环的首领（英雄难度）。","","","","","","","","","","","","16712190","14921","10","10","0","3244","","","","","","","","","","","","","","","","","16712172","0","0"
"578","-1","533","0","","","","","少数精锐（10人）","","","","","","","","","","","","16712190","","","","","以少于9人的阵容击败纳克萨玛斯的所有首领（10人）。","","","","","","","","","","","","16712190","14922","25","10","0","61","","","","","","","","","","","","","","","","","16712172","0","0"
"579","-1","533","0","","","","","少数精锐（25人）","","","","","","","","","","","","16712190","","","","","以少于21人的阵容击败纳克萨玛斯的所有首领（25人）。","","","","","","","","","","","","16712190","14923","50","10","0","61","","","","","","","","","","","","","","","","","16712172","0","0"
"637","-1","189","0","","","","","血色修道院","","","","","","","","","","","","16712190","","","","","击败血色修道院中的血色十字军。","","","","","","","","","","","","16712190","14808","10","10","0","2792","","","","","","","","","","","","","","","","","16712174","0","0"
"655","-1","-1","0","","","","","开启黑暗之门","","","","","","","","","","","","16712190","","","","","击败埃欧努斯。","","","","","","","","","","","","16712190","14805","10","10","0","3826","","","","","","","","","","","","","","","","","16712174","1","0"
"726","-1","-1","0","","","","","钳子先生的魔法龙虾盒","","","","","","","","","","","","16712190","","","","","找到钳子先生的魔法龙虾盒。","","","","","","","","","","","","16712190","171","10","10","0","2105","","","","","","","","","","","","","","","","","16712174","1","0"
"762","0","-1","0","","","","","部落的大使","","","","","","","","","","","","16712190","","","","","在5座主城中都达到崇拜声望。","","","","","","","","","","","","16712190","201","10","10","0","3374","","","","","头衔奖励：大使","","","","","","","","","","","","16712190","0","0"
"780","-1","-1","0","","","","","探索赤脊山","","","","","","","","","","","","16712190","","","","","探索赤脊山，走过世界地图中被遮住的各个角落。","","","","","","","","","","","","16712190","14777","10","10","0","3565","","","","","","","","","","","","","","","","","16712174","0","0"
"847","-1","-1","0","","","","","探索石爪山脉","","","","","","","","","","","","16712190","","","","","探索石爪山脉，走过世界地图中被遮住的各个角落。","","","","","","","","","","","","16712190","14778","10","10","0","3578","","","","","","","","","","","","","","","","","16712174","0","0"
"902","-1","-1","0","","","","","首席崇拜官","","","","","","","","","","","","16712190","","","","","在星界财团阵营中达到崇拜声望。","","","","","","","","","","","","16712190","14865","10","10","0","2558","","","","","","","","","","","","","","","","","16712174","0","0"
"912","-1","-1","0","","","","","东部王国的长者","","","","","","","","","","","","16712190","","","","","祭拜东部王国的长者。","","","","","","","","","","","","16712190","160","10","10","0","2218","","","","","","","","","","","","","","","","","16712174","0","0"
"921","-1","-1","0","","","","","向商人出售物品所得金币","","","","","","","","","","","","16712190","","","","","向商人出售物品所得金币","","","","","","","","","","","","16712190","140","0","10","1","1","","","","","","","","","","","","","","","","","16712174","0","0"
"923","-1","-1","0","","","","","饮用药剂","","","","","","","","","","","","16712190","","","","","饮用药剂","","","","","","","","","","","","16712190","145","0","10","9","1","","","","","","","","","","","","","","","","","16712174","0","0"
"974","-1","-1","973","","","","","完成50个日常任务","","","","","","","","","","","","16712190","","","","","完成50个日常任务。","","","","","","","","","","","","16712190","96","10","10","0","3425","","","","","","","","","","","","","","","","","16712174","0","0"
"1011","0","-1","0","","","","","北地之风","","","","","","","","","","","","16712190","","","","","在部落先遣军中达到崇拜声望。","","","","","","","","","","","","16712190","14866","20","10","0","2625","","","","","","","","","","","","","","","","","16712174","0","0"
"1030","1","-1","0","","","","","外域灭火","","","","","","","","","","","","16712190","","","","","亵渎部落在外域的篝火。","","","","","","","","","","","","16712190","161","10","10","0","1920","","","","","","","","","","","","","","","","","16712174","0","0"
"1077","-1","545","0","","","","","杀死督军卡利瑟里斯（蒸汽地窟）","","","","","","","","","","","","16712190","","","","","杀死督军卡利瑟里斯（蒸汽地窟）","","","","","","","","","","","","16712190","14822","5","10","1","1647","","","","","","","","","","","","","","","","","16712174","0","0"
"1099","-1","409","0","","","","","杀死拉格纳罗斯（熔火之心）","","","","","","","","","","","","16712190","","","","","杀死拉格纳罗斯（熔火之心）","","","","","","","","","","","","16712190","14821","5","10","1","2290","","","","","","","","","","","","","","","","","16712174","0","0"
"1104","-1","-1","0","","","","","《巫妖王之怒》10人团队副本完成次数（杀死最终首领）","","","","","","","","","","","","16712190","","","","","《巫妖王之怒》10人团队副本完成次数（杀死最终首领）","","","","","","","","","","","","16712190","14807","0","10","9","1","","","","","","","","","","","","","","","","","16712174","0","0"
"1113","-1","-1","0","","","","","奥特兰克山谷荣誉杀敌","","","","","","","","","","","","16712190","","","","","奥特兰克山谷荣誉杀敌","","","","","","","","","","","","16712190","136","0","10","1","1","","","","","","","","","","","","","","","","","16712174","0","0"
"1157","-1","-1","0","","","","","决斗赢家","","","","","","","","","","","","16712190","","","","","在与其他玩家的决斗中获胜。","","","","","","","","","","","","16712190","95","10","10","0","2023","","","","","","","","","","","","","","","","","16712174","0","0"
"1194","-1","-1","0","","","","","进入虚空","","","","","","","","","","","","16712190","","","","","在虚空风暴完成120个任务。","","","","","","","","","","","","16712190","14862","10","10","0","3564","","","","","","","","","","","","","","","","","16712174","0","0"
"1258","-1","566","0","","","","","你需要冷静一下","","","","","","","","","","","","16712190","","","","","在风暴之眼中，杀死一名获得了狂暴增效的玩家。","","","","","","","","","","","","16712190","14803","10","10","0","3423","","","","","","","","","","","","","","","","","2113864174","0","0"
"1261","-1","-1","0","","","","","侏儒美味营养糖之怒","","","","","","","","","","","","16712190","","","","","当你带有侏儒美味营养糖效果时，获得50个荣誉击杀。对于敌人来说真是太耻辱了！","","","","","","","","","","","","16712190","158","10","10","0","2006","","","","","","","","","","","","","","","","","2113864174","0","0"
"1495","-1","-1","0","","","","","奥特兰克山谷击杀","","","","","","","","","","","","16712190","","","","","奥特兰克山谷击杀","","","","","","","","","","","","16712190","137","0","10","1","1","","","","","","","","","","","","","","","","","2080309740","0","0"
"1508","-1","600","0","","","","","杀死先知萨隆亚（英雄达克萨隆要塞）","","","","","","","","","","","","16712190","","","","","杀死先知萨隆亚（英雄达克萨隆要塞）","","","","","","","","","","","","16712190","14823","5","10","1","2912","","","","","","","","","","","","","","","","","2130641388","0","0"
"1526","-1","-1","0","","","","","完成钓鱼日常任务","","","","","","","","","","","","16712190","","","","","完成钓鱼日常任务","","","","","","","","","","","","16712190","178","10","10","9","2736","","","","","","","","","","","","","","","","","2080309740","0","0"
"1683","0","-1","0","","","","","酒仙","","","","","","","","","","","","16712190","","","","","完成下列美酒节成就。","","","","","","","","","","","","16712190","155","10","10","0","3697","","","","","头衔奖励：酒仙","","","","","","","","","","","","16712190","0","0"
"1685","0","-1","0","","","","","兄弟情谊","","","","","","","","","","","","16712190","","","","","在冬幕节期间，对部落的“兄弟”使用槲寄生。","","","","","","","","","","","","16712190","156","10","10","0","1793","","","","","","","","","","","","","","","","","2080309740","0","0"
"1703","-1","-1","0","","","","","我的爱就像火红的玫瑰","","","","","","","","","","","","16712190","","","","","在情人节期间获得一束红玫瑰或一束黑玫瑰。","","","","","","","","","","","","16712190","187","10","10","0","1937","","","","","","","","","","","","","","","","","2080309740","1","0"
"1734","-1","-1","0","","","","","学习工程学结构图","","","","","","","","","","","","16712190","","","","","学习工程学结构图","","","","","","","","","","","","16712190","173","0","10","1","4","","","","","","","","","","","","","","","","","2113864172","0","0"
"1778","-1","-1","1777","","","","","诺森德美食家","","","","","","","","","","","","16712190","","","","","烹饪下列诺森德美食中的30种。","","","","","","","","","","","","16712190","170","10","10","0","3212","","","","","","","","","","","","","","","","","2130641388","30","1777"
"2080","-1","-1","0","","","","","黑色猛犸战象","","","","","","","","","","","","16712190","","","","","获得一头黑色猛犸战象。","","","","","","","","","","","","16712190","14901","10","10","0","3444","","","","","","","","","","","","","","","","","2080309740","1","0"
"2192","0","607","0","","","","","片甲不丢","","","","","","","","","","","","16712190","","","","","在不损失任何攻城载具的情况下赢得一场远古海滩战斗的胜利。","","","","","","","","","","","","16712190","14881","10","10","0","457","","","","","","","","","","","","","","","","","2113864172","0","0"
"2256","-1","-1","0","","","","","诺森德珍兽","","","","","","","","","","","","16712190","","","","","杀死下列非常罕见的诺森德生物中的一个。","","","","","","","","","","","","16712190","14780","10","10","0","3637","","","","","","","","","","","","","","","","","2130641388","1","0"
"2421","1","-1","0","","","","","贵族的花园","","","","","","","","","","","","16712190","","","","","在暴风城中藏匿一枚鲜艳的彩蛋。","","","","","","","","","","","","16712190","159","10","10","0","3329","","","","","","","","","","","","","","","","","2113864172","0","0"
"2761","1","-1","2778","","","","","尊贵的埃索达冠军","","","","","","","","","","","","16712190","","","","","在埃索达阵营中达到崇拜声望，并获得在银色锦标赛中代表埃索达出战的资格。","","","","","","","","","","","","16712190","14941","10","10","0","3796","","","","","头衔奖励：埃索达的","","","","","","","","","","","","16712190","0","0"
"2864","-1","603","0","","","","","战胜弗蕾亚（10人奥杜尔）","","","","","","","","","","","","16712190","","","","","战胜弗蕾亚（10人奥杜尔）","","","","","","","","","","","","16712190","14963","10","10","1","1700","","","","","","","","","","","","","","","","","2113864172","0","0"
"2911","-1","603","0","","","","","停机（10人）","","","","","","","","","","","","16712190","","","","","在没有造成系统关闭的情况下击败烈焰巨兽（10人）。","","","","","","","","","","","","16712190","14961","10","10","0","3504","","","","","","","","","","","","","","","","","2080309740","0","0"
"2912","-1","603","0","","","","","停机（25人）","","","","","","","","","","","","16712190","","","","","在没有造成系统关闭的情况下击败烈焰巨兽（25人）。","","","","","","","","","","","","16712190","14962","10","10","0","3504","","","","","","","","","","","","","","","","","2080309740","0","0"
"3558","-1","-1","0","","","","","分享即是关爱","","","","","","","","","","","","16712190","","","","","传递盛宴餐桌上的每一道菜。","","","","","","","","","","","","16712190","14981","10","10","0","79","","","","","","","","","","","","","","","","","16775150","0","0"
"3809","-1","-1","3808","","","","","对精湛技艺的嘉奖（10人）","","","","","","","","","","","","16712190","","","","","在大十字军的试炼中，在至少还剩45次尝试的情况下获得嘉奖宝箱（10人）。","","","","","","","","","","","","16712190","15001","10","10","0","4008","","","","","","","","","","","","","","","","","16718845","1","0"
"3818","-1","-1","3817","","","","","对精湛技艺的嘉奖（25人）","","","","","","","","","","","","16712190","","","","","在大十字军的试炼中，在至少还剩45次尝试的情况下获得嘉奖宝箱（25人）。","","","","","","","","","","","","16712190","15002","10","10","0","4008","","","","","","","","","","","","","","","","","16718845","1","0"
"3840","-1","-1","3839","","","","","50枚地下城与团队副本纹章","","","","","","","","","","","","16712190","","","","","拾取50枚英雄纹章、勇气纹章、征服纹章、凯旋纹章或寒冰纹章。","","","","","","","","","","","","16712190","168","10","10","136","1950","","","","","","","","","","","","","","","","","16718846","0","0"
"3849","-1","628","0","","","","","炸弹狂人","","","","","","","","","","","","16712190","","","","","在一场征服之岛的战斗中，对敌人的大门使用5枚巨型爆盐炸弹。","","","","","","","","","","","","16712190","15003","10","10","0","1755","","","","","","","","","","","","","","","","","16718847","0","0"
"4055","-1","-1","0","","","","","对战士冠军的胜利（英雄难度：冠军的试炼）","","","","","","","","","","","","16712190","","","","","战胜战士冠军（英雄难度：冠军的试炼）","","","","","","","","","","","","16712190","15021","0","10","1","1","","","","","","","","","","","","","","","","","16712172","0","0"
"4583","-1","631","4530","","","","","冰河踏破者","","","","","","","","","","","","16712190","","","","","在冰冠堡垒中击败巫妖王（英雄难度10人）。","","","","","","","","","","","","16712190","15041","10","10","0","4148","","","","","头衔奖励：堕落君王的克星","","","","","","","","","","","","16712190","0","0"
"4584","-1","631","4597","","","","","黎明之光","","","","","","","","","","","","16712190","","","","","在冰冠堡垒中击败巫妖王（英雄难度25人）。","","","","","","","","","","","","16712190","15042","10","10","0","2821","","","","","头衔奖励：黎明之光","","","","","","","","","","","","16712190","0","0"
"4721","-1","-1","0","","","","","杀死天灾领主泰兰努斯（英雄难度萨隆矿坑）","","","","","","","","","","","","16712190","","","","","","","","","","","","","","","","","16712188","15062","0","10","1","1","","","","","","","","","","","","","","","","","16712188","0","0"
"4778","-1","-1","0","","","","","对战利品掷分解骰子的次数","","","","","","","","","","","","16712190","","","","","对战利品掷分解骰子的次数","","","","","","","","","","","","16712190","191","0","10","1","1","","","","","","","","","","","","","","","","","16712188","0","0"
"38","-1","-1","0","","","","","风暴峭壁之巅","","","","","","","","","","","","16712190","","","","","在风暴峭壁完成100个任务。","","","","","","","","","","","","16712190","14863","10","11","0","3405","","","","","","","","","","","","","","","","","16712174","0","0"
"162","-1","529","0","","","","","完胜！*咳*","","","","","","","","","","","","16712190","","","","","在阿拉希盆地以1600比1590获胜。","","","","","","","","","","","","16712190","14802","10","11","0","1876","","","","","","","","","","","","","","","","","16712190","0","0"
"220","1","30","0","","","","","完美雷矛","","","","","","","","","","","","16712190","","","","","在不损失任何一名上尉或任何一座哨塔、同时还控制着所有部落哨塔的情况下获得奥特兰克山谷的胜利。","","","","","","","","","","","","16712190","14801","20","11","0","2897","","","","","","","","","","","","","","","","","16712174","0","0"
"233","-1","566","0","","","","","嗜血的狂暴者","","","","","","","","","","","","16712190","","","","","在风暴之眼的战斗中，携带狂暴效果并杀死一名敌人。","","","","","","","","","","","","16712190","14803","10","11","0","38","","","","","","","","","","","","","","","","","16712174","0","0"
"245","-1","-1","0","","","","","职业杀手","","","","","","","","","","","","16712190","","","","","亲手对下列职业中的一种进行荣誉击杀。","","","","","","","","","","","","16712190","95","10","11","0","244","","","","","","","","","","","","","","","","","16712174","0","0"
"291","-1","-1","0","","","","","摸摸你的头","","","","","","","","","","","","16712190","","","","","对下列各种族使用沉重的南瓜灯。","","","","","","","","","","","","16712190","158","10","11","0","2528","","","","","","","","","","","","","","","","","16712174","0","0"
"303","-1","-1","0","","","","","带酒上路","","","","","","","","","","","","16712190","","","","","获得一头美酒节坐骑，或使用美酒节蛇麻草把你的坐骑变成一头美酒节坐骑。","","","","","","","","","","","","16712190","162","10","11","0","354","","","","","","","","","","","","","","","","","16712174","1","0"
"403","-1","-1","402","","","","","三人行：1750","","","","","","","","","","","","16712190","","","","","在80级3v3竞技场战队中达到1750个人等级。","","","","","","","","","","","","16712190","165","10","11","0","3049","","","","","","","","","","","","","","","","","16712174","0","0"
"458","-1","-1","0","","","","","服务器第一！80级潜行者","","","","","","","","","","","","16712190","","","","","本服务器第一个达到80级的潜行者。","","","","","","","","","","","","16712190","81","0","11","256","1834","","","","","","","","","","","","","","","","","16712174","0","0"
"488","-1","575","0","","","","","乌特加德之巅","","","","","","","","","","","","16712190","","","","","击败乌特加德之巅的首领。","","","","","","","","","","","","16712190","14806","10","11","0","3245","","","","","","","","","","","","","","","","","16712172","0","0"
"499","-1","575","0","","","","","乌特加德之巅（英雄难度）","","","","","","","","","","","","16712190","","","","","击败乌特加德之巅的首领（英雄难度）。","","","","","","","","","","","","16712190","14921","10","11","0","3246","","","","","","","","","","","","","","","","","16712172","0","0"
"546","-1","-1","0","","","","","安全仓库","","","","","","","","","","","","16712190","","","","","购买7个额外的银行栏位。","","","","","","","","","","","","16712190","92","10","11","0","2492","","","","","","","","","","","","","","","","","16712174","0","0"
"638","-1","-1","0","","","","","奥达曼","","","","","","","","","","","","16712190","","","","","击败阿扎达斯。","","","","","","","","","","","","16712190","14808","10","11","0","3656","","","","","","","","","","","","","","","","","16712174","1","0"
"656","-1","-1","0","","","","","蒸汽地窟","","","","","","","","","","","","16712190","","","","","击败督军卡利瑟里斯。","","","","","","","","","","","","16712190","14805","10","11","0","3657","","","","","","","","","","","","","","","","","16712174","1","0"
"712","0","-1","0","","","","","战歌氏族","","","","","","","","","","","","16712190","","","","","在战歌氏族阵营中达到崇拜声望。","","","","","","","","","","","","16712190","14804","10","11","0","282","","","","","","","","","","","","","","","","","16712174","0","0"
"778","-1","-1","0","","","","","探索暮色森林","","","","","","","","","","","","16712190","","","","","探索暮色森林，走过世界地图中被遮住的各个角落。","","","","","","","","","","","","16712190","14777","10","11","0","3533","","","","","","","","","","","","","","","","","16712174","0","0"
"848","-1","-1","0","","","","","探索凄凉之地","","","","","","","","","","","","16712190","","","","","探索凄凉之地，走过世界地图中被遮住的各个角落。","","","","","","","","","","","","16712190","14778","10","11","0","3530","","","","","","","","","","","","","","","","","16712174","0","0"
"878","-1","-1","0","","","","","没跑掉的鱼","","","","","","","","","","","","16712190","","","","","抓住下列稀有鱼类中的一条。","","","","","","","","","","","","16712190","171","10","11","0","2918","","","","","","","","","","","","","","","","","16712174","1","0"
"900","-1","-1","0","","","","","孢子村之友","","","","","","","","","","","","16712190","","","","","在孢子村阵营中达到崇拜声望。","","","","","","","","","","","","16712190","14865","15","11","0","2920","","","","","","","","","","","","","","","","","16712174","0","0"
"911","-1","-1","0","","","","","卡利姆多的长者","","","","","","","","","","","","16712190","","","","","祭拜卡利姆多的长者。","","","","","","","","","","","","16712190","160","10","11","0","2218","","","","","","","","","","","","","","","","","16712174","0","0"
"948","1","-1","0","","","","","联盟的大使","","","","","","","","","","","","16712190","","","","","在5座主城中都达到崇拜声望。","","","","","","","","","","","","16712190","201","10","11","0","3375","","","","","头衔奖励：大使","","","","","","","","","","","","16712190","0","0"
"975","-1","-1","974","","","","","完成200个日常任务","","","","","","","","","","","","16712190","","","","","完成200个日常任务。","","","","","","","","","","","","16712190","96","10","11","0","3426","","","","","","","","","","","","","","","","","16712174","0","0"
"1012","1","-1","0","","","","","北地之风","","","","","","","","","","","","16712190","","","","","在联盟先遣军中达到崇拜声望。","","","","","","","","","","","","16712190","14866","20","11","0","2413","","","","","","","","","","","","","","","","","16712174","0","0"
"1035","1","-1","0","","","","","亵渎部落","","","","","","","","","","","","16712190","","","","","完成“东部王国灭火”、“卡利姆多灭火”和“外域灭火”成就。","","","","","","","","","","","","16712190","161","10","11","0","1920","","","","","","","","","","","","","","","","","16712174","0","0"
"1078","-1","540","0","","","","","杀死酋长卡加斯·刃拳（破碎大厅）","","","","","","","","","","","","16712190","","","","","杀死酋长卡加斯·刃拳（破碎大厅）","","","","","","","","","","","","16712190","14822","5","11","1","1962","","","","","","","","","","","","","","","","","16712174","0","0"
"1100","-1","469","0","","","","","杀死奈法利安（黑翼之巢）","","","","","","","","","","","","16712190","","","","","杀死奈法利安（黑翼之巢）","","","","","","","","","","","","16712190","14821","5","11","1","1699","","","","","","","","","","","","","","","","","16712174","0","0"
"1114","-1","-1","0","","","","","阿拉希盆地荣誉杀敌","","","","","","","","","","","","16712190","","","","","阿拉希盆地荣誉杀敌","","","","","","","","","","","","16712190","136","0","11","1","1","","","","","","","","","","","","","","","","","16712174","0","0"
"1146","-1","-1","0","","","","","花费在旅行上的金币","","","","","","","","","","","","16712190","","","","","花费在旅行上的金币","","","","","","","","","","","","16712190","140","0","11","1","1","","","","","","","","","","","","","","","","","16712174","0","0"
"1195","-1","-1","0","","","","","背叛者之影","","","","","","","","","","","","16712190","","","","","在影月谷完成90个任务。","","","","","","","","","","","","16712190","14862","10","11","0","3584","","","","","","","","","","","","","","","","","16712174","0","0"
"1235","-1","608","0","","","","","杀死塞安妮苟萨（紫罗兰监狱）","","","","","","","","","","","","16712190","","","","","杀死塞安妮苟萨（紫罗兰监狱）","","","","","","","","","","","","16712190","14823","5","11","1","1955","","","","","","","","","","","","","","","","","2113864174","0","0"
"1303","-1","-1","0","","","","","最常饮用的药剂","","","","","","","","","","","","16712190","","","","","最常饮用的药剂","","","","","","","","","","","","16712190","145","0","11","17","1","","","","","","","","","","","","","","","","","4278125036","0","923"
"1496","-1","-1","0","","","","","阿拉希盆地击杀","","","","","","","","","","","","16712190","","","","","阿拉希盆地击杀","","","","","","","","","","","","16712190","137","0","11","1","1","","","","","","","","","","","","","","","","","2080309740","0","0"
"1538","-1","-1","0","","","","","最高的采药技能","","","","","","","","","","","","16712190","","","","","最高的采药技能","","","","","","","","","","","","16712190","173","0","11","1","1","","","","","","","","","","","","","","","","","2080309740","0","0"
"1547","-1","-1","0","","","","","达拉然下水道参赛","","","","","","","","","","","","16712190","","","","","达拉然下水道参赛","","","","","","","","","","","","16712190","152","0","11","1","4","","","","","","","","","","","","","","","","","2080309740","0","0"
"1549","-1","607","0","","","","","远古海滩的战斗","","","","","","","","","","","","16712190","","","","","","","","","","","","","","","","","16775166","153","0","11","1","1","","","","","","","","","","","","","","","","","2080309742","0","0"
"1684","1","-1","0","","","","","酒仙","","","","","","","","","","","","16712190","","","","","完成下列美酒节成就。","","","","","","","","","","","","16712190","155","10","11","0","3697","","","","","头衔奖励：酒仙","","","","","","","","","","","","16712190","0","0"
"1686","1","-1","0","","","","","兄弟情谊","","","","","","","","","","","","16712190","","","","","在冬幕节期间，对联盟的“兄弟”使用槲寄生。","","","","","","","","","","","","16712190","156","10","11","0","1793","","","","","","","","","","","","","","","","","2080309740","0","0"
"1697","1","-1","0","","","","","爱慕之国","","","","","","","","","","","","16712190","","","","","在每个联盟的主城中完成可爱的情人符手镯日常任务。","","","","","","","","","","","","16712190","187","10","11","0","3192","","","","","","","","","","","","","","","","","2063532524","0","0"
"1763","-1","607","0","","","","","炮台精英","","","","","","","","","","","","16712190","","","","","使用炮台摧毁100辆载具。","","","","","","","","","","","","16712190","14881","10","11","0","2244","","","","","","","","","","","","","","","","","2130641388","0","0"
"1768","-1","-1","0","","","","","《巫妖王之怒》25人团队副本完成次数（杀死最终首领）","","","","","","","","","","","","16712190","","","","","《巫妖王之怒》25人团队副本完成次数（杀死最终首领）","","","","","","","","","","","","16712190","14807","0","11","9","1","","","","","","","","","","","","","","","","","2113864172","0","0"
"1779","-1","-1","1778","","","","","诺森德美食家","","","","","","","","","","","","16712190","","","","","烹饪下列诺森德美食中的45种。","","","","","","","","","","","","16712190","170","10","11","0","3213","","","","","","","","","","","","","","","","","2130641388","45","1777"
"1858","-1","533","0","","","","","蜘蛛克星（10人）","","","","","","","","","","","","16712190","","","","","在杀死阿努布雷坎之后的20分钟内杀死纳克萨玛斯的迈克斯纳（10人）。","","","","","","","","","","","","16712190","14922","10","11","0","3515","","","","","","","","","","","","","","","","","2080309740","0","0"
"1859","-1","533","0","","","","","蜘蛛克星（25人）","","","","","","","","","","","","16712190","","","","","在杀死阿努布雷坎之后的20分钟内杀死纳克萨玛斯的迈克斯纳（25人）。","","","","","","","","","","","","16712190","14923","10","11","0","3515","","","","","","","","","","","","","","","","","2080309740","0","0"
"2085","-1","-1","0","","","","","50块岩石守卫者的碎片","","","","","","","","","","","","16712190","","","","","获得50块岩石守卫者的碎片。","","","","","","","","","","","","16712190","14901","10","11","0","3448","","","","","","","","","","","","","","","","","2113864172","0","0"
"2218","-1","-1","0","","","","","最致命的《巫妖王之怒》25人团队首领","","","","","","","","","","","","16712190","","","","","最致命的《巫妖王之怒》25人团队首领","","","","","","","","","","","","16712190","125","0","11","17","1","","","","","","","","","","","","","","","","","2080309740","0","324"
"2257","-1","-1","2256","","","","","霜害","","","","","","","","","","","","16712190","","","","","杀死下列非常罕见的诺森德生物。","","","","","","","","","","","","16712190","14780","25","11","0","3638","","","","","","","","","","","","","","","","","2130641388","0","2256"
"2422","-1","-1","0","","","","","摇摇你的兔耳朵","","","","","","","","","","","","16712190","","","","","使用春季花朵，为不低于18级的女性戴上兔耳朵。","","","","","","","","","","","","16712190","159","10","11","0","1216","","","","","","","","","","","","","","","","","2113864172","0","0"
"2779","1","-1","0","","","","","诺莫瑞根冠军","","","","","","","","","","","","16712190","","","","","获得在银色锦标赛中代表诺莫瑞根流亡者出战的资格。","","","","","","","","","","","","16712190","14941","10","11","0","3799","","","","","","","","","","","","","","","","","2080309740","0","0"
"2865","-1","603","0","","","","","战胜米米尔隆（10人奥杜尔）","","","","","","","","","","","","16712190","","","","","战胜米米尔隆（10人奥杜尔）","","","","","","","","","","","","16712190","14963","10","11","1","1700","","","","","","","","","","","","","","","","","2113864172","0","0"
"2913","-1","603","0","","","","","轨道炮击（10人）","","","","","","","","","","","","16712190","","","","","在至少1个轨道防御系统被激活的情况下击败烈焰巨兽（10人）。","","","","","","","","","","","","16712190","14961","10","11","0","554","","","","","","","","","","","","","","","","","2080309740","0","0"
"2918","-1","603","0","","","","","轨道炮击（25人）","","","","","","","","","","","","16712190","","","","","在1个轨道防御系统被激活的情况下击败烈焰巨兽（25人）。","","","","","","","","","","","","16712190","14962","10","11","0","554","","","","","","","","","","","","","","","","","2080309740","0","0"
"3582","-1","-1","0","","","","","泰罗卡的火鸡盛宴","","","","","","","","","","","","16712190","","","","","在戴着感恩者礼帽，穿着感恩者的裙子、长袍或是外衣中的任意一件时，击败利爪之王艾吉斯。","","","","","","","","","","","","16712190","14981","10","11","0","3631","","","","","","","","","","","","","","","","","16775150","0","0"
"3810","-1","-1","3809","","","","","对疯狂的嘉奖（10人）","","","","","","","","","","","","16712190","","","","","在大十字军的试炼中，在还剩50次尝试的情况下获得嘉奖宝箱（10人）。","","","","","","","","","","","","16712190","15001","10","11","0","3916","","","","","","","","","","","","","","","","","16718845","0","0"
"3819","-1","-1","3818","","","","","对疯狂的嘉奖（25人）","","","","","","","","","","","","16712190","","","","","在大十字军的试炼中，在还剩50次尝试的情况下获得嘉奖宝箱（25人）。","","","","","","","","","","","","16712190","15002","10","11","0","3916","","","","","","","","","","","","","","","","","16718845","0","0"
"3841","-1","-1","3840","","","","","100枚地下城与团队副本纹章","","","","","","","","","","","","16712190","","","","","拾取100枚英雄纹章、勇气纹章、征服纹章、凯旋纹章或寒冰纹章。","","","","","","","","","","","","16712190","168","10","11","136","1950","","","","","","","","","","","","","","","","","16718847","0","0"
"3850","-1","628","0","","","","","炮平四海","","","","","","","","","","","","16712190","","","","","在征服之岛中，使用炮台摧毁10辆载具并轰杀100名玩家。","","","","","","","","","","","","16712190","15003","10","11","0","3435","","","","","","","","","","","","","","","","","16718847","0","0"
"4022","-1","-1","0","","","","","对银色神官帕尔崔丝的胜利（普通难度：冠军的试炼）","","","","","","","","","","","","16712190","","","","","战胜银色神官帕尔崔丝（普通难度：冠军的试炼）","","","","","","","","","","","","16712190","15021","0","11","1","1","","","","","","","","","","","","","","","","","16712172","0","0"
"4532","-1","-1","0","","","","","巫妖王的陨落（10人）","","","","","","","","","","","","16712190","","","","","击败冰冠堡垒的所有首领（普通难度10人）。","","","","","","","","","","","","16712190","15041","25","11","0","4157","","","","","","","","","","","","","","","","","16712188","0","0"
"4608","-1","-1","0","","","","","巫妖王的陨落（25人）","","","","","","","","","","","","16712190","","","","","击败冰冠堡垒的所有首领（普通难度25人）。","","","","","","","","","","","","16712190","15042","25","11","0","4157","","","","","","","","","","","","","","","","","16712188","0","0"
"4722","-1","-1","0","","","","","杀死法瑞克（映像大厅）","","","","","","","","","","","","16712190","","","","","","","","","","","","","","","","","16712188","15062","0","11","1","1","","","","","","","","","","","","","","","","","16712188","0","0"
"40","-1","-1","0","","","","","冰冠冰川：终极目标","","","","","","","","","","","","16712190","","","","","在冰冠冰川完成140个任务。","","","","","","","","","","","","16712190","14863","10","12","0","3474","","","","","","","","","","","","","","","","","16712174","0","0"
"211","-1","566","0","","","","","风暴的荣耀","","","","","","","","","","","","16712190","","","","","当你的队伍占领风暴之眼的4座基地时，夺取旗帜并将其运回基地。","","","","","","","","","","","","16712190","14803","10","12","0","3508","","","","","","","","","","","","","","","","","16712174","0","0"
"246","1","-1","0","","","","","知己知彼","","","","","","","","","","","","16712190","","","","","亲手对五个不同种族的成员进行荣誉击杀。","","","","","","","","","","","","16712190","95","10","12","0","245","","","","","","","","","","","","","","","","","16712174","0","0"
"283","-1","-1","0","","","","","化妆舞会","","","","","","","","","","","","16712190","","","","","被下列万圣节魔棒变形。","","","","","","","","","","","","16712190","158","10","12","0","3513","","","","","","","","","","","","","","","","","16712174","0","0"
"405","-1","-1","403","","","","","三人行：2000","","","","","","","","","","","","16712190","","","","","在80级3v3竞技场战队中达到2000个人等级。","","","","","","","","","","","","16712190","165","10","12","0","3048","","","","","","","","","","","","","","","","","16712174","0","0"
"479","-1","595","0","","","","","净化斯坦索姆","","","","","","","","","","","","16712190","","","","","击败时光之穴：斯坦索姆的首领。","","","","","","","","","","","","16712190","14806","10","12","0","3248","","","","","","","","","","","","","","","","","16712172","0","0"
"500","-1","595","0","","","","","净化斯坦索姆（英雄难度）","","","","","","","","","","","","16712190","","","","","击败时光之穴：斯坦索姆的首领（英雄难度）。","","","","","","","","","","","","16712190","14921","10","12","0","3249","","","","","","","","","","","","","","","","","16712172","0","0"
"639","-1","209","0","","","","","祖尔法拉克","","","","","","","","","","","","16712190","","","","","击败乌克兹·沙顶。","","","","","","","","","","","","16712190","14808","10","12","0","3687","","","","","","","","","","","","","","","","","16712174","0","0"
"657","-1","-1","0","","","","","破碎大厅","","","","","","","","","","","","16712190","","","","","击败酋长卡加斯·刃拳。","","","","","","","","","","","","16712190","14805","10","12","0","3827","","","","","","","","","","","","","","","","","16712174","1","0"
"710","0","-1","0","","","","","污染者","","","","","","","","","","","","16712190","","","","","在污染者阵营中达到崇拜声望。","","","","","","","","","","","","16712190","14802","10","12","0","2847","","","","","","","","","","","","","","","","","16712174","0","0"
"713","1","-1","0","","","","","银翼哨兵","","","","","","","","","","","","16712190","","","","","在银翼要塞阵营中达到崇拜声望。","","","","","","","","","","","","16712190","14804","10","12","0","131","","","","","","","","","","","","","","","","","16712174","0","0"
"752","-1","-1","0","","","","","在纳克萨玛斯中的总死亡次数","","","","","","","","","","","","16712190","","","","","在纳克萨玛斯中的总死亡次数","","","","","","","","","","","","16712190","125","0","12","1","1","","","","","","","","","","","","","","","","","16712174","0","0"
"772","-1","-1","0","","","","","探索希尔斯布莱德丘陵","","","","","","","","","","","","16712190","","","","","探索希尔斯布莱德丘陵，走过世界地图中被遮住的各个角落。","","","","","","","","","","","","16712190","14777","10","12","0","3555","","","","","","","","","","","","","","","","","16712174","0","0"
"850","-1","-1","0","","","","","探索尘泥沼泽","","","","","","","","","","","","16712190","","","","","探索尘泥沼泽，走过世界地图中被遮住的各个角落。","","","","","","","","","","","","16712190","14778","10","12","0","3534","","","","","","","","","","","","","","","","","16712174","0","0"
"873","0","30","0","","","","","完美霜狼","","","","","","","","","","","","16712190","","","","","在不损失任何一名上尉或任何一座哨塔的情况下获得奥特兰克山谷的胜利。","","","","","","","","","","","","16712190","14801","20","12","0","2898","","","","","","","","","","","","","","","","","16712174","0","0"
"903","-1","-1","0","","","","","分裂的沙塔斯","","","","","","","","","","","","16712190","","","","","在占星者阵营或奥尔多阵营中达到崇拜声望。","","","","","","","","","","","","16712190","14865","10","12","0","2174","","","","","","","","","","","","","","","","","16712174","1","0"
"942","1","-1","0","","","","","外交家","","","","","","","","","","","","16712190","","","","","将你在木喉要塞、孢子村和库雷尼势力中的声望从冷淡提升到崇拜。","","","","","","","","","","","","16712190","201","25","12","0","2737","","","","","头衔奖励：外交家","","","","","","","","","","","","16712190","0","0"
"976","-1","-1","975","","","","","完成500个日常任务","","","","","","","","","","","","16712190","","","","","完成500个日常任务。","","","","","","","","","","","","16712190","96","10","12","0","3427","","","","","","","","","","","","","","","","","16712174","0","0"
"1025","0","-1","0","","","","","东部王国护火者","","","","","","","","","","","","16712190","","","","","祭拜东部王国的火焰。","","","","","","","","","","","","16712190","161","10","12","0","1923","","","","","","","","","","","","","","","","","16712174","0","0"
"1079","-1","554","0","","","","","杀死计算者帕萨雷恩（能源舰）","","","","","","","","","","","","16712190","","","","","杀死计算者帕萨雷恩（能源舰）","","","","","","","","","","","","16712190","14822","5","12","1","2529","","","","","","","","","","","","","","","","","16712174","0","0"
"1101","-1","531","0","","","","","杀死克苏恩（安其拉神殿）","","","","","","","","","","","","16712190","","","","","杀死克苏恩（安其拉神殿）","","","","","","","","","","","","16712190","14821","5","12","1","1826","","","","","","","","","","","","","","","","","16712174","0","0"
"1115","-1","-1","0","","","","","战歌峡谷荣誉杀敌","","","","","","","","","","","","16712190","","","","","战歌峡谷荣誉杀敌","","","","","","","","","","","","16712190","136","0","12","1","1","","","","","","","","","","","","","","","","","16712174","0","0"
"1147","-1","-1","0","","","","","花费在理发店中的金币","","","","","","","","","","","","16712190","","","","","花费在理发店中的金币","","","","","","","","","","","","16712190","140","0","12","1","1","","","","","","","","","","","","","","","","","16712174","0","0"
"1176","-1","-1","0","","","","","积少成多","","","","","","","","","","","","16712190","","","","","拾取100金币。","","","","","","","","","","","","16712190","92","10","12","0","2992","","","","","","","","","","","","","","","","","16712174","0","0"
"1275","-1","-1","0","","","","","炸翻天","","","","","","","","","","","","16712190","","","","","在不组队的情况下，2分钟15秒内完成“轰炸斯克提斯”任务。","","","","","","","","","","","","16712190","14862","10","12","0","2505","","","","","","","","","","","","","","","","","2113864174","0","0"
"1304","-1","-1","0","","","","","饮用不同的药剂","","","","","","","","","","","","16712190","","","","","饮用不同的药剂","","","","","","","","","","","","16712190","145","0","12","33","1","","","","","","","","","","","","","","","","","4278125036","0","923"
"1396","-1","571","0","","","","","诺森德的长者","","","","","","","","","","","","16712190","","","","","祭拜诺森德的长者。","","","","","","","","","","","","16712190","160","10","12","0","2218","","","","","","","","","","","","","","","","","2113864172","0","0"
"1404","-1","-1","0","","","","","服务器第一！80级侏儒","","","","","","","","","","","","16712190","","","","","本服务器第一个达到80级的侏儒。","","","","","","","","","","","","16712190","81","0","12","256","3283","","","","","","","","","","","","","","","","","16712174","0","0"
"1467","-1","-1","0","","","","","巫妖王 - 杀死5人地下城首领的次数","","","","","","","","","","","","16712190","","","","","巫妖王 - 杀死5人地下城首领的次数","","","","","","","","","","","","16712190","14807","10","12","9","2813","","","","","","","","","","","","","","","","","2080309740","0","0"
"1497","-1","-1","0","","","","","战歌峡谷击杀","","","","","","","","","","","","16712190","","","","","战歌峡谷击杀","","","","","","","","","","","","16712190","137","0","12","1","1","","","","","","","","","","","","","","","","","2080309740","0","0"
"1509","-1","608","0","","","","","杀死塞安妮苟萨（英雄紫罗兰监狱）","","","","","","","","","","","","16712190","","","","","杀死塞安妮苟萨（英雄紫罗兰监狱）","","","","","","","","","","","","16712190","14823","5","12","1","1955","","","","","","","","","","","","","","","","","2130641388","0","0"
"1539","-1","-1","0","","","","","最高的铭文技能","","","","","","","","","","","","16712190","","","","","最高的铭文技能","","","","","","","","","","","","16712190","173","0","12","1","1","","","","","","","","","","","","","","","","","2080309740","0","0"
"1548","-1","-1","0","","","","","达拉然下水道获胜","","","","","","","","","","","","16712190","","","","","达拉然下水道获胜","","","","","","","","","","","","16712190","152","0","12","1","4","","","","","","","","","","","","","","","","","2080309740","0","0"
"1550","-1","607","0","","","","","远古海滩胜利","","","","","","","","","","","","16712190","","","","","","","","","","","","","","","","","16775166","153","0","12","1","1","","","","","","","","","","","","","","","","","2080309742","0","0"
"1656","1","-1","0","","","","","神圣之名","","","","","","","","","","","","16712190","","","","","完成下列万圣节成就。","","","","","","","","","","","","16712190","155","10","12","0","3514","","","","","头衔奖励：神圣的","","","","","","","","","","","","16712190","0","0"
"1688","-1","-1","0","","","","","冬幕节美食家","","","","","","","","","","","","16712190","","","","","在冬幕节期间，运用你的烹饪技巧制作一份小姜饼、一份蛋奶酒和一份热苹果酒。","","","","","","","","","","","","16712190","156","10","12","0","3191","","","","","","","","","","","","","","","","","2080309740","0","0"
"1698","0","-1","0","","","","","爱慕之国","","","","","","","","","","","","16712190","","","","","在每个部落的主城中完成可爱的情人符手镯日常任务。","","","","","","","","","","","","16712190","187","10","12","0","3192","","","","","","","","","","","","","","","","","2063532524","0","0"
"1836","-1","-1","0","","","","","老滑头","","","","","","","","","","","","16712190","","","","","钓起奥格瑞玛的老滑头。","","","","","","","","","","","","16712190","171","10","12","0","2918","","","","","","","","","","","","","","","","","2113864172","1","0"
"1856","-1","533","0","","","","","帕奇维克陪你玩（10人）","","","","","","","","","","","","16712190","","","","","在3分钟内杀死纳克萨玛斯的帕奇维克（10人）。","","","","","","","","","","","","16712190","14922","10","12","0","313","","","","","","","","","","","","","","","","","2130641388","0","0"
"1857","-1","533","0","","","","","帕奇维克陪你玩（25人）","","","","","","","","","","","","16712190","","","","","在3分钟内杀死纳克萨玛斯的帕奇维克（25人）。","","","","","","","","","","","","16712190","14923","10","12","0","97","","","","","","","","","","","","","","","","","2080309740","0","0"
"1998","-1","-1","0","","","","","达拉然烹饪奖牌","","","","","","","","","","","","16712190","","","","","获得一块达拉然烹饪奖牌。","","","","","","","","","","","","16712190","170","10","12","0","2468","","","","","","","","","","","","","","","","","2130641388","0","0"
"2082","-1","-1","0","","","","","冰雪猛犸象","","","","","","","","","","","","16712190","","","","","获得一头冰雪猛犸象。","","","","","","","","","","","","16712190","14866","10","12","0","3446","","","","","","","","","","","","","","","","","2080309740","1","0"
"2086","-1","-1","2085","","","","","100块岩石守卫者的碎片","","","","","","","","","","","","16712190","","","","","获得100块岩石守卫者的碎片。","","","","","","","","","","","","16712190","14901","10","12","0","3448","","","","","","","","","","","","","","","","","2113864172","0","0"
"2189","-1","607","0","","","","","炮台专家","","","","","","","","","","","","16712190","","","","","在一场战斗中使用炮台摧毁5辆载具。","","","","","","","","","","","","16712190","14881","10","12","0","1617","","","","","","","","","","","","","","","","","2130641388","0","0"
"2436","-1","-1","0","","","","","沙漠玫瑰","","","","","","","","","","","","16712190","","","","","使用春季长袍，在下列沙漠地区种植花朵。","","","","","","","","","","","","16712190","159","10","12","0","3060","","","","","","","","","","","","","","","","","2080309740","0","0"
"2762","1","-1","2779","","","","","尊贵的诺莫瑞根冠军","","","","","","","","","","","","16712190","","","","","在诺莫瑞根流亡者阵营中达到崇拜声望，并获得在银色锦标赛中代表诺莫瑞根流亡者出战的资格。","","","","","","","","","","","","16712190","14941","10","12","0","3799","","","","","头衔奖励：诺莫瑞根的","","","","","","","","","","","","16712190","0","0"
"2866","-1","603","0","","","","","杀死维扎克斯将军（10人奥杜尔）","","","","","","","","","","","","16712190","","","","","杀死维扎克斯将军（10人奥杜尔）","","","","","","","","","","","","16712190","14963","10","12","1","1700","","","","","","","","","","","","","","","","","2113864172","0","0"
"2914","-1","603","2913","","","","","轨道破坏（10人）","","","","","","","","","","","","16712190","","","","","在至少2个轨道防御系统被激活的情况下击败烈焰巨兽（10人）。","","","","","","","","","","","","16712190","14961","10","12","0","287","","","","","","","","","","","","","","","","","2080309740","0","0"
"2916","-1","603","2918","","","","","轨道破坏（25人）","","","","","","","","","","","","16712190","","","","","在2个轨道防御系统被激活的情况下击败烈焰巨兽（25人）。","","","","","","","","","","","","16712190","14962","10","12","0","287","","","","","","","","","","","","","","","","","2080309740","0","0"
"3578","-1","-1","0","","","","","火鸡终结者","","","","","","","","","","","","16712190","","","","","尽快猎杀足够的野生火鸡来获得对火鸡的全面胜利。","","","","","","","","","","","","16712190","14981","10","12","0","2221","","","","","","","","","","","","","","","","","16775150","0","0"
"3842","-1","-1","3841","","","","","250枚地下城与团队副本纹章","","","","","","","","","","","","16712190","","","","","拾取250枚英雄纹章、勇气纹章、征服纹章、凯旋纹章或寒冰纹章。","","","","","","","","","","","","16712190","168","10","12","136","1950","","","","","","","","","","","","","","","","","16718844","0","0"
"3852","-1","628","0","","","","","剪蓝线……别剪红线！","","","","","","","","","","","","16712190","","","","","在征服之岛中，拆除25颗炸弹。","","","","","","","","","","","","16712190","15003","10","12","0","355","","","","","","","","","","","","","","","","","16718847","0","0"
"4023","-1","-1","0","","","","","对银色神官帕尔崔丝的胜利（英雄难度：冠军的试炼）","","","","","","","","","","","","16712190","","","","","战胜银色神官帕尔崔丝（英雄难度：冠军的试炼）","","","","","","","","","","","","16712190","15021","0","12","1","1","","","","","","","","","","","","","","","","","16712172","0","0"
"4080","-1","-1","3810","","","","","对极度疯狂的嘉奖","","","","","","","","","","","","16712190","","","","","达到“成就：对疯狂的嘉奖”的所有要求，并且所有团队成员不得使用过任何一件只能在本副本25人版本中获得的物品，或任何更高级物品。","","","","","","","","","","","","16712190","15001","10","12","0","3805","","","","","头衔奖励：银色护卫者","","","","","","","","","","","","16712190","0","0"
"4636","-1","-1","4532","","","","","巫妖王的陨落（英雄难度10人）","","","","","","","","","","","","16712190","","","","","击败冰冠堡垒的所有首领（英雄难度10人）。","","","","","","","","","","","","16712190","15041","25","12","0","4157","","","","","","","","","","","","","","","","","16712188","0","0"
"4637","-1","-1","4608","","","","","巫妖王的陨落（英雄难度25人）","","","","","","","","","","","","16712190","","","","","击败冰冠堡垒的所有首领（英雄难度25人）。","","","","","","","","","","","","16712190","15042","25","12","0","4157","","","","","","","","","","","","","","","","","16712188","0","0"
"4723","-1","-1","0","","","","","杀死法瑞克（英雄难度映像大厅）","","","","","","","","","","","","16712190","","","","","","","","","","","","","","","","","16712188","15062","0","12","5","1","","","","","","","","","","","","","","","","","16712188","0","0"
"52","-1","489","0","","","","","战歌峡谷的战斗","","","","","","","","","","","","16712190","","","","","战歌峡谷的战斗","","","","","","","","","","","","16712190","153","0","13","1","1","","","","","","","","","","","","","","","","","16712174","0","0"
"101","-1","-1","0","","","","","试炼竞技场参赛","","","","","","","","","","","","16712190","","","","","试炼竞技场参赛","","","","","","","","","","","","16712190","152","0","13","1","4","","","","","","","","","","","","","","","","","16712174","0","0"
"292","-1","-1","0","","","","","邪恶的召唤","","","","","","","","","","","","16712190","","","","","获得一只邪恶的南瓜娃娃宠物和一顶万圣节头盔。","","","","","","","","","","","","16712190","158","10","13","0","3511","","","","","","","","","","","","","","","","","16712174","0","0"
"561","-1","-1","0","","","","","仁德会拥护者","","","","","","","","","","","","16712190","","","","","通过完成包括“刺杀哈罗德·兰恩”在内的一系列任务，用行动支持仁德会的理念。","","","","","","","","","","","","16712190","14863","10","13","0","3476","","","","","","","","","","","","","","","","","16712174","0","0"
"582","-1","30","0","","","","","奥特兰克山谷的全能明星","","","","","","","","","","","","16712190","","","","","在一场奥特兰克山谷的战斗中，突袭一座墓地，保卫一座墓地，突袭一座哨塔，保卫一座哨塔，并且在征战平原上杀掉一名敌方成员。","","","","","","","","","","","","16712190","14801","20","13","0","2268","","","","","","","","","","","","","","","","","16712174","0","0"
"640","-1","-1","0","","","","","玛拉顿","","","","","","","","","","","","16712190","","","","","击败瑟莱德丝公主。","","","","","","","","","","","","16712190","14808","10","13","0","3689","","","","","","","","","","","","","","","","","16712174","1","0"
"658","-1","-1","0","","","","","能源舰","","","","","","","","","","","","16712190","","","","","击败计算者帕萨雷恩。","","","","","","","","","","","","16712190","14805","10","13","0","3688","","","","","","","","","","","","","","","","","16712174","1","0"
"711","1","-1","0","","","","","阿拉索的骑士","","","","","","","","","","","","16712190","","","","","在阿拉索联军阵营中达到崇拜声望。","","","","","","","","","","","","16712190","14802","10","13","0","1934","","","","","","","","","","","","","","","","","16712174","0","0"
"782","-1","-1","0","","","","","探索悲伤沼泽","","","","","","","","","","","","16712190","","","","","探索悲伤沼泽，走过世界地图中被遮住的各个角落。","","","","","","","","","","","","16712190","14777","10","13","0","3569","","","","","","","","","","","","","","","","","16712174","0","0"
"811","-1","-1","0","","","","","饮用合剂","","","","","","","","","","","","16712190","","","","","饮用合剂","","","","","","","","","","","","16712190","145","0","13","9","1","","","","","","","","","","","","","","","","","16712174","0","0"
"849","-1","-1","0","","","","","探索菲拉斯","","","","","","","","","","","","16712190","","","","","探索菲拉斯，走过世界地图中被遮住的各个角落。","","","","","","","","","","","","16712190","14778","10","13","0","3539","","","","","","","","","","","","","","","","","16712174","0","0"
"910","-1","-1","0","","","","","地下城中的长者","","","","","","","","","","","","16712190","","","","","祭拜地下城中的长者。","","","","","","","","","","","","16712190","160","10","13","0","2218","","","","","","","","","","","","","","","","","16712174","0","0"
"943","0","-1","0","","","","","外交家","","","","","","","","","","","","16712190","","","","","将你在木喉要塞、孢子村和玛格汉势力中的声望从冷淡提升到崇拜。","","","","","","","","","","","","16712190","201","25","13","0","2737","","","","","头衔奖励：外交家","","","","","","","","","","","","16712190","0","0"
"958","-1","-1","0","","","","","死誓者的誓言","","","","","","","","","","","","16712190","","","","","在灰舌死誓者阵营中达到崇拜声望。","","","","","","","","","","","","16712190","14865","10","13","0","3696","","","","","","","","","","","","","","","","","16712174","0","0"
"977","-1","-1","976","","","","","完成1000个日常任务","","","","","","","","","","","","16712190","","","","","完成1000个日常任务。","","","","","","","","","","","","16712190","96","10","13","0","3428","","","","","","","","","","","","","","","","","16712174","0","0"
"1005","0","-1","0","","","","","知己知彼","","","","","","","","","","","","16712190","","","","","对五个种族的敌人分别进行一次荣誉击杀。","","","","","","","","","","","","16712190","95","10","13","0","245","","","","","","","","","","","","","","","","","16712174","0","0"
"1026","0","-1","0","","","","","卡利姆多护火者","","","","","","","","","","","","16712190","","","","","祭拜卡利姆多的火焰。","","","","","","","","","","","","16712190","161","10","13","0","1923","","","","","","","","","","","","","","","","","16712174","0","0"
"1080","-1","553","0","","","","","杀死迁跃扭木（生态船）","","","","","","","","","","","","16712190","","","","","杀死迁跃扭木（生态船）","","","","","","","","","","","","16712190","14822","5","13","1","2794","","","","","","","","","","","","","","","","","16712174","0","0"
"1112","-1","-1","0","","","","","风暴之眼荣誉杀敌","","","","","","","","","","","","16712190","","","","","风暴之眼荣誉杀敌","","","","","","","","","","","","16712190","136","0","13","1","1","","","","","","","","","","","","","","","","","16712174","0","0"
"1148","-1","-1","0","","","","","花费在邮寄信件上的金币","","","","","","","","","","","","16712190","","","","","花费在邮寄信件上的金币","","","","","","","","","","","","16712190","140","0","13","1","1","","","","","","","","","","","","","","","","","16712174","0","0"
"1160","-1","-1","405","","","","","三人行：2200","","","","","","","","","","","","16712190","","","","","在80级3v3竞技场战队中达到2200个人等级。","","","","","","","","","","","","16712190","165","10","13","0","3047","","","","","","","","","","","","","","","","","16712174","0","0"
"1171","-1","-1","0","","","","","风暴之眼主宰","","","","","","","","","","","","16712190","","","","","完成下列风暴之眼成就。","","","","","","","","","","","","16712190","14803","25","13","0","1931","","","","","","","","","","","","","","","","","16712174","0","0"
"1177","-1","-1","1176","","","","","积少成多","","","","","","","","","","","","16712190","","","","","拾取1000金币。","","","","","","","","","","","","16712190","92","10","13","0","2802","","","","","","","","","","","","","","","","","16712174","0","0"
"1236","-1","604","0","","","","","杀死迦尔达拉（古达克）","","","","","","","","","","","","16712190","","","","","杀死迦尔达拉（古达克）","","","","","","","","","","","","16712190","14823","5","13","1","2914","","","","","","","","","","","","","","","","","2113864174","0","0"
"1259","-1","489","0","","","","","不是很快","","","","","","","","","","","","16712190","","","","","在战歌峡谷中，杀死一名获得了加速增效的玩家。","","","","","","","","","","","","16712190","14804","10","13","0","517","","","","","","","","","","","","","","","","","2113864174","0","0"
"1276","-1","-1","0","","","","","刀锋山炸弹人","","","","","","","","","","","","16712190","","","","","在不组队的情况下，2分钟15秒内完成“继续轰炸！”任务。","","","","","","","","","","","","16712190","14862","10","13","0","1696","","","","","","","","","","","","","","","","","2113864174","0","0"
"1405","-1","-1","0","","","","","服务器第一！80级血精灵","","","","","","","","","","","","16712190","","","","","本服务器第一个达到80级的血精灵。","","","","","","","","","","","","16712190","81","0","13","256","3323","","","","","","","","","","","","","","","","","16712174","0","0"
"1485","-1","-1","0","","","","","巫妖王 - 杀死不同的5人地下城首领的总数","","","","","","","","","","","","16712190","","","","","巫妖王 - 杀死不同的5人地下城首领的总数","","","","","","","","","","","","16712190","14807","0","13","33","1","","","","","","","","","","","","","","","","","2080309740","0","1467"
"1498","-1","-1","0","","","","","风暴之眼击杀","","","","","","","","","","","","16712190","","","","","风暴之眼击杀","","","","","","","","","","","","16712190","137","0","13","1","1","","","","","","","","","","","","","","","","","2080309740","0","0"
"1657","0","-1","0","","","","","神圣之名","","","","","","","","","","","","16712190","","","","","完成下列万圣节成就。","","","","","","","","","","","","16712190","155","10","13","0","3514","","","","","头衔奖励：神圣的","","","","","","","","","","","","16712190","0","0"
"1689","-1","-1","0","","","","","他知道你是不是乖孩子","","","","","","","","","","","","16712190","","","","","在冬幕节期间，打开树下的一件礼物。","","","","","","","","","","","","16712190","156","10","13","0","1859","","","","","","","","","","","","","","","","","2063532524","1","0"
"1700","-1","-1","0","","","","","匹德菲特恒久远","","","","","","","","","","","","16712190","","","","","通过制造一支真银箭头获得永久性的小匹德菲特宠物。","","","","","","","","","","","","16712190","187","10","13","0","288","","","","","","","","","","","","","","","","","2063532524","1","0"
"1735","-1","-1","0","","","","","学习铭文","","","","","","","","","","","","16712190","","","","","学习铭文","","","","","","","","","","","","16712190","173","0","13","1","4","","","","","","","","","","","","","","","","","2113864172","0","0"
"1764","-1","607","0","","","","","扔掉它！","","","","","","","","","","","","16712190","","","","","杀死100名携带爆盐炸弹的玩家。","","","","","","","","","","","","16712190","14881","10","13","0","454","","","","","","","","","","","","","","","","","2130641388","0","0"
"1837","-1","-1","0","","","","","老铁腭","","","","","","","","","","","","16712190","","","","","钓起铁炉堡的老铁腭。","","","","","","","","","","","","16712190","171","10","13","0","1881","","","","","","","","","","","","","","","","","2113864172","1","0"
"1996","-1","533","0","","","","","安全舞蹈（10人）","","","","","","","","","","","","16712190","","","","","在团队中无一人死亡的情况下，击败纳克萨玛斯的肮脏的希尔盖（10人）。","","","","","","","","","","","","16712190","14922","10","13","0","2116","","","","","","","","","","","","","","","","","2130641388","0","0"
"1999","-1","-1","1998","","","","","10块达拉然烹饪奖牌","","","","","","","","","","","","16712190","","","","","获得10块达拉然烹饪奖牌。","","","","","","","","","","","","16712190","170","10","13","0","2468","","","","","","","","","","","","","","","","","2130641388","0","0"
"2083","-1","-1","0","","","","","重型冰雪猛犸象","","","","","","","","","","","","16712190","","","","","获得一头重型冰雪猛犸象。","","","","","","","","","","","","16712190","14866","10","13","0","3446","","","","","","","","","","","","","","","","","2080309740","1","0"
"2087","-1","-1","2086","","","","","250块岩石守卫者的碎片","","","","","","","","","","","","16712190","","","","","获得250块岩石守卫者的碎片。","","","","","","","","","","","","16712190","14901","10","13","0","3448","","","","","","","","","","","","","","","","","2113864172","0","0"
"2139","-1","533","0","","","","","安全舞蹈（25人）","","","","","","","","","","","","16712190","","","","","在团队中无一人死亡的情况下，击败纳克萨玛斯的肮脏的希尔盖（25人）。","","","","","","","","","","","","16712190","14923","10","13","0","2116","","","","","","","","","","","","","","","","","2063532524","0","0"
"2576","-1","-1","0","","","","","羞怯的新娘","","","","","","","","","","","","16712190","","","","","穿着白色礼服衬衣和黑色礼服短裤，亲吻一个穿着端庄的裙子的人。","","","","","","","","","","","","16712190","159","10","13","0","694","","","","","","","","","","","","","","","","","2080309740","0","0"
"2780","1","-1","0","","","","","铁炉堡冠军","","","","","","","","","","","","16712190","","","","","获得在银色锦标赛中代表铁炉堡出战的资格。","","","","","","","","","","","","16712190","14941","10","13","0","3797","","","","","","","","","","","","","","","","","2080309740","0","0"
"2869","-1","603","0","","","","","杀死尤格-萨隆（10人奥杜尔）","","","","","","","","","","","","16712190","","","","","杀死尤格-萨隆（10人奥杜尔）","","","","","","","","","","","","16712190","14963","10","13","1","1700","","","","","","","","","","","","","","","","","2113864172","0","0"
"2915","-1","603","2914","","","","","轨道轰炸（10人）","","","","","","","","","","","","16712190","","","","","在至少3个轨道防御系统被激活的情况下击败烈焰巨兽（10人）。","","","","","","","","","","","","16712190","14961","10","13","0","3850","","","","","","","","","","","","","","","","","2080309740","0","0"
"2917","-1","603","2916","","","","","轨道轰炸（25人）","","","","","","","","","","","","16712190","","","","","在3个轨道防御系统被激活的情况下击败烈焰巨兽（25人）。","","","","","","","","","","","","16712190","14962","10","13","0","3850","","","","","","","","","","","","","","","","","2080309740","0","0"
"3516","-1","-1","0","","","","","在奥杜尔中的总死亡次数","","","","","","","","","","","","16712190","","","","","在奥杜尔中的总死亡次数","","","","","","","","","","","","16712190","125","0","13","1","1","","","","","","","","","","","","","","","","","16775150","0","0"
"3559","-1","-1","0","","","","","火鸡捉贼者","","","","","","","","","","","","16712190","","","","","用你的火鸡枪轰杀那些鬼鬼祟祟的潜行者。","","","","","","","","","","","","16712190","14981","10","13","0","3589","","","","","","","","","","","","","","","","","16775150","0","0"
"3778","0","650","0","","","","","勇士的选拔","","","","","","","","","","","","16712190","","","","","击败冠军的试炼中的所有首领","","","","","","","","","","","","16712190","14806","10","13","0","370","","","","","","","","","","","","","","","","","16718846","0","0"
"3843","-1","-1","3842","","","","","500枚地下城与团队副本纹章","","","","","","","","","","","","16712190","","","","","拾取500枚英雄纹章、勇气纹章、征服纹章、凯旋纹章或寒冰纹章。","","","","","","","","","","","","16712190","168","10","13","136","1950","","","","","","","","","","","","","","","","","16718845","0","0"
"3853","-1","628","0","","","","","无处不在","","","","","","","","","","","","16712190","","","","","在一场征服之岛的战斗中，在下列地点各击杀一名玩家：","","","","","","","","","","","","16712190","15003","10","13","0","4017","","","","","","","","","","","","","","","","","16718844","0","0"
"4024","-1","-1","0","","","","","对纯洁者耶德瑞克的胜利（普通难度：冠军的试炼）","","","","","","","","","","","","16712190","","","","","战胜纯洁者耶德瑞克（普通难度：冠军的试炼）","","","","","","","","","","","","16712190","15021","0","13","1","1","","","","","","","","","","","","","","","","","16712172","0","0"
"4297","0","650","0","","","","","冠军的试炼（英雄难度）","","","","","","","","","","","","16712190","","","","","在冠军的试炼中击败所有首领（英雄难度）。","","","","","","","","","","","","16712190","14921","10","13","0","370","","","","","","","","","","","","","","","","","16712172","0","0"
"4534","-1","631","0","","","","","白骨贯体（10人）","","","","","","","","","","","","16712190","","","","","在任何团队成员都没有带有超过8秒的穿刺效果的情况下，击败玛洛加尔领主（10人）。","","","","","","","","","","","","16712190","15041","10","13","0","4159","","","","","","","","","","","","","","","","","16712188","1","0"
"4610","-1","631","0","","","","","白骨贯体（25人）","","","","","","","","","","","","16712190","","","","","在任何团队成员都没有带有超过8秒的穿刺效果的情况下，击败玛洛加尔领主（25人）。","","","","","","","","","","","","16712190","15042","10","13","0","4159","","","","","","","","","","","","","","","","","16712188","1","0"
"4724","-1","-1","0","","","","","杀死玛维恩（映像大厅）","","","","","","","","","","","","16712190","","","","","","","","","","","","","","","","","16712188","15062","0","13","1","1","","","","","","","","","","","","","","","","","16712188","0","0"
"31","-1","-1","0","","","","","简单日常任务","","","","","","","","","","","","16712190","","","","","连续5天，每天完成一个日常任务。","","","","","","","","","","","","16712190","96","10","14","0","3481","","","","","","","","","","","","","","","","","16712174","0","0"
"100","-1","-1","0","","","","","试炼竞技场获胜","","","","","","","","","","","","16712190","","","","","试炼竞技场获胜","","","","","","","","","","","","16712190","152","0","14","1","4","","","","","","","","","","","","","","","","","16712174","0","0"
"105","-1","-1","0","","","","","战歌峡谷胜利","","","","","","","","","","","","16712190","","","","","战歌峡谷胜利","","","","","","","","","","","","16712190","153","0","14","1","4","","","","","","","","","","","","","","","","","16712174","0","0"
"110","-1","-1","0","","","","","巫妖王 - 最常杀死的5人地下城首领","","","","","","","","","","","","16712190","","","","","巫妖王 - 最常杀死的5人地下城首领","","","","","","","","","","","","16712190","14807","0","14","17","4","","","","","","","","","","","","","","","","","16712174","0","1467"
"203","1","489","0","","","","","我的地盘，我说了算","","","","","","","","","","","","16712190","","","","","在一场战歌峡谷的战斗中，在敌方的夺旗者走出银翼军旗室之前将其杀死，总计2次。","","","","","","","","","","","","16712190","14804","10","14","0","3583","","","","","","","","","","","","","","","","","16712174","0","0"
"247","-1","-1","0","","","","","要有爱，不要魔兽争霸","","","","","","","","","","","","16712190","","","","","在敌方玩家释放灵魂之前，对他们使用/hug表情命令。","","","","","","","","","","","","16712190","95","10","14","0","1853","","","","","","","","","","","","","","","","","16712174","0","0"
"406","-1","-1","0","","","","","五子登科：1550","","","","","","","","","","","","16712190","","","","","在80级5v5竞技场战队中达到1550个人等级。","","","","","","","","","","","","16712190","165","10","14","0","3046","","","","","","","","","","","","","","","","","16712174","0","0"
"547","-1","-1","0","","","","","天谴之门的精英","","","","","","","","","","","","16712190","","","","","完成包括“返回安加萨”在内的龙骨荒野系列任务。","","","","","","","","","","","","16712190","14863","10","14","0","3475","","","","","","","","","","","","","","","","","16712174","1","0"
"560","-1","-1","0","","","","","致命垂钓","","","","","","","","","","","","16712190","","","","","使用臭泥鱼诱饵钓起祖尔格拉布的加兹兰卡。","","","","","","","","","","","","16712190","171","10","14","0","1751","","","","","","","","","","","","","","","","","16712174","0","0"
"583","-1","529","0","","","","","阿拉希盆地全能明星","","","","","","","","","","","","16712190","","","","","在一场阿拉希盆地的战斗中，突袭并防守两座基地。","","","","","","","","","","","","16712190","14802","20","14","0","2729","","","","","","","","","","","","","","","","","16712174","0","0"
"641","-1","-1","0","","","","","沉没的神庙","","","","","","","","","","","","16712190","","","","","击败伊兰尼库斯的阴影。","","","","","","","","","","","","16712190","14808","10","14","0","3690","","","","","","","","","","","","","","","","","16712174","1","0"
"659","-1","-1","0","","","","","生态船","","","","","","","","","","","","16712190","","","","","击败迁跃扭木。","","","","","","","","","","","","16712190","14805","10","14","0","3642","","","","","","","","","","","","","","","","","16712174","1","0"
"706","0","-1","0","","","","","霜狼嗥叫者","","","","","","","","","","","","16712190","","","","","获得一头霜狼嗥叫者。","","","","","","","","","","","","16712190","14801","10","14","0","2826","","","","","","","","","","","","","","","","","16712174","0","0"
"765","-1","-1","0","","","","","探索荒芜之地","","","","","","","","","","","","16712190","","","","","探索荒芜之地，走过世界地图中被遮住的各个角落。","","","","","","","","","","","","16712190","14777","10","14","0","3546","","","","","","","","","","","","","","","","","16712174","0","0"
"851","-1","-1","0","","","","","探索塔纳利斯","","","","","","","","","","","","16712190","","","","","探索塔纳利斯，走过世界地图中被遮住的各个角落。","","","","","","","","","","","","16712190","14778","10","14","0","3577","","","","","","","","","","","","","","","","","16712174","0","0"
"914","-1","-1","0","","","","","部落的长者","","","","","","","","","","","","16712190","","","","","祭拜部落主城中的长者。","","","","","","","","","","","","16712190","160","10","14","0","2218","","","","","","","","","","","","","","","","","16712174","0","0"
"945","-1","-1","0","","","","","银色勇士","","","","","","","","","","","","16712190","","","","","在银色黎明和银色北伐军阵营中达到崇拜声望。","","","","","","","","","","","","16712190","201","25","14","0","2139","","","","","头衔奖励：银色勇士","","","","","","","","","","","","16712190","0","0"
"959","-1","-1","0","","","","","流沙之鳞","","","","","","","","","","","","16712190","","","","","在流沙之鳞阵营中达到崇拜声望。","","","","","","","","","","","","16712190","14865","10","14","0","2937","","","","","","","","","","","","","","","","","16712174","0","0"
"965","0","-1","0","","","","","卡利姆多的糖果","","","","","","","","","","","","16712190","","","","","找到卡利姆多的糖罐。","","","","","","","","","","","","16712190","158","10","14","0","3509","","","","","","","","","","","","","","","","","16712174","0","0"
"1027","0","530","0","","","","","外域护火者","","","","","","","","","","","","16712190","","","","","祭拜外域的火焰。","","","","","","","","","","","","16712190","161","10","14","0","1923","","","","","","","","","","","","","","","","","16712174","0","0"
"1081","-1","552","0","","","","","杀死预言者斯克瑞斯（禁魔监狱）","","","","","","","","","","","","16712190","","","","","杀死预言者斯克瑞斯（禁魔监狱）","","","","","","","","","","","","16712190","14822","5","14","1","2313","","","","","","","","","","","","","","","","","16712174","0","0"
"1150","-1","-1","0","","","","","花费在修改天赋上的金币","","","","","","","","","","","","16712190","","","","","花费在修改天赋上的金币","","","","","","","","","","","","16712190","140","0","14","1","1","","","","","","","","","","","","","","","","","16712174","0","0"
"1178","-1","-1","1177","","","","","积少成多","","","","","","","","","","","","16712190","","","","","拾取5000金币。","","","","","","","","","","","","16712190","92","10","14","0","2994","","","","","","","","","","","","","","","","","16712174","0","0"
"1262","1","-1","0","","","","","外域的博学者","","","","","","","","","","","","16712190","","","","","完成下列外域任务成就。","","","","","","","","","","","","16712190","14862","10","14","0","3492","","","","","","","","","","","","","","","","","2130641390","0","0"
"1305","-1","-1","0","","","","","最常饮用的合剂","","","","","","","","","","","","16712190","","","","","最常饮用的合剂","","","","","","","","","","","","16712190","145","0","14","17","1","","","","","","","","","","","","","","","","","4278125036","0","811"
"1406","-1","-1","0","","","","","服务器第一！80级德莱尼","","","","","","","","","","","","16712190","","","","","本服务器第一个达到80级的德莱尼。","","","","","","","","","","","","16712190","81","0","14","256","3324","","","","","","","","","","","","","","","","","16712174","0","0"
"1486","-1","-1","0","","","","","远古海滩荣誉杀敌","","","","","","","","","","","","16712190","","","","","远古海滩荣誉杀敌","","","","","","","","","","","","16712190","136","0","14","1","1","","","","","","","","","","","","","","","","","2080309740","0","0"
"1499","-1","-1","0","","","","","远古海滩击杀","","","","","","","","","","","","16712190","","","","","远古海滩击杀","","","","","","","","","","","","16712190","137","0","14","1","1","","","","","","","","","","","","","","","","","2080309740","0","0"
"1510","-1","604","0","","","","","杀死迦尔达拉（英雄古达克）","","","","","","","","","","","","16712190","","","","","杀死迦尔达拉（英雄古达克）","","","","","","","","","","","","16712190","14823","5","14","1","2914","","","","","","","","","","","","","","","","","2130641388","0","0"
"1540","-1","-1","0","","","","","最高的珠宝加工技能","","","","","","","","","","","","16712190","","","","","最高的珠宝加工技能","","","","","","","","","","","","16712190","173","0","14","1","1","","","","","","","","","","","","","","","","","2080309740","0","0"
"1690","-1","-1","0","","","","","冰冷的握手","","","","","","","","","","","","16712190","","","","","在冬幕节期间的达拉然城中，使用你的冬幕伪装包变成雪人，并且与另一个雪人跳舞。","","","","","","","","","","","","16712190","156","10","14","0","501","","","","","","","","","","","","","","","","","2080309740","0","0"
"1696","-1","-1","0","","","","","粉色的焰火","","","","","","","","","","","","16712190","","","","","在20秒内发射10束爱心火箭。","","","","","","","","","","","","16712190","187","10","14","0","3195","","","","","","","","","","","","","","","","","2063532524","0","0"
"1997","-1","-1","0","","","","","歇斯底里（10人）","","","","","","","","","","","","16712190","","","","","在不驱散或阻止狂乱的情况下，击败纳克萨玛斯的黑女巫法琳娜（10人）","","","","","","","","","","","","16712190","14922","10","14","0","543","","","","","","","","","","","","","","","","","2130641388","0","0"
"2000","-1","-1","1999","","","","","25块达拉然烹饪奖牌","","","","","","","","","","","","16712190","","","","","获得25块达拉然烹饪奖牌。","","","","","","","","","","","","16712190","170","10","14","0","2468","","","","","","","","","","","","","","","","","2130641388","0","0"
"2088","-1","-1","2087","","","","","500块岩石守卫者的碎片","","","","","","","","","","","","16712190","","","","","获得500块岩石守卫者的碎片。","","","","","","","","","","","","16712190","14901","10","14","0","3448","","","","","","","","","","","","","","","","","2113864172","0","0"
"2140","-1","-1","0","","","","","歇斯底里（25人）","","","","","","","","","","","","16712190","","","","","在不驱散或阻止狂乱的情况下，击败纳克萨玛斯的黑女巫法琳娜（25人）。","","","","","","","","","","","","16712190","14923","10","14","0","543","","","","","","","","","","","","","","","","","2063532524","0","0"
"2190","-1","607","0","","","","","马上扔掉它！","","","","","","","","","","","","16712190","","","","","在一场战斗中杀死5名携带爆盐炸弹的玩家。","","","","","","","","","","","","16712190","14881","10","14","0","2908","","","","","","","","","","","","","","","","","2130641388","0","0"
"2763","1","-1","2780","","","","","尊贵的铁炉堡冠军","","","","","","","","","","","","16712190","","","","","在铁炉堡阵营中达到崇拜声望，并获得在银色锦标赛中代表铁炉堡出战的资格。","","","","","","","","","","","","16712190","14941","10","14","0","3797","","","","","头衔奖励：铁炉堡的","","","","","","","","","","","","16712190","0","0"
"2867","-1","603","0","","","","","杀死观察者奥尔加隆（10人奥杜尔）","","","","","","","","","","","","16712190","","","","","杀死观察者奥尔加隆（10人奥杜尔）","","","","","","","","","","","","16712190","14963","10","14","1","1700","","","","","","","","","","","","","","","","","2113864172","0","0"
"3056","-1","603","2915","","","","","轨道毁灭（10人）","","","","","","","","","","","","16712190","","","","","在全部4个轨道防御系统都被激活的情况下击败烈焰巨兽（10人）。","","","","","","","","","","","","16712190","14961","10","14","0","1521","","","","","","","","","","","","","","","","","2130641388","0","0"
"3057","-1","603","2917","","","","","轨道毁灭（25人）","","","","","","","","","","","","16712190","","","","","在全部4个轨道防御系统都被激活的情况下击败烈焰巨兽（25人）。","","","","","","","","","","","","16712190","14962","10","14","0","1521","","","","","","","","","","","","","","","","","2130641388","0","0"
"3456","-1","-1","0","","","","","逝者的聚会","","","","","","","","","","","","16712190","","","","","在悼念日与卡特琳娜跳舞来变成一只骷髅。","","","","","","","","","","","","16712190","155","10","14","0","3932","","","","","","","","","","","","","","","","","2029989373","0","0"
"3844","-1","-1","3843","","","","","1000枚地下城与团队副本纹章","","","","","","","","","","","","16712190","","","","","拾取1000枚英雄纹章、勇气纹章、征服纹章、凯旋纹章或寒冰纹章。","","","","","","","","","","","","16712190","168","10","14","136","1950","","","","","","","","","","","","","","","","","16718846","0","0"
"3854","-1","-1","0","","","","","后院起火","","","","","","","","","","","","16712190","","","","","在征服之岛中，在敌方大门没有被攻破前冲入他们的庭院。","","","","","","","","","","","","16712190","15003","10","14","0","3768","","","","","","","","","","","","","","","","","16718844","0","0"
"4025","-1","-1","0","","","","","对纯洁者耶德瑞克的胜利（英雄难度：冠军的试炼）","","","","","","","","","","","","16712190","","","","","战胜纯洁者耶德瑞克（英雄难度：冠军的试炼）","","","","","","","","","","","","16712190","15021","0","14","1","1","","","","","","","","","","","","","","","","","16712172","0","0"
"4296","1","650","0","","","","","冠军的试炼（普通难度）","","","","","","","","","","","","16712190","","","","","在冠军的试炼中击败所有首领（普通难度）。","","","","","","","","","","","","16712190","14806","10","14","0","370","","","","","","","","","","","","","","","","","16712172","0","0"
"4298","1","650","0","","","","","冠军的试炼（英雄难度）","","","","","","","","","","","","16712190","","","","","在冠军的试炼中击败所有首领（英雄难度）。","","","","","","","","","","","","16712190","14921","10","14","0","370","","","","","","","","","","","","","","","","","16712172","0","0"
"4535","-1","631","0","","","","","欢聚一堂（10人）","","","","","","","","","","","","16712190","","","","","击败亡语者女士，并保证在她倒下时有至少5种不同类型的教众处于激活状态（10人）。","","","","","","","","","","","","16712190","15041","10","14","0","4160","","","","","","","","","","","","","","","","","16712188","1","0"
"4598","-1","-1","0","","","","","灰烬审判军","","","","","","","","","","","","16712190","","","","","在灰烬审判军阵营中达到崇拜声望。","","","","","","","","","","","","16712190","14866","15","14","0","1672","","","","","头衔奖励：灰烬审判军的","","","","","","","","","","","","16712190","0","0"
"4611","-1","631","0","","","","","欢聚一堂（25人）","","","","","","","","","","","","16712190","","","","","击败亡语者女士，并保证在她倒下时有至少5种不同类型的教众处于激活状态（25人）。","","","","","","","","","","","","16712190","15042","10","14","0","4160","","","","","","","","","","","","","","","","","16712188","1","0"
"4725","-1","-1","0","","","","","杀死玛维恩（英雄难度映像大厅）","","","","","","","","","","","","16712190","","","","","","","","","","","","","","","","","16712188","15062","0","14","1","1","","","","","","","","","","","","","","","","","16712188","0","0"
"4780","-1","-1","0","","","","","在十字军的试炼中的总死亡次数","","","","","","","","","","","","16712190","","","","","在十字军的试炼中的总死亡次数","","","","","","","","","","","","16712190","125","0","14","1","1","","","","","","","","","","","","","","","","","16712188","0","0"
"144","-1","-1","0","","","","","钓起鱼斯拉","","","","","","","","","","","","16712190","","","","","钓起毒蛇神殿的鱼斯拉。","","","","","","","","","","","","16712190","171","10","15","0","1734","","","","","","","","","","","","","","","","","16712174","0","0"
"334","-1","-1","0","","","","","最大金币数量","","","","","","","","","","","","16712190","","","","","最大金币数量","","","","","","","","","","","","16712190","140","0","15","1","4","","","","","","","","","","","","","","","","","16712174","0","0"
"389","-1","-1","0","","","","","竞技场高手饰物","","","","","","","","","","","","16712190","","","","","从古拉巴什竞技场拾取竞技场高手饰物。","","","","","","","","","","","","16712190","95","10","15","0","2977","","","","","","","","","","","","","","","","","16712174","1","0"
"407","-1","-1","406","","","","","五子登科：1750","","","","","","","","","","","","16712190","","","","","在80级5v5竞技场战队中达到1750个人等级。","","","","","","","","","","","","16712190","165","10","15","0","3045","","","","","","","","","","","","","","","","","16712174","0","0"
"584","-1","529","0","","","","","阿拉希盆地刺客","","","","","","","","","","","","16712190","","","","","在一场阿拉希盆地的战斗中，在每座基地获得5个荣誉击杀。","","","","","","","","","","","","16712190","14802","20","15","0","2285","","","","","","","","","","","","","","","","","16712174","0","0"
"642","-1","-1","0","","","","","黑石深渊","","","","","","","","","","","","16712190","","","","","击败达格兰·索瑞森大帝。","","","","","","","","","","","","16712190","14808","10","15","0","3662","","","","","","","","","","","","","","","","","16712174","1","0"
"660","-1","-1","0","","","","","禁魔监狱","","","","","","","","","","","","16712190","","","","","击败预言者斯克瑞斯。","","","","","","","","","","","","16712190","14805","10","15","0","3659","","","","","","","","","","","","","","","","","16712174","1","0"
"707","1","-1","0","","","","","雷矛军用坐骑","","","","","","","","","","","","16712190","","","","","获得一头雷矛军用坐骑。","","","","","","","","","","","","16712190","14801","10","15","0","2827","","","","","","","","","","","","","","","","","16712174","0","0"
"781","-1","-1","0","","","","","探索荆棘谷","","","","","","","","","","","","16712190","","","","","探索荆棘谷，走过世界地图中被遮住的各个角落。","","","","","","","","","","","","16712190","14777","10","15","0","3568","","","","","","","","","","","","","","","","","16712174","0","0"
"852","-1","-1","0","","","","","探索艾萨拉","","","","","","","","","","","","16712190","","","","","探索艾萨拉，走过世界地图中被遮住的各个角落。","","","","","","","","","","","","16712190","14778","10","15","0","3544","","","","","","","","","","","","","","","","","16712174","0","0"
"915","-1","-1","0","","","","","联盟的长者","","","","","","","","","","","","16712190","","","","","祭拜联盟主城中的长者。","","","","","","","","","","","","16712190","160","10","15","0","2218","","","","","","","","","","","","","","","","","16712174","0","0"
"941","-1","-1","0","","","","","赫米特·奈辛瓦里：收集任务","","","","","","","","","","","","16712190","","","","","完成“荆棘谷的青山”、“白色雷象一般的山丘”和“诺森德的雪”成就。","","","","","","","","","","","","16712190","96","10","15","0","2926","","","","","","","","","","","","","","","","","16712174","0","0"
"953","-1","-1","0","","","","","塞纳留斯的卫士","","","","","","","","","","","","16712190","","","","","在塞纳里奥议会和塞纳里奥远征队阵营中达到崇拜声望。","","","","","","","","","","","","16712190","201","25","15","0","553","","","","","头衔奖励：塞纳留斯的卫士","","","","","","","","","","","","16712190","0","0"
"960","-1","-1","0","","","","","紫罗兰之眼","","","","","","","","","","","","16712190","","","","","在紫罗兰之眼阵营中达到崇拜声望。","","","","","","","","","","","","16712190","14865","10","15","0","1487","","","","","","","","","","","","","","","","","16712174","0","0"
"961","-1","-1","0","","","","","狂心的荣誉","","","","","","","","","","","","16712190","","","","","为狂心氏族阵营完成下列8个日常任务。","","","","","","","","","","","","16712190","14863","10","15","0","3477","","","","","","","","","","","","","","","","","16712174","0","0"
"967","0","-1","0","","","","","东部王国的糖果","","","","","","","","","","","","16712190","","","","","找到东部王国的糖罐。","","","","","","","","","","","","16712190","158","10","15","0","2951","","","","","","","","","","","","","","","","","16712174","0","0"
"1036","0","-1","0","","","","","艾泽拉斯的火焰","","","","","","","","","","","","16712190","","","","","完成“东部王国护火者”、“卡利姆多护火者”和“外域护火者”成就。","","","","","","","","","","","","16712190","161","10","15","0","12","","","","","","","","","","","","","","","","","16712174","0","0"
"1082","-1","585","0","","","","","杀死凯尔萨斯·逐日者（魔导师平台）","","","","","","","","","","","","16712190","","","","","杀死凯尔萨斯·逐日者（魔导师平台）","","","","","","","","","","","","16712190","14822","5","15","1","2787","","","","","","","","","","","","","","","","","16712174","0","0"
"1180","-1","-1","1178","","","","","积少成多","","","","","","","","","","","","16712190","","","","","拾取10000金币。","","","","","","","","","","","","16712190","92","10","15","0","2993","","","","","","","","","","","","","","","","","16712174","0","0"
"1188","-1","-1","0","","","","","被射中了！","","","","","","","","","","","","16712190","","","","","使用银色箭头射中10个玩家。","","","","","","","","","","","","16712190","187","10","15","0","288","","","","","","","","","","","","","","","","","16712174","0","0"
"1237","-1","599","0","","","","","杀死塑铁者斯约尼尔（岩石大厅）","","","","","","","","","","","","16712190","","","","","杀死塑铁者斯约尼尔（岩石大厅）","","","","","","","","","","","","16712190","14823","5","15","1","2325","","","","","","","","","","","","","","","","","2113864174","0","0"
"1251","0","489","0","","","","","我的地盘，我说了算","","","","","","","","","","","","16712190","","","","","在一场战歌峡谷的战斗中，在敌方的夺旗者走出战歌军旗室之前将其杀死，总计2次。","","","","","","","","","","","","16712190","14804","10","15","0","3583","","","","","","","","","","","","","","","","","2113864174","0","0"
"1274","0","-1","0","","","","","外域的博学者","","","","","","","","","","","","16712190","","","","","完成下列外域任务成就","","","","","","","","","","","","16712190","14862","10","15","0","3492","","","","","","","","","","","","","","","","","2113864174","0","0"
"1306","-1","-1","0","","","","","饮用不同的合剂","","","","","","","","","","","","16712190","","","","","饮用不同的合剂","","","","","","","","","","","","16712190","145","0","15","33","1","","","","","","","","","","","","","","","","","4278125036","0","811"
"1407","-1","-1","0","","","","","服务器第一！80级矮人","","","","","","","","","","","","16712190","","","","","本服务器第一个达到80级的矮人。","","","","","","","","","","","","16712190","81","0","15","256","3286","","","","","","","","","","","","","","","","","16712174","0","0"
"1545","-1","-1","0","","","","","勇气竞技场参赛","","","","","","","","","","","","16712190","","","","","勇气竞技场参赛","","","","","","","","","","","","16712190","152","0","15","1","4","","","","","","","","","","","","","","","","","2080309740","0","0"
"1738","-1","-1","0","","","","","学习珠宝加工配方","","","","","","","","","","","","16712190","","","","","学习珠宝加工配方","","","","","","","","","","","","16712190","173","0","15","1","4","","","","","","","","","","","","","","","","","2113864172","0","0"
"1766","-1","607","0","","","","","远古保卫者","","","","","","","","","","","","16712190","","","","","在一场战斗中的远古庭院杀死10名玩家。","","","","","","","","","","","","16712190","14881","10","15","0","2957","","","","","","","","","","","","","","","","","2130641388","0","0"
"1770","-1","-1","0","","","","","巫妖王 - 杀死10人团队首领的次数","","","","","","","","","","","","16712190","","","","","巫妖王 - 杀死10人团队首领的次数","","","","","","","","","","","","16712190","14807","0","15","9","1","","","","","","","","","","","","","","","","","2113864172","0","0"
"2001","-1","-1","2000","","","","","50块达拉然烹饪奖牌","","","","","","","","","","","","16712190","","","","","获得50块达拉然烹饪奖牌。","","","","","","","","","","","","16712190","170","10","15","0","2468","","","","","","","","","","","","","","","","","2130641388","0","0"
"2089","-1","-1","2088","","","","","1000块岩石守卫者的碎片","","","","","","","","","","","","16712190","","","","","获得1000块岩石守卫者的碎片。","","","","","","","","","","","","16712190","14901","10","15","0","3448","","","","","","","","","","","","","","","","","2113864172","0","0"
"2178","-1","533","0","","","","","电击！（10人）","","","","","","","","","","","","16712190","","","","","在无人触发正负极接触放电的情况下，击败纳克萨玛斯的塔迪乌斯（10人）。","","","","","","","","","","","","16712190","14922","10","15","0","1886","","","","","","","","","","","","","","","","","2080309740","0","0"
"2179","-1","533","0","","","","","电击！（25人）","","","","","","","","","","","","16712190","","","","","在无人触发正负极接触放电的情况下，击败纳克萨玛斯的塔迪乌斯（25人）。","","","","","","","","","","","","16712190","14923","10","15","0","1886","","","","","","","","","","","","","","","","","2080309740","0","0"
"2781","1","-1","0","","","","","暴风城冠军","","","","","","","","","","","","16712190","","","","","获得在银色锦标赛中代表暴风城出战的资格。","","","","","","","","","","","","16712190","14941","10","15","0","3800","","","","","","","","","","","","","","","","","2080309740","0","0"
"2872","-1","603","0","","","","","杀死烈焰巨兽（25人奥杜尔）","","","","","","","","","","","","16712190","","","","","杀死烈焰巨兽（25人奥杜尔）","","","","","","","","","","","","16712190","14963","10","15","1","1700","","","","","","","","","","","","","","","","","2113864172","0","0"
"2919","-1","603","0","","","","","快刀斩锋鳞（10人）","","","","","","","","","","","","16712190","","","","","在让锋鳞飞到空中的次数不多于一次的情况下击败它（10人）。","","","","","","","","","","","","16712190","14961","10","15","0","3851","","","","","","","","","","","","","","","","","2080309740","0","0"
"2921","-1","603","0","","","","","快刀斩锋鳞（25人）","","","","","","","","","","","","16712190","","","","","在让锋鳞飞到空中的次数不多于一次的情况下击败它（25人）。","","","","","","","","","","","","16712190","14962","10","15","0","3851","","","","","","","","","","","","","","","","","2080309740","0","0"
"3478","1","-1","0","","","","","感恩者","","","","","","","","","","","","16712190","","","","","完成下列感恩节成就。","","","","","","","","","","","","16712190","155","10","15","0","3936","","","","","奖励：感恩者头衔和肥胖的火鸡宠物","","","","","","","","","","","","16712190","0","0"
"3856","1","-1","0","","","","","毁车不倦","","","","","","","","","","","","16712190","","","","","在征服之岛中摧毁下列载具。","","","","","","","","","","","","16712190","15003","10","15","0","2306","","","","","","","","","","","","","","","","","16718845","0","0"
"3876","-1","-1","3844","","","","","1500枚地下城与团队副本纹章","","","","","","","","","","","","16712190","","","","","拾取1500枚英雄纹章、勇气纹章、征服纹章、凯旋纹章或寒冰纹章。","","","","","","","","","","","","16712190","168","10","15","136","1950","","","","","","","","","","","","","","","","","16718845","0","0"
"4026","-1","-1","0","","","","","黑骑士之死（普通难度：冠军的试炼）","","","","","","","","","","","","16712190","","","","","杀死黑骑士（普通难度：冠军的试炼）","","","","","","","","","","","","16712190","15021","0","15","1","1","","","","","","","","","","","","","","","","","16712172","0","0"
"4096","-1","628","0","","","","","征服之岛的战斗","","","","","","","","","","","","16712190","","","","","征服之岛的战斗","","","","","","","","","","","","16712190","153","0","15","1","1","","","","","","","","","","","","","","","","","16712172","0","0"
"4436","1","-1","0","","","","","枪神","","","","","","","","","","","","16712190","","","","","射击下列敌对领袖。","","","","","","","","","","","","16712190","156","10","15","0","393","","","","","","","","","","","","","","","","","16712172","0","0"
"4516","-1","632","0","","","","","灵魂洪炉","","","","","","","","","","","","16712190","","","","","击败灵魂洪炉的首领们。","","","","","","","","","","","","16712190","14806","10","15","0","4149","","","","","","","","","","","","","","","","","16712172","0","0"
"4519","-1","632","0","","","","","灵魂洪炉（英雄难度）","","","","","","","","","","","","16712190","","","","","击败灵魂洪炉的首领们（英雄难度）。","","","","","","","","","","","","16712190","14921","10","15","0","4149","","","","","","","","","","","","","","","","","16712172","0","0"
"4536","-1","631","0","","","","","我上船了（10人）","","","","","","","","","","","","16712190","","","","","在炮舰战斗中，在每个团队成员最多只登陆过敌方炮舰2次的情况下获得胜利（10人）。","","","","","","","","","","","","16712190","15041","10","15","0","4145","","","","","","","","","","","","","","","","","16712172","1","0"
"4612","-1","631","0","","","","","我上船了（25人）","","","","","","","","","","","","16712190","","","","","在炮舰战斗中，在每个团队成员最多只登陆过敌方炮舰1次的情况下获得胜利（25人）。","","","","","","","","","","","","16712190","15042","10","15","0","4145","","","","","","","","","","","","","","","","","16712188","1","0"
"4726","-1","-1","0","","","","","逃离巫妖王的追杀（映像大厅）","","","","","","","","","","","","16712190","","","","","","","","","","","","","","","","","16712188","15062","0","15","1","1","","","","","","","","","","","","","","","","","16712188","0","0"
"4777","-1","-1","0","","","","","征服之岛击杀","","","","","","","","","","","","16712190","","","","","征服之岛击杀","","","","","","","","","","","","16712190","137","0","15","1","1","","","","","","","","","","","","","","","","","16712188","0","0"
"4779","-1","-1","0","","","","","征服之岛荣誉击杀","","","","","","","","","","","","16712190","","","","","征服之岛荣誉击杀","","","","","","","","","","","","16712190","136","0","15","1","1","","","","","","","","","","","","","","","","","16712188","0","0"
"4781","-1","-1","0","","","","","在冰冠堡垒中的总死亡次数","","","","","","","","","","","","16712190","","","","","在冰冠堡垒中的总死亡次数","","","","","","","","","","","","16712190","125","0","15","1","1","","","","","","","","","","","","","","","","","16712188","0","0"
"202","1","489","0","","","","","来去如风","","","","","","","","","","","","16712190","","","","","拿起旗帜并在75秒内交还。","","","","","","","","","","","","16712190","14804","10","16","0","3483","","","","","","","","","","","","","","","","","16712174","0","0"
"346","-1","-1","0","","","","","饮用饮料","","","","","","","","","","","","16712190","","","","","饮用饮料","","","","","","","","","","","","16712190","145","0","16","9","4","","","","","","","","","","","","","","","","","16712174","0","0"
"396","-1","-1","0","","","","","古拉巴什竞技场大师","","","","","","","","","","","","16712190","","","","","完成小个子约翰·米斯瑞尔的任务，获得竞技场大师饰物。","","","","","","","","","","","","16712190","95","10","16","0","2555","","","","","","","","","","","","","","","","","16712174","1","0"
"404","-1","-1","407","","","","","五子登科：2000","","","","","","","","","","","","16712190","","","","","在80级5v5竞技场战队中达到2000个人等级。","","","","","","","","","","","","16712190","165","10","16","0","3044","","","","","","","","","","","","","","","","","16712174","0","0"
"643","-1","-1","0","","","","","下层黑石塔","","","","","","","","","","","","16712190","","","","","击败维姆萨拉克。","","","","","","","","","","","","16712190","14808","10","16","0","3650","","","","","","","","","","","","","","","","","16712174","1","0"
"661","-1","-1","0","","","","","魔导师平台","","","","","","","","","","","","16712190","","","","","击败凯尔萨斯·逐日者。","","","","","","","","","","","","16712190","14805","10","16","0","3665","","","","","","","","","","","","","","","","","16712174","1","0"
"708","0","-1","0","","","","","霜狼氏族的英雄","","","","","","","","","","","","16712190","","","","","在霜狼氏族阵营中达到崇拜声望。","","","","","","","","","","","","16712190","14801","10","16","0","2828","","","","","","","","","","","","","","","","","16712174","0","0"
"760","-1","-1","0","","","","","探索奥特兰克山脉","","","","","","","","","","","","16712190","","","","","探索奥特兰克山脉，走过世界地图中被遮住的各个角落。","","","","","","","","","","","","16712190","14777","10","16","0","3541","","","","","","","","","","","","","","","","","16712174","0","0"
"853","-1","-1","0","","","","","探索费伍德森林","","","","","","","","","","","","16712190","","","","","探索费伍德森林，走过世界地图中被遮住的各个角落。","","","","","","","","","","","","16712190","14778","10","16","0","3538","","","","","","","","","","","","","","","","","16712174","0","0"
"905","-1","-1","0","","","","","老渔夫巴尔洛","","","","","","","","","","","","16712190","","","","","完成下列5个老渔夫巴尔洛的钓鱼日常任务。","","","","","","","","","","","","16712190","171","10","16","0","3693","","","","","","","","","","","","","","","","","16712174","0","0"
"962","-1","-1","0","","","","","神谕者的救星","","","","","","","","","","","","16712190","","","","","为神谕者阵营完成下列8个日常任务。","","","","","","","","","","","","16712190","14863","10","16","0","3478","","","","","","","","","","","","","","","","","16712174","0","0"
"968","0","-1","0","","","","","外域的糖果","","","","","","","","","","","","16712190","","","","","找到外域的糖罐。","","","","","","","","","","","","16712190","158","10","16","0","2952","","","","","","","","","","","","","","","","","16712174","0","0"
"1031","0","-1","0","","","","","东部王国灭火","","","","","","","","","","","","16712190","","","","","亵渎联盟在东部王国的篝火。","","","","","","","","","","","","16712190","161","10","16","0","1920","","","","","","","","","","","","","","","","","16712174","0","0"
"1083","-1","532","0","","","","","杀死玛克扎尔王子（卡拉赞）","","","","","","","","","","","","16712190","","","","","杀死玛克扎尔王子（卡拉赞）","","","","","","","","","","","","16712190","14822","5","16","1","2294","","","","","","","","","","","","","","","","","16712174","0","0"
"1169","1","-1","0","","","","","阿拉希盆地主宰","","","","","","","","","","","","16712190","","","","","完成下列阿拉希盆地成就。","","","","","","","","","","","","16712190","14802","25","16","0","1156","","","","","","","","","","","","","","","","","16712174","0","0"
"1181","-1","-1","1180","","","","","积少成多","","","","","","","","","","","","16712190","","","","","拾取25000金币。","","","","","","","","","","","","16712190","92","10","16","0","2801","","","","","","","","","","","","","","","","","16712174","0","0"
"1408","-1","-1","0","","","","","服务器第一！80级人类","","","","","","","","","","","","16712190","","","","","本服务器第一个达到80级的人类。","","","","","","","","","","","","16712190","81","0","16","256","3325","","","","","","","","","","","","","","","","","16712174","0","0"
"1511","-1","599","0","","","","","杀死塑铁者斯约尼尔（英雄岩石大厅）","","","","","","","","","","","","16712190","","","","","杀死塑铁者斯约尼尔（英雄岩石大厅）","","","","","","","","","","","","16712190","14823","5","16","1","2325","","","","","","","","","","","","","","","","","2130641388","0","0"
"1546","-1","-1","0","","","","","勇气竞技场获胜","","","","","","","","","","","","16712190","","","","","勇气竞技场获胜","","","","","","","","","","","","16712190","152","0","16","1","4","","","","","","","","","","","","","","","","","2080309740","0","0"
"1576","-1","-1","0","","","","","鲜血与痛苦","","","","","","","","","","","","16712190","","","","","完成纳格兰的“鲜血竞技场”系列任务，以及祖达克的“痛苦斗兽场”系列任务。","","","","","","","","","","","","16712190","96","10","16","0","1599","","","","","","","","","","","","","","","","","2113864172","0","0"
"1638","-1","-1","0","","","","","破碎天空","","","","","","","","","","","","16712190","","","","","在灵翼浮岛的龙喉飞行竞赛中击败汤告鲁士·碎空。","","","","","","","","","","","","16712190","14865","10","16","0","1928","","","","","","","","","","","","","","","","","2113864172","0","0"
"1702","-1","-1","0","","","","","齿颊留香","","","","","","","","","","","","16712190","","","","","品尝下列情人节糖果。","","","","","","","","","","","","16712190","187","10","16","0","1855","","","","","","","","","","","","","","","","","2080309740","0","0"
"1722","-1","624","0","","","","","岩石看守者阿尔卡冯（10人）","","","","","","","","","","","","16712190","","","","","击败岩石看守者阿尔卡冯（10人）。","","","","","","","","","","","","16712190","14901","10","16","0","2351","","","","","","","","","","","","","","","","","2130641388","0","0"
"1771","-1","-1","0","","","","","巫妖王 - 杀死不同的10人团队首领的总数","","","","","","","","","","","","16712190","","","","","巫妖王 - 杀死不同的10人团队首领的总数","","","","","","","","","","","","16712190","14807","0","16","33","1","","","","","","","","","","","","","","","","","2113864172","0","1770"
"1977","-1","-1","0","","","","","获得达拉然珠宝匠硬币","","","","","","","","","","","","16712190","","","","","获得达拉然珠宝匠硬币","","","","","","","","","","","","16712190","173","0","16","1","1","","","","","","","","","","","","","","","","","2130641388","0","0"
"2002","-1","-1","2001","","","","","100块达拉然烹饪奖牌","","","","","","","","","","","","16712190","","","","","获得100块达拉然烹饪奖牌。","","","","","","","","","","","","16712190","170","10","16","0","2468","","","","","","","","","","","","","","","","","2130641388","0","0"
"2180","-1","533","0","","","","","做减法（10人）","","","","","","","","","","","","16712190","","","","","以少于9人的阵容击败纳克萨玛斯的塔迪乌斯（10人）。","","","","","","","","","","","","16712190","14922","10","16","0","1885","","","","","","","","","","","","","","","","","2080309740","0","0"
"2181","-1","533","0","","","","","做减法（25人）","","","","","","","","","","","","16712190","","","","","以少于21人的阵容击败纳克萨玛斯的塔迪乌斯（25人）。","","","","","","","","","","","","16712190","14923","10","16","0","1885","","","","","","","","","","","","","","","","","2080309740","0","0"
"2191","-1","607","0","","","","","远古庭院卫士","","","","","","","","","","","","16712190","","","","","在远古庭院中杀死100名玩家。","","","","","","","","","","","","16712190","14881","10","16","0","856","","","","","","","","","","","","","","","","","2130641388","0","0"
"2764","1","-1","2781","","","","","尊贵的暴风城冠军","","","","","","","","","","","","16712190","","","","","在暴风城阵营中达到崇拜声望，并获得在银色锦标赛中代表暴风城出战的资格。","","","","","","","","","","","","16712190","14941","10","16","0","3800","","","","","头衔奖励：暴风城的","","","","","","","","","","","","16712190","0","0"
"2873","-1","603","0","","","","","杀死锋鳞（25人奥杜尔）","","","","","","","","","","","","16712190","","","","","杀死锋鳞（25人奥杜尔）","","","","","","","","","","","","16712190","14963","10","16","1","1700","","","","","","","","","","","","","","","","","2113864172","0","0"
"2923","-1","603","0","","","","","铁矮人，五分熟（10人）","","","","","","","","","","","","16712190","","","","","使用锋鳞的烈焰龙息击败25个黑暗符文守卫（10人）。","","","","","","","","","","","","16712190","14961","10","16","0","3853","","","","","","","","","","","","","","","","","2080309740","0","0"
"2924","-1","603","0","","","","","铁矮人，五分熟（25人）","","","","","","","","","","","","16712190","","","","","使用锋鳞的烈焰龙息击败25个黑暗符文守卫（25人）。","","","","","","","","","","","","16712190","14962","10","16","0","3853","","","","","","","","","","","","","","","","","2080309740","0","0"
"3656","0","-1","0","","","","","感恩者","","","","","","","","","","","","16712190","","","","","完成下列感恩节成就。","","","","","","","","","","","","16712190","155","10","16","0","3936","","","","","奖励：感恩者头衔和胖火鸡宠物","","","","","","","","","","","","16712190","0","0"
"4027","-1","-1","0","","","","","黑骑士之死（英雄难度：冠军的试炼）","","","","","","","","","","","","16712190","","","","","杀死黑骑士（英雄难度：冠军的试炼）","","","","","","","","","","","","16712190","15021","0","16","1","1","","","","","","","","","","","","","","","","","16712172","0","0"
"4097","-1","-1","0","","","","","征服之岛胜利","","","","","","","","","","","","16712190","","","","","征服之岛胜利","","","","","","","","","","","","16712190","153","0","16","1","4","","","","","","","","","","","","","","","","","16712172","0","0"
"4256","0","-1","0","","","","","毁车不倦","","","","","","","","","","","","16712190","","","","","在征服之岛中摧毁下列载具。","","","","","","","","","","","","16712190","15003","10","16","0","2306","","","","","","","","","","","","","","","","","16712172","0","0"
"4316","-1","-1","3876","","","","","2500枚地下城与团队副本纹章","","","","","","","","","","","","16712190","","","","","拾取2500枚英雄纹章、勇气纹章、征服纹章、凯旋纹章或寒冰纹章。","","","","","","","","","","","","16712190","168","10","16","136","1950","","","","","","","","","","","","","","","","","16712188","0","0"
"4437","0","-1","0","","","","","枪神","","","","","","","","","","","","16712190","","","","","射击下列敌对领袖。","","","","","","","","","","","","16712190","156","10","16","0","393","","","","","","","","","","","","","","","","","16712172","0","0"
"4517","-1","658","0","","","","","萨隆矿坑","","","","","","","","","","","","16712190","","","","","击败萨隆矿坑的首领们。","","","","","","","","","","","","16712190","14806","10","16","0","4150","","","","","","","","","","","","","","","","","16712172","0","0"
"4520","-1","658","0","","","","","萨隆矿坑（英雄难度）","","","","","","","","","","","","16712190","","","","","击败萨隆矿坑的首领们（英雄难度）。","","","","","","","","","","","","16712190","14921","10","16","0","4150","","","","","","","","","","","","","","","","","16712172","0","0"
"4537","-1","631","0","","","","","啊，真惨（10人）","","","","","","","","","","","","16712190","","","","","在阵亡勇士的印记施放3次之前，击败死亡使者（10人）。","","","","","","","","","","","","16712190","15041","10","16","0","4161","","","","","","","","","","","","","","","","","16712172","1","0"
"4613","-1","631","0","","","","","啊，真惨（25人）","","","","","","","","","","","","16712190","","","","","在阵亡勇士的印记施放5次之前，击败死亡使者（25人）。","","","","","","","","","","","","16712190","15042","10","16","0","4161","","","","","","","","","","","","","","","","","16712172","1","0"
"4727","-1","-1","0","","","","","逃离巫妖王的追杀（英雄难度映像大厅）","","","","","","","","","","","","16712190","","","","","","","","","","","","","","","","","16712188","15062","0","16","1","1","","","","","","","","","","","","","","","","","16712188","0","0"
"99","-1","-1","0","","","","","洛丹伦废墟的比赛","","","","","","","","","","","","16712190","","","","","洛丹伦废墟的比赛","","","","","","","","","","","","16712190","152","0","17","1","4","","","","","","","","","","","","","","","","","16712174","0","0"
"388","1","-1","0","","","","","城市卫兵","","","","","","","","","","","","16712190","","","","","在你所属阵营的任意主城中杀死50个敌对阵营的玩家。","","","","","","","","","","","","16712190","95","10","17","136","3574","","","","","","","","","","","","","","","","","16712174","0","0"
"393","-1","-1","0","","","","","防御奥特兰克山谷哨塔","","","","","","","","","","","","16712190","","","","","防御奥特兰克山谷哨塔","","","","","","","","","","","","16712190","153","0","17","1","1243604","","","","","","","","","","","","","","","","","16712174","0","0"
"667","-1","543","0","","","","","地狱火城墙（英雄难度）","","","","","","","","","","","","16712190","","","","","击败地狱火城墙的首领（英雄难度）。","","","","","","","","","","","","16712190","14805","10","17","0","3680","","","","","","","","","","","","","","","","","16712174","0","0"
"709","1","-1","0","","","","","雷矛卫队的英雄","","","","","","","","","","","","16712190","","","","","在雷矛卫队阵营中达到崇拜声望。","","","","","","","","","","","","16712190","14801","10","17","0","2829","","","","","","","","","","","","","","","","","16712174","0","0"
"761","-1","-1","0","","","","","探索阿拉希高地","","","","","","","","","","","","16712190","","","","","探索阿拉希高地，走过世界地图中被遮住的各个角落。","","","","","","","","","","","","16712190","14777","10","17","0","3542","","","","","","","","","","","","","","","","","16712174","0","0"
"854","-1","-1","0","","","","","探索安戈洛环形山","","","","","","","","","","","","16712190","","","","","探索安戈洛环形山，走过世界地图中被遮住的各个角落。","","","","","","","","","","","","16712190","14778","10","17","0","3588","","","","","","","","","","","","","","","","","16712174","0","0"
"891","-1","-1","0","","","","","驾！","","","","","","","","","","","","16712190","","","","","学习初级骑术。","","","","","","","","","","","","16712190","92","10","17","0","1176","","","","","","","","","","","","","","","","","16712174","0","0"
"938","-1","-1","0","","","","","诺森德的雪","","","","","","","","","","","","16712190","","","","","在诺森德完成包括“母龙之怒”在内的所有赫米特·奈辛瓦里任务。","","","","","","","","","","","","16712190","14863","10","17","0","1581","","","","","","","","","","","","","","","","","16712174","0","0"
"971","0","-1","0","","","","","艾泽拉斯的糖果","","","","","","","","","","","","16712190","","","","","完成卡利姆多、东部王国和外域的糖果成就。","","","","","","","","","","","","16712190","158","20","17","0","1743","","","","","","","","","","","","","","","","","16712174","0","0"
"1032","0","-1","0","","","","","卡利姆多灭火","","","","","","","","","","","","16712190","","","","","亵渎联盟在卡利姆多的篝火。","","","","","","","","","","","","16712190","161","10","17","0","1920","","","","","","","","","","","","","","","","","16712174","0","0"
"1084","-1","568","0","","","","","杀死祖尔金（祖阿曼）","","","","","","","","","","","","16712190","","","","","杀死祖尔金（祖阿曼）","","","","","","","","","","","","16712190","14822","5","17","1","2806","","","","","","","","","","","","","","","","","16712174","0","0"
"1161","-1","-1","404","","","","","五子登科：2200","","","","","","","","","","","","16712190","","","","","在80级5v5竞技场战队中达到2200个人等级。","","","","","","","","","","","","16712190","165","10","17","0","3043","","","","","","","","","","","","","","","","","16712174","0","0"
"1170","0","-1","0","","","","","阿拉希盆地主宰","","","","","","","","","","","","16712190","","","","","完成下列阿拉希盆地成就。","","","","","","","","","","","","16712190","14802","25","17","0","1156","","","","","","","","","","","","","","","","","16712174","0","0"
"1182","-1","-1","0","","","","","养家糊口","","","","","","","","","","","","16712190","","","","","通过任务奖励获得10000金币。","","","","","","","","","","","","16712190","96","10","17","0","2995","","","","","","","","","","","","","","","","","16712174","0","0"
"1225","-1","530","0","","","","","外域渔夫","","","","","","","","","","","","16712190","","","","","在下列渔点中各钓到一条鱼。","","","","","","","","","","","","16712190","171","10","17","0","3691","","","","","","","","","","","","","","","","","2113864174","0","0"
"1238","-1","602","0","","","","","杀死洛肯（闪电大厅）","","","","","","","","","","","","16712190","","","","","杀死洛肯（闪电大厅）","","","","","","","","","","","","16712190","14823","5","17","1","320","","","","","","","","","","","","","","","","","2113864174","0","0"
"1307","-1","-1","0","","","","","上层黑石塔","","","","","","","","","","","","16712190","","","","","击败达基萨斯将军。","","","","","","","","","","","","16712190","14808","10","17","0","3821","","","","","","","","","","","","","","","","","2113864172","1","0"
"1409","-1","-1","0","","","","","服务器第一！80级暗夜精灵","","","","","","","","","","","","16712190","","","","","本服务器第一个达到80级的暗夜精灵。","","","","","","","","","","","","16712190","81","0","17","256","3288","","","","","","","","","","","","","","","","","16712174","0","0"
"1502","0","489","0","","","","","来去如风","","","","","","","","","","","","16712190","","","","","拿起旗帜并在75秒内交还。","","","","","","","","","","","","16712190","14804","10","17","0","3483","","","","","","","","","","","","","","","","","2113864172","0","0"
"1536","-1","-1","0","","","","","最高的制皮技能","","","","","","","","","","","","16712190","","","","","最高的制皮技能","","","","","","","","","","","","16712190","173","0","17","1","1","","","","","","","","","","","","","","","","","2080309740","0","0"
"1658","-1","-1","0","","","","","冰冻废土的勇士","","","","","","","","","","","","16712190","","","","","击败下列地下城和团队副本首领。","","","","","","","","","","","","16712190","168","10","17","0","182","","","","","头衔奖励：冰冻废土的勇士","","","","","","","","","","","","16712190","0","0"
"1691","0","-1","0","","","","","欢乐使者","","","","","","","","","","","","16712190","","","","","完成下列冬幕节成就。","","","","","","","","","","","","16712190","155","10","17","0","3695","","","","","头衔奖励：欢乐使者","","","","","","","","","","","","16712190","0","0"
"1721","-1","624","0","","","","","岩石看守者阿尔卡冯（25人）","","","","","","","","","","","","16712190","","","","","击败岩石看守者阿尔卡冯（25人）。","","","","","","","","","","","","16712190","14901","10","17","0","2351","","","","","","","","","","","","","","","","","2130641388","0","0"
"1772","-1","-1","0","","","","","巫妖王 - 最常杀死的10人团队首领","","","","","","","","","","","","16712190","","","","","巫妖王 - 最常杀死的10人团队首领","","","","","","","","","","","","16712190","14807","0","17","17","1","","","","","","","","","","","","","","","","","2113864172","0","1770"
"1773","-1","-1","0","","","","","最常饮用的饮料","","","","","","","","","","","","16712190","","","","","最常饮用的饮料","","","","","","","","","","","","16712190","145","0","17","17","1","","","","","","","","","","","","","","","","","2080309740","0","346"
"1780","-1","-1","0","","","","","情绪丰富","","","","","","","","","","","","16712190","","","","","品尝下列所有“情绪”食品。","","","","","","","","","","","","16712190","170","10","17","0","1854","","","","","","","","","","","","","","","","","2130641388","0","0"
"2182","-1","533","0","","","","","孢子保护主义者（10人）","","","","","","","","","","","","16712190","","","","","在不杀死任何孢子的情况下，击败纳克萨玛斯的洛欧塞布（10人）。","","","","","","","","","","","","16712190","14922","10","17","0","3099","","","","","","","","","","","","","","","","","2080309740","0","0"
"2183","-1","533","0","","","","","孢子保护主义者（25人）","","","","","","","","","","","","16712190","","","","","在不杀死任何孢子的情况下，击败纳克萨玛斯的洛欧塞布（25人）。","","","","","","","","","","","","16712190","14923","10","17","0","3099","","","","","","","","","","","","","","","","","2080309740","0","0"
"2194","1","-1","0","","","","","远古海滩主宰","","","","","","","","","","","","16712190","","","","","完成下列远古海滩成就。","","","","","","","","","","","","16712190","14881","25","17","0","3402","","","","","","","","","","","","","","","","","2113864172","0","0"
"2782","1","-1","0","","","","","联盟冠军","","","","","","","","","","","","16712190","","","","","获得在银色锦标赛中代表所有联盟种族阵营出战的资格。","","","","","","","","","","","","16712190","14941","10","17","0","3807","","","","","","","","","","","","","","","","","2080309740","0","0"
"2874","-1","603","0","","","","","杀死掌炉者伊格尼斯（25人奥杜尔）","","","","","","","","","","","","16712190","","","","","杀死掌炉者伊格尼斯（25人奥杜尔）","","","","","","","","","","","","16712190","14963","10","17","1","1700","","","","","","","","","","","","","","","","","2113864172","0","0"
"2925","-1","603","0","","","","","支离破碎（10人）","","","","","","","","","","","","16712190","","","","","在5秒内破坏2个铁铸像，然后击败掌炉者伊格尼斯（10人）。","","","","","","","","","","","","16712190","14961","10","17","0","976","","","","","","","","","","","","","","","","","2080309740","0","0"
"2926","-1","603","0","","","","","支离破碎（25人）","","","","","","","","","","","","16712190","","","","","在5秒内破坏2个铁铸像，然后击败掌炉者伊格尼斯（25人）。","","","","","","","","","","","","16712190","14962","10","17","0","976","","","","","","","","","","","","","","","","","2080309740","0","0"
"3855","-1","628","0","","","","","投刃绞肉车","","","","","","","","","","","","16712190","","","","","在征服之岛中，使用一辆投刃车杀死10名玩家，并且自己不死亡。","","","","","","","","","","","","16712190","15003","10","17","0","85","","","","","","","","","","","","","","","","","16775164","0","0"
"4028","-1","-1","0","","","","","击败诺森德猛兽（10人十字军的试炼）","","","","","","","","","","","","16712190","","","","","击败诺森德猛兽（10人十字军的试炼）","","","","","","","","","","","","16712190","15021","0","17","1","1","","","","","","","","","","","","","","","","","16712172","0","0"
"4518","-1","668","0","","","","","映像大厅","","","","","","","","","","","","16712190","","","","","击败映像大厅的首领们。","","","","","","","","","","","","16712190","14806","10","17","0","4151","","","","","","","","","","","","","","","","","16712172","0","0"
"4521","-1","668","0","","","","","映像大厅（英雄难度）","","","","","","","","","","","","16712190","","","","","击败映像大厅的首领们（英雄难度）。","","","","","","","","","","","","16712190","14921","10","17","0","4151","","","","","","","","","","","","","","","","","16712172","0","0"
"4538","-1","631","0","","","","","与软泥共舞（10人）","","","","","","","","","","","","16712190","","","","","在没有大型软泥怪施放不稳定的软泥爆炸的情况下击败腐面（10人）。","","","","","","","","","","","","16712190","15041","10","17","0","636","","","","","","","","","","","","","","","","","16712172","1","0"
"4614","-1","631","0","","","","","与软泥共舞（25人）","","","","","","","","","","","","16712190","","","","","在没有大型软泥怪施放不稳定的软泥爆炸的情况下击败腐面（25人）。","","","","","","","","","","","","16712190","15042","10","17","0","636","","","","","","","","","","","","","","","","","16712172","1","0"
"4624","-1","-1","0","","","","","艰难的爱","","","","","","","","","","","","16712190","","","","","击败影牙城堡中的3个皇家药剂师。","","","","","","","","","","","","16712190","187","10","17","0","1076","","","","","","","","","","","","","","","","","16712188","0","0"
"4639","-1","-1","0","","","","","杀死玛洛加尔领主（普通难度10人冰冠堡垒）","","","","","","","","","","","","16712190","","","","","杀死玛洛加尔领主（普通难度10人冰冠堡垒）","","","","","","","","","","","","16712190","15062","0","17","1","1","","","","","","","","","","","","","","","","","16712188","0","0"
"102","-1","-1","0","","","","","洛丹伦废墟胜利","","","","","","","","","","","","16712190","","","","","洛丹伦废墟胜利","","","","","","","","","","","","16712190","152","0","18","1","4","","","","","","","","","","","","","","","","","16712174","0","0"
"207","-1","489","0","","","","","好险！","","","","","","","","","","","","16712190","","","","","当敌方的旗帜仍在他们的基地中，且敌方成员已经将你方的旗帜运回他们的军旗室时，杀死携带旗帜的敌人。","","","","","","","","","","","","16712190","14804","10","18","0","2119","","","","","","","","","","","","","","","","","16712174","1","0"
"394","-1","-1","0","","","","","占领奥特兰克山谷哨塔","","","","","","","","","","","","16712190","","","","","占领奥特兰克山谷哨塔","","","","","","","","","","","","16712190","153","0","18","1","1243604","","","","","","","","","","","","","","","","","16712174","0","0"
"408","-1","-1","0","","","","","连战连胜","","","","","","","","","","","","16712190","","","","","在80级时获得连续10场排位赛的胜利。","","","","","","","","","","","","16712190","165","10","18","0","11","","","","","","","","","","","","","","","","","16712174","0","0"
"644","-1","429","0","","","","","厄运之槌的国王","","","","","","","","","","","","16712190","","","","","扫清厄运之槌的所有分支。","","","","","","","","","","","","16712190","14808","10","18","0","559","","","","","","","","","","","","","","","","","16712174","0","0"
"668","-1","542","0","","","","","鲜血熔炉（英雄难度）","","","","","","","","","","","","16712190","","","","","击败击碎者克里丹（英雄难度）。","","","","","","","","","","","","16712190","14805","10","18","0","3629","","","","","","","","","","","","","","","","","16712174","0","0"
"773","-1","-1","0","","","","","探索辛特兰","","","","","","","","","","","","16712190","","","","","探索辛特兰，走过世界地图中被遮住的各个角落。","","","","","","","","","","","","16712190","14777","10","18","0","3556","","","","","","","","","","","","","","","","","16712174","0","0"
"855","-1","-1","0","","","","","探索月光林地","","","","","","","","","","","","16712190","","","","","探索月光林地，走过世界地图中被遮住的各个角落。","","","","","","","","","","","","16712190","14778","10","18","0","1660","","","","","","","","","","","","","","","","","16712174","0","0"
"889","-1","-1","891","","","","","迅如闪电","","","","","","","","","","","","16712190","","","","","学习中级骑术。","","","","","","","","","","","","16712190","92","10","18","0","836","","","","","","","","","","","","","","","","","16712174","0","0"
"963","1","-1","0","","","","","卡利姆多的糖果","","","","","","","","","","","","16712190","","","","","找到卡利姆多的糖罐。","","","","","","","","","","","","16712190","158","10","18","0","3509","","","","","","","","","","","","","","","","","16712174","0","0"
"1006","0","-1","0","","","","","城市卫兵","","","","","","","","","","","","16712190","","","","","在你所属阵营的任意主城中杀死50个敌对阵营的玩家。","","","","","","","","","","","","16712190","95","10","18","136","3575","","","","","","","","","","","","","","","","","16712174","0","0"
"1033","0","-1","0","","","","","外域灭火","","","","","","","","","","","","16712190","","","","","亵渎联盟在外域的篝火。","","","","","","","","","","","","16712190","161","10","18","0","1920","","","","","","","","","","","","","","","","","16712174","0","0"
"1085","-1","565","0","","","","","杀死格鲁尔（格鲁尔的巢穴）","","","","","","","","","","","","16712190","","","","","杀死格鲁尔（格鲁尔的巢穴）","","","","","","","","","","","","16712190","14822","5","18","1","2798","","","","","","","","","","","","","","","","","16712174","0","0"
"1166","-1","30","0","","","","","曝光的照片","","","","","","","","","","","","16712190","","","","","在奥特兰克山谷中拾取提古勒和弗洛尔的合影。","","","","","","","","","","","","16712190","14801","10","18","0","2990","","","","","","","","","","","","","","","","","16712174","0","0"
"1410","-1","-1","0","","","","","服务器第一！80级兽人","","","","","","","","","","","","16712190","","","","","本服务器第一个达到80级的兽人。","","","","","","","","","","","","16712190","81","0","18","256","3289","","","","","","","","","","","","","","","","","16712174","0","0"
"1512","-1","602","0","","","","","杀死洛肯（英雄闪电大厅）","","","","","","","","","","","","16712190","","","","","杀死洛肯（英雄闪电大厅）","","","","","","","","","","","","16712190","14823","5","18","1","320","","","","","","","","","","","","","","","","","2130641388","0","0"
"1517","-1","571","0","","","","","诺森德渔夫","","","","","","","","","","","","16712190","","","","","在下列指定渔点中各钓上一条鱼来。","","","","","","","","","","","","16712190","171","10","18","0","3692","","","","","","","","","","","","","","","","","2080309740","0","0"
"1596","-1","-1","0","","","","","达库鲁的知己","","","","","","","","","","","","16712190","","","","","完成下列与达库鲁有关的主线剧情任务。","","","","","","","","","","","","16712190","14863","10","18","0","3479","","","","","","","","","","","","","","","","","2113864172","0","0"
"1681","1","-1","0","","","","","博学者","","","","","","","","","","","","16712190","","","","","完成下列任务成就。","","","","","","","","","","","","16712190","96","10","18","0","1644","","","","","奖励：头衔 & 博学者的罩衫","","","","","","","","","","","","16712190","0","0"
"1692","1","-1","0","","","","","欢乐使者","","","","","","","","","","","","16712190","","","","","完成下列冬幕节成就。","","","","","","","","","","","","16712190","155","10","18","0","3695","","","","","头衔奖励：欢乐使者","","","","","","","","","","","","16712190","0","0"
"1740","-1","-1","0","","","","","学习制皮配方","","","","","","","","","","","","16712190","","","","","学习制皮配方","","","","","","","","","","","","16712190","173","0","18","1","4","","","","","","","","","","","","","","","","","2113864172","0","0"
"1756","-1","-1","0","","","","","巫妖王 - 杀死25人团队首领的次数","","","","","","","","","","","","16712190","","","","","巫妖王 - 杀死25人团队首领的次数","","","","","","","","","","","","16712190","14807","0","18","9","1","","","","","","","","","","","","","","","","","2113864172","0","0"
"1774","-1","-1","0","","","","","饮用不同的饮料","","","","","","","","","","","","16712190","","","","","饮用不同的饮料","","","","","","","","","","","","16712190","145","0","18","33","1","","","","","","","","","","","","","","","","","2080309740","0","346"
"1781","-1","-1","0","","","","","小动物诱拐者","","","","","","","","","","","","16712190","","","","","使用小动物的零食，在3分钟内诱使10只小动物成为你的宠物。","","","","","","","","","","","","16712190","170","10","18","0","2482","","","","","","","","","","","","","","","","","2130641388","0","0"
"1919","-1","574","0","","","","","加些冰块","","","","","","","","","","","","16712190","","","","","在不击碎任何冰霜墓穴的情况下击败乌特加德城堡的凯雷塞斯王子（英雄难度）。","","","","","","","","","","","","16712190","14921","10","18","0","3260","","","","","","","","","","","","","","","","","2130641388","0","0"
"2136","-1","-1","0","","","","","英雄的荣耀","","","","","","","","","","","","16712190","","","","","完成下列英雄难度地下城成就。","","","","","","","","","","","","16712190","168","25","18","0","3494","","","","","奖励：红色始祖幼龙","","","","","","","","","","","","16712190","0","0"
"2176","-1","533","0","","","","","同生共死（10人）","","","","","","","","","","","","16712190","","","","","击败纳克萨玛斯的天启四骑士，确保他们的死亡时间之差前后总共不超过15秒（10人）。","","","","","","","","","","","","16712190","14922","10","18","0","3005","","","","","","","","","","","","","","","","","2130641388","0","0"
"2177","-1","533","0","","","","","同生共死（25人）","","","","","","","","","","","","16712190","","","","","击败纳克萨玛斯的天启四骑士，确保他们的死亡时间之差前后总共不超过15秒（25人）。","","","","","","","","","","","","16712190","14923","10","18","0","3005","","","","","","","","","","","","","","","","","2130641388","0","0"
"2195","0","-1","0","","","","","远古海滩主宰","","","","","","","","","","","","16712190","","","","","完成下列远古海滩成就。","","","","","","","","","","","","16712190","14881","25","18","0","3402","","","","","","","","","","","","","","","","","2113864172","0","0"
"2770","1","-1","2782","","","","","尊贵的联盟冠军","","","","","","","","","","","","16712190","","","","","在所有联盟种族阵营中达到崇拜声望，并获得在银色锦标赛中代表所有联盟种族出战的资格。","","","","","","","","","","","","16712190","14941","10","18","0","3807","","","","","","","","","","","","","","","","","2113864172","0","0"
"2884","-1","603","0","","","","","杀死XT-002拆解者（25人奥杜尔）","","","","","","","","","","","","16712190","","","","","杀死XT-002拆解者（25人奥杜尔）","","","","","","","","","","","","16712190","14963","10","18","1","1700","","","","","","","","","","","","","","","","","2113864172","0","0"
"2927","-1","603","0","","","","","热锅中的蚂蚁（10人）","","","","","","","","","","","","16712190","","","","","被扔进掌炉者伊格尼斯的熔渣炉，并且存活下来（10人）。","","","","","","","","","","","","16712190","14961","10","18","0","31","","","","","","","","","","","","","","","","","2080309740","0","0"
"2928","-1","603","0","","","","","热锅中的蚂蚁（25人）","","","","","","","","","","","","16712190","","","","","被扔进掌炉者伊格尼斯的熔渣炉，并且存活下来（25人）。","","","","","","","","","","","","16712190","14962","10","18","0","31","","","","","","","","","","","","","","","","","2080309740","0","0"
"3136","-1","624","0","","","","","风暴看守者埃玛尔隆（10人）","","","","","","","","","","","","16712190","","","","","击败风暴看守者埃玛尔隆（10人）。","","","","","","","","","","","","16712190","14901","10","18","0","2350","","","","","","","","","","","","","","","","","2130641388","0","0"
"3857","1","-1","0","","","","","征服之岛主宰","","","","","","","","","","","","16712190","","","","","完成下列征服之岛成就。","","","","","","","","","","","","16712190","15003","25","18","0","3387","","","","","奖励：征服之岛战袍","","","","","","","","","","","","16712190","0","0"
"4030","-1","-1","0","","","","","击败诺森德猛兽（10人大十字军的试炼）","","","","","","","","","","","","16712190","","","","","击败诺森德猛兽（10人大十字军的试炼）","","","","","","","","","","","","16712190","15021","0","18","1","1","","","","","","","","","","","","","","","","","16712172","0","0"
"4577","-1","631","0","","","","","勤通风，多喝水（10人）","","","","","","","","","","","","16712190","","","","","击败烂肠，并保证团队中无人累积到3层播种疫苗效果（10人）。","","","","","","","","","","","","16712190","15041","10","18","0","4162","","","","","","","","","","","","","","","","","16712188","1","0"
"4615","-1","631","0","","","","","勤通风，多喝水（25人）","","","","","","","","","","","","16712190","","","","","击败烂肠，并保证团队中无人累积到3层播种疫苗效果（25人）。","","","","","","","","","","","","16712190","15042","10","18","0","4162","","","","","","","","","","","","","","","","","16712188","1","0"
"4640","-1","-1","0","","","","","杀死玛洛加尔领主（英雄难度10人冰冠堡垒）","","","","","","","","","","","","16712190","","","","","杀死玛洛加尔领主（英雄难度10人冰冠堡垒）","","","","","","","","","","","","16712190","15062","0","18","1","1","","","","","","","","","","","","","","","","","16712188","0","0"
"347","-1","-1","0","","","","","食用食品","","","","","","","","","","","","16712190","","","","","食用食品","","","","","","","","","","","","16712190","145","0","19","9","4","","","","","","","","","","","","","","","","","16712174","0","0"
"585","-1","-1","0","","","","","夺取风暴之眼旗帜","","","","","","","","","","","","16712190","","","","","夺取风暴之眼旗帜","","","","","","","","","","","","16712190","153","0","19","1","1","","","","","","","","","","","","","","","","","16712174","0","0"
"596","-1","-1","0","","","","","最高的5人战队个人等级","","","","","","","","","","","","16712190","","","","","最高的5人战队个人等级","","","","","","","","","","","","16712190","152","0","19","1","1","","","","","","","","","","","","","","","","","16712174","0","0"
"603","0","-1","0","","","","","部落之怒","","","","","","","","","","","","16712190","","","","","在下列主城中各杀死5名联盟玩家。","","","","","","","","","","","","16712190","95","10","19","0","2815","","","","","","","","","","","","","","","","","16712174","0","0"
"645","-1","289","0","","","","","通灵学院","","","","","","","","","","","","16712190","","","","","击败通灵学院的首领。","","","","","","","","","","","","16712190","14808","10","19","0","308","","","","","","","","","","","","","","","","","16712174","0","0"
"669","-1","547","0","","","","","奴隶围栏（英雄难度）","","","","","","","","","","","","16712190","","","","","击败夸格米拉（英雄难度）。","","","","","","","","","","","","16712190","14805","10","19","0","3591","","","","","","","","","","","","","","","","","16712174","0","0"
"774","-1","-1","0","","","","","探索灼热峡谷","","","","","","","","","","","","16712190","","","","","探索灼热峡谷，走过世界地图中被遮住的各个角落。","","","","","","","","","","","","16712190","14777","10","19","0","3566","","","","","","","","","","","","","","","","","16712174","0","0"
"856","-1","-1","0","","","","","探索希利苏斯","","","","","","","","","","","","16712190","","","","","探索希利苏斯，走过世界地图中被遮住的各个角落。","","","","","","","","","","","","16712190","14778","10","19","0","3567","","","","","","","","","","","","","","","","","16712174","0","0"
"890","-1","-1","889","","","","","向远方奔跑","","","","","","","","","","","","16712190","","","","","学习高级骑术。","","","","","","","","","","","","16712190","92","10","19","0","2054","","","","","","","","","","","","","","","","","16712174","0","0"
"966","1","-1","0","","","","","东部王国的糖果","","","","","","","","","","","","16712190","","","","","找到东部王国的糖罐。","","","","","","","","","","","","16712190","158","10","19","0","2951","","","","","","","","","","","","","","","","","16712174","0","0"
"1037","0","-1","0","","","","","亵渎联盟","","","","","","","","","","","","16712190","","","","","完成“东部王国灭火”、“卡利姆多灭火”和“外域灭火”成就。","","","","","","","","","","","","16712190","161","10","19","0","1920","","","","","","","","","","","","","","","","","16712174","0","0"
"1086","-1","544","0","","","","","杀死玛瑟里顿（玛瑟里顿的巢穴）","","","","","","","","","","","","16712190","","","","","杀死玛瑟里顿（玛瑟里顿的巢穴）","","","","","","","","","","","","16712190","14822","5","19","1","2675","","","","","","","","","","","","","","","","","16712174","0","0"
"1162","-1","-1","0","","","","","再接再厉","","","","","","","","","","","","16712190","","","","","在80级时获得连续10场排位赛的胜利，且保持战队等级在1800以上。","","","","","","","","","","","","16712190","165","10","19","0","11","","","","","","","","","","","","","","","","","16712174","0","0"
"1167","1","-1","0","","","","","奥特兰克山谷主宰","","","","","","","","","","","","16712190","","","","","完成下列奥特兰克山谷成就。","","","","","","","","","","","","16712190","14801","25","19","0","2839","","","","","","","","","","","","","","","","","16712174","0","0"
"1172","1","-1","0","","","","","战歌峡谷主宰","","","","","","","","","","","","16712190","","","","","完成下列战歌峡谷成就。","","","","","","","","","","","","16712190","14804","25","19","0","2835","","","","","","","","","","","","","","","","","16712174","0","0"
"1239","-1","578","0","","","","","杀死魔网守护者埃雷苟斯（魔环）","","","","","","","","","","","","16712190","","","","","杀死魔网守护者埃雷苟斯（魔环）","","","","","","","","","","","","16712190","14823","5","19","1","180","","","","","","","","","","","","","","","","","2113864174","0","0"
"1277","-1","-1","0","","","","","迅速防御","","","","","","","","","","","","16712190","","","","","在不组队的情况下，3分钟内完成“保卫龙眠神殿”任务。","","","","","","","","","","","","16712190","14863","10","19","0","1700","","","","","","","","","","","","","","","","","2113864174","0","0"
"1411","-1","-1","0","","","","","服务器第一！80级牛头人","","","","","","","","","","","","16712190","","","","","本服务器第一个达到80级的牛头人。","","","","","","","","","","","","16712190","81","0","19","256","3326","","","","","","","","","","","","","","","","","16712174","0","0"
"1537","-1","-1","0","","","","","最高的采矿技能","","","","","","","","","","","","16712190","","","","","最高的采矿技能","","","","","","","","","","","","16712190","173","0","19","1","1","","","","","","","","","","","","","","","","","2080309740","0","0"
"1682","0","-1","0","","","","","博学者","","","","","","","","","","","","16712190","","","","","完成下列任务成就。","","","","","","","","","","","","16712190","96","10","19","0","1644","","","","","奖励：头衔 & 博学者的罩衫","","","","","","","","","","","","16712190","0","0"
"1759","-1","-1","0","","","","","巫妖王 - 杀死不同的25人团队首领的总数","","","","","","","","","","","","16712190","","","","","巫妖王 - 杀死不同的25人团队首领的总数","","","","","","","","","","","","16712190","14807","0","19","33","1","","","","","","","","","","","","","","","","","2113864172","0","1756"
"1785","-1","-1","0","","","","","不可能的晚餐","","","","","","","","","","","","16712190","","","","","在下列战场中摆放大型筵席。","","","","","","","","","","","","16712190","170","10","19","0","1578","","","","","","","","","","","","","","","","","2113864172","0","0"
"2137","-1","-1","0","","","","","团队的荣耀（10人）","","","","","","","","","","","","16712190","","","","","完成下列10人模式团队副本成就。","","","","","","","","","","","","16712190","168","25","19","0","3499","","","","","","","","","","","","","","","","","16712190","0","0"
"2144","1","-1","0","","","","","千奇百怪的漫长旅行","","","","","","","","","","","","16712190","","","","","完成下列世界事件成就。","","","","","","","","","","","","16712190","155","50","19","0","3500","","","","","奖励：紫色始祖幼龙","","","","","","","","","","","","16712190","0","0"
"2146","-1","533","0","","","","","百点俱乐部（10人）","","","","","","","","","","","","16712190","","","","","在团队中的所有成员冰霜抗性都不超过100点的情况下，击败纳克萨玛斯的萨菲隆（10人）。","","","","","","","","","","","","16712190","14922","10","19","0","1700","","","","","","","","","","","","","","","","","2113864172","0","0"
"2147","-1","533","0","","","","","百点俱乐部（25人）","","","","","","","","","","","","16712190","","","","","在团队中的所有成员冰霜抗性都不超过100点的情况下，击败纳克萨玛斯的萨菲隆（25人）。","","","","","","","","","","","","16712190","14923","10","19","0","1700","","","","","","","","","","","","","","","","","2113864172","0","0"
"2150","-1","-1","0","","","","","分裂人格","","","","","","","","","","","","16712190","","","","","在魔枢的大魔导师泰蕾丝塔两次分身时，相隔5秒之内击杀她的每个分身，然后击败她（英雄难度）。","","","","","","","","","","","","16712190","14921","10","19","0","3392","","","","","","","","","","","","","","","","","2080309740","0","0"
"2817","1","-1","2770","","","","","尊贵的联盟银色冠军","","","","","","","","","","","","16712190","","","","","在所有联盟种族阵营中达到崇拜声望，并获得在银色锦标赛中代表所有联盟种族出战的资格。","","","","","","","","","","","","16712190","14941","10","19","0","3807","","","","","头衔奖励：十字军。在银色锦标赛解锁十字军日常任务。","","","","","","","","","","","","16712190","0","0"
"2885","-1","603","0","","","","","杀死钢铁议会（25人奥杜尔）","","","","","","","","","","","","16712190","","","","","杀死钢铁议会（25人奥杜尔）","","","","","","","","","","","","16712190","14963","10","19","1","1700","","","","","","","","","","","","","","","","","2113864172","0","0"
"2929","-1","603","0","","","","","煽风点火（25人）","","","","","","","","","","","","16712190","","","","","在4分钟内击败掌炉者伊格尼斯（25人）。","","","","","","","","","","","","16712190","14962","10","19","0","3855","","","","","","","","","","","","","","","","","2080309740","0","0"
"2930","-1","603","0","","","","","煽风点火（10人）","","","","","","","","","","","","16712190","","","","","在4分钟内击败掌炉者伊格尼斯（10人）。","","","","","","","","","","","","16712190","14961","10","19","0","3855","","","","","","","","","","","","","","","","","2080309740","0","0"
"3137","-1","624","0","","","","","风暴看守者埃玛尔隆（25人）","","","","","","","","","","","","16712190","","","","","击败风暴看守者埃玛尔隆（25人）。","","","","","","","","","","","","16712190","14901","10","19","0","2350","","","","","","","","","","","","","","","","","2130641388","0","0"
"3217","-1","-1","0","","","","","玛西娅的工作","","","","","","","","","","","","16712190","","","","","完成下列的5个玛西娅·切斯的钓鱼日常任务。","","","","","","","","","","","","16712190","171","10","19","0","2933","","","","","","","","","","","","","","","","","2113864172","0","0"
"3957","0","-1","0","","","","","征服之岛主宰","","","","","","","","","","","","16712190","","","","","完成下列征服之岛成就。","","","","","","","","","","","","16712190","15003","25","19","0","3387","","","","","奖励：征服之岛战袍","","","","","","","","","","","","16712190","0","0"
"4031","-1","-1","0","","","","","击败诺森德猛兽（25人十字军的试炼）","","","","","","","","","","","","16712190","","","","","击败诺森德猛兽（25人十字军的试炼）","","","","","","","","","","","","16712190","15021","0","19","1","1","","","","","","","","","","","","","","","","","16712172","0","0"
"4578","-1","631","0","","","","","反胃、烧心、消化不良……（10人）","","","","","","","","","","","","16712190","","","","","在憎恶不使用回流软泥的情况下，击败普崔塞德教授（10人）。","","","","","","","","","","","","16712190","15041","10","19","0","4163","","","","","","","","","","","","","","","","","16712188","1","0"
"4616","-1","631","0","","","","","反胃、烧心、消化不良……（25人）","","","","","","","","","","","","16712190","","","","","在憎恶不使用回流软泥的情况下，击败普崔塞德教授（25人）。","","","","","","","","","","","","16712190","15042","10","19","0","4163","","","","","","","","","","","","","","","","","16712188","1","0"
"4641","-1","-1","0","","","","","杀死玛洛加尔领主（普通难度25人冰冠堡垒）","","","","","","","","","","","","16712190","","","","","杀死玛洛加尔领主（普通难度25人冰冠堡垒）","","","","","","","","","","","","16712190","15062","0","19","1","1","","","","","","","","","","","","","","","","","16712188","0","0"
"272","-1","-1","0","","","","","火炬杂耍","","","","","","","","","","","","16712190","","","","","在达拉然城中，15秒内进行40次扔火炬杂耍。","","","","","","","","","","","","16712190","161","10","20","0","2944","","","","","","","","","","","","","","","","","16712174","0","0"
"395","-1","-1","0","","","","","夺取战歌峡谷旗帜","","","","","","","","","","","","16712190","","","","","夺取战歌峡谷旗帜","","","","","","","","","","","","16712190","153","0","20","1","1243604","","","","","","","","","","","","","","","","","16712174","0","0"
"409","-1","-1","0","","","","","最后一人","","","","","","","","","","","","16712190","","","","","在80级的5v5竞技场积分赛中成为最后一名幸存者。","","","","","","","","","","","","16712190","165","10","20","0","2176","","","","","","","","","","","","","","","","","16712174","0","0"
"595","-1","-1","0","","","","","最高的3人战队个人等级","","","","","","","","","","","","16712190","","","","","最高的3人战队个人等级","","","","","","","","","","","","16712190","152","0","20","1","1","","","","","","","","","","","","","","","","","16712174","0","0"
"604","1","-1","0","","","","","联盟之怒","","","","","","","","","","","","16712190","","","","","在下列主城中各杀死5名部落玩家。","","","","","","","","","","","","16712190","95","10","20","0","2503","","","","","","","","","","","","","","","","","16712174","0","0"
"646","-1","329","0","","","","","斯坦索姆","","","","","","","","","","","","16712190","","","","","击败隐藏在斯坦索姆城中的邪恶头目。","","","","","","","","","","","","16712190","14808","10","20","0","2718","","","","","","","","","","","","","","","","","16712174","0","0"
"670","-1","546","0","","","","","幽暗沼泽（英雄难度）","","","","","","","","","","","","16712190","","","","","击败黑色阔步者（英雄难度）。","","","","","","","","","","","","16712190","14805","10","20","0","3823","","","","","","","","","","","","","","","","","16712174","0","0"
"766","-1","-1","0","","","","","探索诅咒之地","","","","","","","","","","","","16712190","","","","","探索诅咒之地，走过世界地图中被遮住的各个角落。","","","","","","","","","","","","16712190","14777","10","20","0","3550","","","","","","","","","","","","","","","","","16712174","0","0"
"857","-1","-1","0","","","","","探索冬泉谷","","","","","","","","","","","","16712190","","","","","探索冬泉谷，走过世界地图中被遮住的各个角落。","","","","","","","","","","","","16712190","14778","10","20","0","3587","","","","","","","","","","","","","","","","","16712174","0","0"
"892","-1","-1","890","","","","","这就对了","","","","","","","","","","","","16712190","","","","","学习专家级骑术。","","","","","","","","","","","","16712190","92","10","20","0","2055","","","","","","","","","","","","","","","","","16712174","0","0"
"969","1","-1","0","","","","","外域的糖果","","","","","","","","","","","","16712190","","","","","找到外域的糖罐。","","","","","","","","","","","","16712190","158","10","20","0","2952","","","","","","","","","","","","","","","","","16712174","0","0"
"1087","-1","548","0","","","","","杀死瓦丝琪（毒蛇神殿）","","","","","","","","","","","","16712190","","","","","杀死瓦丝琪（毒蛇神殿）","","","","","","","","","","","","16712190","14822","5","20","1","2379","","","","","","","","","","","","","","","","","16712174","0","0"
"1168","0","-1","0","","","","","奥特兰克山谷主宰","","","","","","","","","","","","16712190","","","","","完成下列奥特兰克山谷成就。","","","","","","","","","","","","16712190","14801","25","20","0","2839","","","","","","","","","","","","","","","","","16712174","0","0"
"1173","0","-1","0","","","","","战歌峡谷主宰","","","","","","","","","","","","16712190","","","","","完成下列战歌峡谷成就。","","","","","","","","","","","","16712190","14804","25","20","0","2835","","","","","","","","","","","","","","","","","16712174","0","0"
"1243","-1","-1","0","","","","","鱼没有脚印","","","","","","","","","","","","16712190","","","","","学习寻找渔点技能。","","","","","","","","","","","","16712190","171","10","20","0","3701","","","","","","","","","","","","","","","","","2097086958","0","0"
"1412","-1","-1","0","","","","","服务器第一！80级巨魔","","","","","","","","","","","","16712190","","","","","本服务器第一个达到80级的巨魔。","","","","","","","","","","","","16712190","81","0","20","256","3291","","","","","","","","","","","","","","","","","16712174","0","0"
"1428","-1","-1","0","","","","","扫雷","","","","","","","","","","","","16712190","","","","","在斯巴索克雷区连续被10枚地雷炸到，期间不落地。","","","","","","","","","","","","16712190","14863","10","20","0","1755","","","","","","","","","","","","","","","","","2113864172","0","0"
"1513","-1","578","0","","","","","杀死魔网守护者埃雷苟斯（英雄魔环）","","","","","","","","","","","","16712190","","","","","杀死魔网守护者埃雷苟斯（英雄魔环）","","","","","","","","","","","","16712190","14823","5","20","1","180","","","","","","","","","","","","","","","","","2130641388","0","0"
"1760","-1","-1","0","","","","","巫妖王 - 最常杀死的25人团队首领","","","","","","","","","","","","16712190","","","","","巫妖王 - 最常杀死的25人团队首领","","","","","","","","","","","","16712190","14807","0","20","17","1","","","","","","","","","","","","","","","","","2113864172","0","1756"
"1775","-1","-1","0","","","","","食用不同的食物","","","","","","","","","","","","16712190","","","","","食用不同的食物","","","","","","","","","","","","16712190","145","0","20","33","1","","","","","","","","","","","","","","","","","2080309740","0","347"
"1795","-1","-1","0","","","","","午餐女仆","","","","","","","","","","","","16712190","","","","","学习25个烹饪食谱。","","","","","","","","","","","","16712190","170","10","20","0","2353","","","","","","","","","","","","","","","","","2130641388","0","0"
"2036","-1","576","0","","","","","极度冰寒","","","","","","","","","","","","16712190","","","","","在极度冰寒效果不叠加到两层以上的情况下，击败魔枢的克莉斯塔萨（英雄难度）。","","","","","","","","","","","","16712190","14921","10","20","0","2965","","","","","","","","","","","","","","","","","2113864172","0","0"
"2138","-1","-1","0","","","","","团队的荣耀（10人）","","","","","","","","","","","","16712190","","","","","完成下列25人模式团队副本成就。","","","","","","","","","","","","16712190","168","25","20","0","2044","","","","","","","","","","","","","","","","","16712190","0","0"
"2145","0","-1","0","","","","","千奇百怪的漫长旅行","","","","","","","","","","","","16712190","","","","","完成下列世界事件成就。","","","","","","","","","","","","16712190","155","50","20","0","3500","","","","","奖励：紫色始祖幼龙","","","","","","","","","","","","16712190","0","0"
"2184","-1","533","0","","","","","远远不够（10人）","","","","","","","","","","","","16712190","","","","","在克尔苏加德的大厅中杀死至少18个憎恶的情况下，击败纳克萨玛斯的克尔苏加德（10人）。","","","","","","","","","","","","16712190","14922","10","20","0","2623","","","","","","","","","","","","","","","","","2080309740","0","0"
"2185","-1","533","0","","","","","远远不够（25人）","","","","","","","","","","","","16712190","","","","","在克尔苏加德的大厅中杀死至少18个憎恶的情况下，击败纳克萨玛斯的克尔苏加德（25人）。","","","","","","","","","","","","16712190","14923","10","20","0","2623","","","","","","","","","","","","","","","","","2080309740","0","0"
"2783","0","-1","0","","","","","奥格瑞玛冠军","","","","","","","","","","","","16712190","","","","","获得在银色锦标赛中代表奥格瑞玛出战的资格。","","","","","","","","","","","","16712190","14941","10","20","0","3802","","","","","","","","","","","","","","","","","2080309740","0","0"
"2875","-1","603","0","","","","","杀死科隆加恩（25人奥杜尔）","","","","","","","","","","","","16712190","","","","","杀死科隆加恩（25人奥杜尔）","","","","","","","","","","","","16712190","14963","10","20","1","1700","","","","","","","","","","","","","","","","","2113864172","0","0"
"2931","-1","603","0","","","","","削弱工程学（10人）","","","","","","","","","","","","16712190","","","","","在没有让任何XS-013废料机器人为XT-002拆解者进行修复的情况下击败它（10人）。","","","","","","","","","","","","16712190","14961","10","20","0","3857","","","","","","","","","","","","","","","","","2080309740","0","0"
"2932","-1","603","0","","","","","削弱工程学（25人）","","","","","","","","","","","","16712190","","","","","在没有让任何XS-013废料机器人为XT-002拆解者进行修复的情况下击败它（25人）。","","","","","","","","","","","","16712190","14962","10","20","0","3857","","","","","","","","","","","","","","","","","2080309740","0","0"
"3216","-1","-1","0","","","","","学会熔炼配方","","","","","","","","","","","","16712190","","","","","学会熔炼配方","","","","","","","","","","","","16712190","173","0","20","1","4","","","","","","","","","","","","","","","","","4278125036","0","0"
"3836","-1","624","0","","","","","火焰看守者科拉隆（10人）","","","","","","","","","","","","16712190","","","","","击败火焰看守者科拉隆（10人）。","","","","","","","","","","","","16712190","14901","10","20","0","2019","","","","","","","","","","","","","","","","","16718847","0","0"
"4029","-1","-1","0","","","","","击败诺森德猛兽（25人大十字军的试炼）","","","","","","","","","","","","16712190","","","","","击败诺森德猛兽（25人大十字军的试炼）","","","","","","","","","","","","16712190","15021","0","20","1","1","","","","","","","","","","","","","","","","","16712172","0","0"
"4582","-1","631","0","","","","","宝珠低语者（10人）","","","","","","","","","","","","16712190","","","","","在没有任何团队成员从单次攻击中受到23000点法术伤害的情况下，击败鲜血议会（10人）。","","","","","","","","","","","","16712190","15041","10","20","0","4164","","","","","","","","","","","","","","","","","16712188","1","0"
"4617","-1","631","0","","","","","宝珠低语者（25人）","","","","","","","","","","","","16712190","","","","","在没有任何团队成员从单次攻击中受到25000点法术伤害的情况下，击败鲜血议会（25人）。","","","","","","","","","","","","16712190","15042","10","20","0","4164","","","","","","","","","","","","","","","","","16712188","1","0"
"4642","-1","-1","0","","","","","杀死玛洛加尔领主（英雄难度25人冰冠堡垒）","","","","","","","","","","","","16712190","","","","","杀死玛洛加尔领主（英雄难度25人冰冠堡垒）","","","","","","","","","","","","16712190","15062","0","20","1","1","","","","","","","","","","","","","","","","","16712188","0","0"
"41","1","-1","0","","","","","诺森德的博学者","","","","","","","","","","","","16712190","","","","","完成下列诺森德任务成就。","","","","","","","","","","","","16712190","14863","10","21","0","3493","","","","","","","","","","","","","","","","","16712174","0","0"
"370","-1","-1","0","","","","","最高的2人战队个人等级","","","","","","","","","","","","16712190","","","","","最高的2人战队个人等级","","","","","","","","","","","","16712190","152","0","21","1","4","","","","","","","","","","","","","","","","","16712174","0","0"
"586","-1","-1","0","","","","","归还战歌峡谷旗帜","","","","","","","","","","","","16712190","","","","","归还战歌峡谷旗帜","","","","","","","","","","","","16712190","153","0","21","1","1","","","","","","","","","","","","","","","","","16712174","0","0"
"610","1","1","0","","","","","杀死酋长！","","","","","","","","","","","","16712190","","","","","杀死萨尔。","","","","","","","","","","","","16712190","95","10","21","0","3660","","","","","","","","","","","","","","","","","16712174","0","0"
"671","-1","557","0","","","","","法力陵墓（英雄难度）","","","","","","","","","","","","16712190","","","","","击败节点亲王沙法尔（英雄难度）。","","","","","","","","","","","","16712190","14805","10","21","0","3666","","","","","","","","","","","","","","","","","16712174","0","0"
"688","-1","-1","0","","","","","祖尔格拉布","","","","","","","","","","","","16712190","","","","","击败哈卡。","","","","","","","","","","","","16712190","14808","10","21","0","3651","","","","","","","","","","","","","","","","","16712174","1","0"
"775","-1","-1","0","","","","","探索燃烧平原","","","","","","","","","","","","16712190","","","","","探索燃烧平原，走过世界地图中被遮住的各个角落。","","","","","","","","","","","","16712190","14777","10","21","0","3552","","","","","","","","","","","","","","","","","16712174","0","0"
"964","-1","-1","0","","","","","失足坠落？","","","","","","","","","","","","16712190","","","","","从65码的高度掉落下来，但是不摔死。","","","","","","","","","","","","16712190","92","10","21","0","2901","","","","","","","","","","","","","","","","","16712174","0","0"
"970","1","-1","0","","","","","艾泽拉斯的糖果","","","","","","","","","","","","16712190","","","","","完成卡利姆多、东部王国和外域的糖果成就。","","","","","","","","","","","","16712190","158","20","21","0","1743","","","","","","","","","","","","","","","","","16712174","0","0"
"1088","-1","550","0","","","","","杀死凯尔萨斯·逐日者（风暴要塞）","","","","","","","","","","","","16712190","","","","","杀死凯尔萨斯·逐日者（风暴要塞）","","","","","","","","","","","","16712190","14822","5","21","1","2800","","","","","","","","","","","","","","","","","16712174","0","0"
"1240","-1","575","0","","","","","杀死伊米隆国王（乌特加德之巅）","","","","","","","","","","","","16712190","","","","","杀死伊米隆国王（乌特加德之巅）","","","","","","","","","","","","16712190","14823","5","21","1","2885","","","","","","","","","","","","","","","","","2113864174","0","0"
"1413","-1","-1","0","","","","","服务器第一！80级亡灵","","","","","","","","","","","","16712190","","","","","本服务器第一个达到80级的亡灵。","","","","","","","","","","","","16712190","81","0","21","256","3292","","","","","","","","","","","","","","","","","16712174","0","0"
"1541","-1","-1","0","","","","","最高的剥皮技能","","","","","","","","","","","","16712190","","","","","最高的剥皮技能","","","","","","","","","","","","16712190","173","0","21","1","1","","","","","","","","","","","","","","","","","2080309740","0","0"
"1776","-1","-1","0","","","","","最常吃的食品","","","","","","","","","","","","16712190","","","","","最常吃的食品","","","","","","","","","","","","16712190","145","0","21","17","1","","","","","","","","","","","","","","","","","2080309740","0","347"
"1796","-1","-1","1795","","","","","散点厨师","","","","","","","","","","","","16712190","","","","","学习50个烹饪食谱。","","","","","","","","","","","","16712190","170","10","21","0","1788","","","","","","","","","","","","","","","","","2130641388","0","0"
"2037","-1","576","0","","","","","混沌理论","","","","","","","","","","","","16712190","","","","","在不摧毁任何混乱裂隙的情况下击败魔枢的阿诺玛鲁斯（英雄难度）。","","","","","","","","","","","","16712190","14921","10","21","0","3392","","","","","","","","","","","","","","","","","2080309740","0","0"
"2090","-1","-1","0","","","","","挑战者","","","","","","","","","","","","16712190","","","","","在80级的竞技场赛季中获得“挑战者”头衔。","","","","","","","","","","","","16712190","165","10","21","0","3596","","","","","","","","","","","","","","","","","2130641388","1","0"
"2094","-1","571","0","","","","","一枚铜板","","","","","","","","","","","","16712190","","","","","从达拉然的喷泉中钓起下列铜币。","","","","","","","","","","","","16712190","171","10","21","0","3451","","","","","","","","","","","","","","","","","4278125036","0","0"
"2186","-1","533","0","","","","","永恒者","","","","","","","","","","","","16712190","","","","","在一个团队副本周期内，击败25人模式下的纳克萨玛斯中的所有首领，并且在全部首领战中无一人死亡。","","","","","","","","","","","","16712190","14923","10","21","0","2143","","","","","头衔奖励：永恒者","","","","","","","","","","","","16712190","1","0"
"2187","-1","533","0","","","","","不朽者（10人）","","","","","","","","","","","","16712190","","","","","在一个团队副本周期内，击败10人模式下的纳克萨玛斯中的所有首领，并且在全部首领战中无一人死亡。","","","","","","","","","","","","16712190","14922","10","21","0","2292","","","","","头衔奖励：不朽者","","","","","","","","","","","","16712190","1","0"
"2765","0","-1","2783","","","","","尊贵的奥格瑞玛冠军","","","","","","","","","","","","16712190","","","","","在奥格瑞玛阵营中达到崇拜声望，并获得在银色锦标赛中代表奥格瑞玛出战的资格。","","","","","","","","","","","","16712190","14941","10","21","0","3802","","","","","头衔奖励：奥格瑞玛的","","","","","","","","","","","","16712190","0","0"
"2882","-1","603","0","","","","","杀死欧尔莉亚（25人奥杜尔）","","","","","","","","","","","","16712190","","","","","杀死欧尔莉亚（25人奥杜尔）","","","","","","","","","","","","16712190","14963","10","21","1","1700","","","","","","","","","","","","","","","","","2113864172","0","0"
"2933","-1","603","0","","","","","削弱废料机器人（10人）","","","","","","","","","","","","16712190","","","","","使用XE-321爆破机器人，在12秒内击败20个XS-013废料机器人（10人）。","","","","","","","","","","","","16712190","14961","10","21","0","2565","","","","","","","","","","","","","","","","","2080309740","0","0"
"2935","-1","603","0","","","","","削弱废料机器人（25人）","","","","","","","","","","","","16712190","","","","","使用XE-321爆破机器人，在12秒内击败20个XS-013废料机器人（25人）。","","","","","","","","","","","","16712190","14962","10","21","0","2565","","","","","","","","","","","","","","","","","2080309740","0","0"
"2957","-1","-1","0","","","","","奥杜尔团队的荣耀（10人）","","","","","","","","","","","","16712190","","","","","完成下列10人模式团队副本成就。","","","","","","","","","","","","16712190","168","25","21","0","3876","","","","","奖励：铁锈始祖幼龙","","","","","","","","","","","","16712190","0","0"
"3837","-1","624","0","","","","","火焰看守者科拉隆（25人）","","","","","","","","","","","","16712190","","","","","击败火焰看守者科拉隆（25人）。","","","","","","","","","","","","16712190","14901","10","21","0","2019","","","","","","","","","","","","","","","","","16718847","0","0"
"4032","-1","-1","0","","","","","加拉克苏斯大王之死（10人十字军的试炼）","","","","","","","","","","","","16712190","","","","","杀死加拉克苏斯大王（10人十字军的试炼）","","","","","","","","","","","","16712190","15021","0","21","1","1","","","","","","","","","","","","","","","","","16712172","0","0"
"4456","-1","-1","0","","","","","随机巫妖王普通地下城完成次数","","","","","","","","","","","","16712190","","","","","使用寻求组队系统，随机参与《巫妖王之怒》普通难度地下城的完成次数。","","","","","","","","","","","","16712190","14807","0","21","9","1","","","","","","","","","","","","","","","","","16712188","0","0"
"4539","-1","603","0","","","","","一朝被咬，十年胆小（10人）","","","","","","","","","","","","16712190","","","","","在吸血鬼形态下击败鲜血女王兰娜瑟尔，然后再在未变为吸血鬼的情况下击败她一次（10人）。","","","","","","","","","","","","16712190","15041","10","21","0","4165","","","","","","","","","","","","","","","","","16712172","0","0"
"4618","-1","631","0","","","","","一朝被咬，十年胆小（25人）","","","","","","","","","","","","16712190","","","","","在吸血鬼形态下击败鲜血女王兰娜瑟尔，然后再在未变为吸血鬼的情况下击败她一次（25人）。","","","","","","","","","","","","16712190","15042","10","21","0","4165","","","","","","","","","","","","","","","","","16712172","0","0"
"4643","-1","-1","0","","","","","杀死亡语者女士（普通难度10人冰冠堡垒）","","","","","","","","","","","","16712190","","","","","杀死亡语者女士（普通难度10人冰冠堡垒）","","","","","","","","","","","","16712190","15062","0","21","1","1","","","","","","","","","","","","","","","","","16712188","0","0"
"545","-1","-1","0","","","","","理发修面","","","","","","","","","","","","16712190","","","","","去理发店理发。","","","","","","","","","","","","16712190","92","10","22","0","2766","","","","","","","","","","","","","","","","","16712174","0","0"
"589","-1","-1","0","","","","","最高的5人战队等级","","","","","","","","","","","","16712190","","","","","最高的5人战队等级","","","","","","","","","","","","16712190","152","0","22","1","1","","","","","","","","","","","","","","","","","16712174","0","0"
"611","1","1","0","","","","","流血的血蹄","","","","","","","","","","","","16712190","","","","","杀死凯恩·血蹄。","","","","","","","","","","","","16712190","95","10","22","0","3669","","","","","","","","","","","","","","","","","16712174","0","0"
"622","-1","616","0","","","","","织法者的陨落（10人）","","","","","","","","","","","","16712190","","","","","击败玛里苟斯（10人）。","","","","","","","","","","","","16712190","14922","10","22","0","3256","","","","","","","","","","","","","","","","","16712172","0","0"
"623","-1","616","0","","","","","织法者的陨落（25人）","","","","","","","","","","","","16712190","","","","","击败玛里苟斯（25人）。","","","","","","","","","","","","16712190","14923","25","22","0","3257","","","","","","","","","","","","","","","","","16712172","0","0"
"672","-1","558","0","","","","","奥金尼地穴（英雄难度）","","","","","","","","","","","","16712190","","","","","击败大主教玛拉达尔（英雄难度）。","","","","","","","","","","","","16712190","14805","10","22","0","3590","","","","","","","","","","","","","","","","","16712174","0","0"
"689","-1","-1","0","","","","","安其拉废墟","","","","","","","","","","","","16712190","","","","","击败无疤者奥斯里安。","","","","","","","","","","","","16712190","14808","10","22","0","3681","","","","","","","","","","","","","","","","","16712174","1","0"
"777","-1","-1","0","","","","","探索逆风小径","","","","","","","","","","","","16712190","","","","","探索逆风小径，走过世界地图中被遮住的各个角落。","","","","","","","","","","","","16712190","14777","10","22","0","3529","","","","","","","","","","","","","","","","","16712174","0","0"
"812","-1","-1","0","","","","","使用治疗石","","","","","","","","","","","","16712190","","","","","使用治疗石","","","","","","","","","","","","16712190","145","0","22","9","1","","","","","","","","","","","","","","","","","16712174","0","0"
"1089","-1","564","0","","","","","杀死伊利丹·怒风（黑暗神殿）","","","","","","","","","","","","16712190","","","","","杀死伊利丹·怒风（黑暗神殿）","","","","","","","","","","","","16712190","14822","5","22","1","2596","","","","","","","","","","","","","","","","","16712174","0","0"
"1296","-1","601","0","","","","","看着他死","","","","","","","","","","","","16712190","","","","","在看守者加什拉、看守者纳尔伊和看守者希尔希克仍然存活的情况下，击败艾卓-尼鲁布的看门者克里克希尔（英雄难度）。","","","","","","","","","","","","16712190","14921","10","22","0","3250","","","","","","","","","","","","","","","","","2113864172","0","0"
"1360","0","-1","0","","","","","诺森德的博学者","","","","","","","","","","","","16712190","","","","","完成下列诺森德任务成就。","","","","","","","","","","","","16712190","14863","10","22","0","3493","","","","","","","","","","","","","","","","","2113864172","0","0"
"1415","-1","-1","0","","","","","服务器第一！宗师级炼金技能","","","","","","","","","","","","16712190","","","","","本服务器第一个达到450点炼金技能。","","","","","","","","","","","","16712190","81","0","22","256","339","","","","","","","","","","","","","","","","","16712174","0","0"
"1514","-1","575","0","","","","","杀死伊米隆国王（英雄乌特加德之巅）","","","","","","","","","","","","16712190","","","","","杀死伊米隆国王（英雄乌特加德之巅）","","","","","","","","","","","","16712190","14823","5","22","1","2885","","","","","","","","","","","","","","","","","2130641388","0","0"
"1542","-1","-1","0","","","","","最高的裁缝技能","","","","","","","","","","","","16712190","","","","","最高的裁缝技能","","","","","","","","","","","","16712190","173","0","22","1","1","","","","","","","","","","","","","","","","","2080309740","0","0"
"1797","-1","-1","1796","","","","","二厨","","","","","","","","","","","","16712190","","","","","学习75个烹饪食谱。","","","","","","","","","","","","16712190","170","10","22","0","2485","","","","","","","","","","","","","","","","","2130641388","0","0"
"2093","-1","-1","0","","","","","竞争者","","","","","","","","","","","","16712190","","","","","在80级的竞技场赛季中获得“竞争者”头衔。","","","","","","","","","","","","16712190","165","10","22","0","3597","","","","","","","","","","","","","","","","","2130641388","1","0"
"2095","-1","571","0","","","","","城中的银币","","","","","","","","","","","","16712190","","","","","从达拉然的喷泉中钓起下列银币。","","","","","","","","","","","","16712190","171","10","22","0","3450","","","","","","","","","","","","","","","","","4278125036","0","0"
"2784","0","-1","0","","","","","森金冠军","","","","","","","","","","","","16712190","","","","","获得在银色锦标赛中代表森金出战的资格。","","","","","","","","","","","","16712190","14941","10","22","0","3804","","","","","","","","","","","","","","","","","2080309740","0","0"
"2934","-1","603","0","","","","","削弱重力炸弹（10人）","","","","","","","","","","","","16712190","","","","","在团队中无一人死于重力炸弹的情况下击败XT-002拆解者（10人）。","","","","","","","","","","","","16712190","14961","10","22","0","1755","","","","","","","","","","","","","","","","","2080309740","0","0"
"2936","-1","603","0","","","","","削弱重力炸弹（25人）","","","","","","","","","","","","16712190","","","","","在团队中无一人死于重力炸弹的情况下击败XT-002拆解者（25人）。","","","","","","","","","","","","16712190","14962","10","22","0","1755","","","","","","","","","","","","","","","","","2080309740","0","0"
"2958","-1","-1","0","","","","","奥杜尔团队的荣耀（25人）","","","","","","","","","","","","16712190","","","","","完成下列25人模式团队副本成就。","","","","","","","","","","","","16712190","168","25","22","0","3877","","","","","奖励：铁箍始祖幼龙","","","","","","","","","","","","16712190","0","0"
"3256","-1","603","0","","","","","战胜霍迪尔（25人奥杜尔）","","","","","","","","","","","","16712190","","","","","战胜霍迪尔（25人奥杜尔）","","","","","","","","","","","","16712190","14963","10","22","1","1700","","","","","","","","","","","","","","","","","150971388","0","0"
"4033","-1","-1","0","","","","","加拉克苏斯大王之死（10人大十字军的试炼）","","","","","","","","","","","","16712190","","","","","杀死加拉克苏斯大王（10人大十字军的试炼）","","","","","","","","","","","","16712190","15021","0","22","1","1","","","","","","","","","","","","","","","","","16712172","0","0"
"4556","-1","-1","0","","","","","随机巫妖王英雄地下城完成次数","","","","","","","","","","","","16712190","","","","","使用寻求组队系统，随机参与《巫妖王之怒》英雄难度地下城的完成次数。","","","","","","","","","","","","16712190","14807","0","22","9","1","","","","","","","","","","","","","","","","","16712188","0","0"
"4579","-1","631","0","","","","","门神（10人）","","","","","","","","","","","","16712190","","","","","在踏梦者瓦莉瑟瑞娅被治疗至满血以前，进入每个由她生成的传送门（10人）。","","","","","","","","","","","","16712190","15041","10","22","0","3690","","","","","","","","","","","","","","","","","16712188","1","0"
"4585","-1","624","0","","","","","击败寒冰看守者图拉旺（10人）。","","","","","","","","","","","","16712190","","","","","击败寒冰看守者图拉旺（10人）。","","","","","","","","","","","","16712190","14901","10","22","0","681","","","","","","","","","","","","","","","","","16712188","0","0"
"4619","-1","631","0","","","","","门神（25人）","","","","","","","","","","","","16712190","","","","","在踏梦者瓦莉瑟瑞娅被治疗至满血以前，进入每个由她生成的传送门（25人）。","","","","","","","","","","","","16712190","15042","10","22","0","3690","","","","","","","","","","","","","","","","","16712188","1","0"
"4654","-1","-1","0","","","","","杀死亡语者女士（英雄难度10人冰冠堡垒）","","","","","","","","","","","","16712190","","","","","杀死亡语者女士（英雄难度10人冰冠堡垒）","","","","","","","","","","","","16712190","15062","0","22","1","1","","","","","","","","","","","","","","","","","16712188","0","0"
"590","-1","-1","0","","","","","最高的3人战队等级","","","","","","","","","","","","16712190","","","","","最高的3人战队等级","","","","","","","","","","","","16712190","152","0","23","1","1","","","","","","","","","","","","","","","","","16712174","0","0"
"612","1","-1","0","","","","","黑暗女王之死","","","","","","","","","","","","16712190","","","","","杀死希尔瓦娜斯·风行者。","","","","","","","","","","","","16712190","95","10","23","0","3661","","","","","","","","","","","","","","","","","16712174","0","0"
"673","-1","560","0","","","","","逃离敦霍尔德（英雄难度）","","","","","","","","","","","","16712190","","","","","击败时空猎手（英雄难度）。","","","","","","","","","","","","16712190","14805","10","23","0","3824","","","","","","","","","","","","","","","","","16712174","0","0"
"686","-1","-1","0","","","","","熔火之心","","","","","","","","","","","","16712190","","","","","击败拉格纳罗斯。","","","","","","","","","","","","16712190","14808","10","23","0","3819","","","","","","","","","","","","","","","","","16712174","1","0"
"770","-1","-1","0","","","","","探索西瘟疫之地","","","","","","","","","","","","16712190","","","","","探索西瘟疫之地，走过世界地图中被遮住的各个角落。","","","","","","","","","","","","16712190","14777","10","23","0","3571","","","","","","","","","","","","","","","","","16712174","0","0"
"1017","-1","-1","0","","","","","我可以养它吗？","","","","","","","","","","","","16712190","","","","","获得一只小宠物。","","","","","","","","","","","","16712190","92","10","23","0","1522","","","","","","","","","","","","","","","","","16712174","0","0"
"1090","-1","580","0","","","","","杀死基尔加丹（太阳之井高地）","","","","","","","","","","","","16712190","","","","","杀死基尔加丹（太阳之井高地）","","","","","","","","","","","","16712190","14822","5","23","1","2807","","","","","","","","","","","","","","","","","16712174","0","0"
"1241","-1","595","0","","","","","击败玛尔加尼斯（时光之穴：斯坦索姆）","","","","","","","","","","","","16712190","","","","","击败玛尔加尼斯（时光之穴：斯坦索姆）","","","","","","","","","","","","16712190","14823","5","23","1","2413","","","","","","","","","","","","","","","","","2113864174","0","0"
"1297","-1","601","0","","","","","哈多诺克斯的闭门羹","","","","","","","","","","","","16712190","","","","","在艾卓-尼鲁布的哈多诺克斯用蛛网封住顶部入口、阻止更多怪物进入之前将其击败（英雄难度）。","","","","","","","","","","","","16712190","14921","10","23","0","3251","","","","","","","","","","","","","","","","","2113864172","0","0"
"1414","-1","-1","0","","","","","服务器第一！宗师级锻造技能","","","","","","","","","","","","16712190","","","","","本服务器第一个达到450点锻造技能。","","","","","","","","","","","","16712190","81","0","23","256","335","","","","","","","","","","","","","","","","","16712174","0","0"
"1741","-1","-1","0","","","","","学习裁缝图样","","","","","","","","","","","","16712190","","","","","学习裁缝图样","","","","","","","","","","","","16712190","173","0","23","1","4","","","","","","","","","","","","","","","","","2113864172","0","0"
"1798","-1","-1","1797","","","","","副厨师长","","","","","","","","","","","","16712190","","","","","学习100个烹饪食谱。","","","","","","","","","","","","16712190","170","10","23","0","3218","","","","","","","","","","","","","","","","","2130641388","0","0"
"1874","-1","616","0","","","","","你并非永恒（10人）","","","","","","","","","","","","16712190","","","","","在6分钟内击败玛里苟斯（10人）。","","","","","","","","","","","","16712190","14922","10","23","0","3256","","","","","","","","","","","","","","","","","2130641388","0","0"
"1875","-1","616","0","","","","","你并非永恒（25人）","","","","","","","","","","","","16712190","","","","","在6分钟内击败玛里苟斯（25人）。","","","","","","","","","","","","16712190","14923","10","23","0","3256","","","","","","","","","","","","","","","","","2130641388","0","0"
"1957","-1","571","0","","","","","泉水中的金币","","","","","","","","","","","","16712190","","","","","从达拉然的喷泉中钓起下列金币。","","","","","","","","","","","","16712190","171","10","23","0","3328","","","","","","","","","","","","","","","","","2097086956","0","0"
"2092","-1","-1","0","","","","","决斗者","","","","","","","","","","","","16712190","","","","","在80级的竞技场赛季中获得“决斗者”头衔。","","","","","","","","","","","","16712190","165","10","23","0","3598","","","","","","","","","","","","","","","","","2130641388","1","0"
"2766","0","-1","2784","","","","","尊贵的森金冠军","","","","","","","","","","","","16712190","","","","","在森金阵营中达到崇拜声望，并获得在银色锦标赛中代表森金出战的资格。","","","","","","","","","","","","16712190","14941","10","23","0","3804","","","","","头衔奖励：森金的","","","","","","","","","","","","16712190","0","0"
"2937","-1","603","0","","","","","快拆快解（10人）","","","","","","","","","","","","16712190","","","","","在205秒内击败XT-002拆解者（10人）。","","","","","","","","","","","","16712190","14961","10","23","0","3811","","","","","","","","","","","","","","","","","2080309740","0","0"
"2938","-1","603","0","","","","","快拆快解（25人）","","","","","","","","","","","","16712190","","","","","在205秒内击败XT-002拆解者（25人）。","","","","","","","","","","","","16712190","14962","10","23","0","3811","","","","","","","","","","","","","","","","","2080309740","0","0"
"3257","-1","603","0","","","","","战胜托里姆（25人奥杜尔）","","","","","","","","","","","","16712190","","","","","战胜托里姆（25人奥杜尔）","","","","","","","","","","","","16712190","14963","10","23","1","1700","","","","","","","","","","","","","","","","","150971388","0","0"
"4034","-1","-1","0","","","","","加拉克苏斯大王之死（25人十字军的试炼）","","","","","","","","","","","","16712190","","","","","杀死加拉克苏斯大王（25人十字军的试炼）","","","","","","","","","","","","16712190","15021","0","23","1","1","","","","","","","","","","","","","","","","","16712172","0","0"
"4580","-1","631","0","","","","","极限（10人）","","","","","","","","","","","","16712190","","","","","在没有任何团队成员获得5层以上秘法打击效果的情况下，击败辛达苟萨（10人）。","","","","","","","","","","","","16712190","15041","10","23","0","4166","","","","","","","","","","","","","","","","","16712188","1","0"
"4586","-1","624","0","","","","","击败寒冰看守者图拉旺（25人）。","","","","","","","","","","","","16712190","","","","","击败寒冰看守者图拉旺（25人）。","","","","","","","","","","","","16712190","14901","10","23","0","681","","","","","","","","","","","","","","","","","16712188","0","0"
"4602","-1","-1","0","","","","","冰河踏破者的荣耀（10人）","","","","","","","","","","","","16712190","","","","","完成下列10人模式团队副本成就。","","","","","","","","","","","","16712190","168","25","23","0","3203","","","","","奖励：浴血冰霜征服者","","","","","","","","","","","","16712190","0","0"
"4620","-1","631","0","","","","","极限（25人）","","","","","","","","","","","","16712190","","","","","在没有任何团队成员获得5层以上秘法打击效果的情况下，击败辛达苟萨（25人）。","","","","","","","","","","","","16712190","15042","10","23","0","4166","","","","","","","","","","","","","","","","","16712188","1","0"
"4655","-1","-1","0","","","","","杀死亡语者女士（普通难度25人冰冠堡垒）","","","","","","","","","","","","16712190","","","","","杀死亡语者女士（普通难度25人冰冠堡垒）","","","","","","","","","","","","16712190","15062","0","23","1","1","","","","","","","","","","","","","","","","","16712188","0","0"
"15","-1","-1","1017","","","","","宠物成群","","","","","","","","","","","","16712190","","","","","收集15种不同的小宠物。","","","","","","","","","","","","16712190","92","10","24","0","1522","","","","","","","","","","","","","","","","","16712174","0","0"
"374","-1","-1","0","","","","","最高的2人战队等级","","","","","","","","","","","","16712190","","","","","最高的2人战队等级","","","","","","","","","","","","16712190","152","0","24","1","4","","","","","","","","","","","","","","","","","16712174","0","0"
"613","1","530","0","","","","","死于奎尔萨拉斯","","","","","","","","","","","","16712190","","","","","杀死洛瑟玛·塞隆。","","","","","","","","","","","","16712190","95","10","24","0","3670","","","","","","","","","","","","","","","","","16712174","0","0"
"674","-1","556","0","","","","","塞泰克大厅（英雄难度）","","","","","","","","","","","","16712190","","","","","击败利爪之王艾吉斯（英雄难度）。","","","","","","","","","","","","16712190","14805","10","24","0","3631","","","","","","","","","","","","","","","","","16712174","0","0"
"685","-1","-1","0","","","","","黑翼之巢","","","","","","","","","","","","16712190","","","","","击败奈法利安。","","","","","","","","","","","","16712190","14808","10","24","0","3817","","","","","","","","","","","","","","","","","16712174","1","0"
"771","-1","-1","0","","","","","探索东瘟疫之地","","","","","","","","","","","","16712190","","","","","探索东瘟疫之地，走过世界地图中被遮住的各个角落。","","","","","","","","","","","","16712190","14777","10","24","0","3535","","","","","","","","","","","","","","","","","16712174","0","0"
"1416","-1","-1","0","","","","","服务器第一！宗师级烹饪技能","","","","","","","","","","","","16712190","","","","","本服务器第一个达到450点烹饪技能。","","","","","","","","","","","","16712190","81","0","24","256","1467","","","","","","","","","","","","","","","","","16712174","0","0"
"1515","-1","595","0","","","","","击败玛尔加尼斯（英雄时光之穴：斯坦索姆）","","","","","","","","","","","","16712190","","","","","击败玛尔加尼斯（英雄时光之穴：斯坦索姆）","","","","","","","","","","","","16712190","14823","5","24","1","2413","","","","","","","","","","","","","","","","","2130641388","0","0"
"1752","1","-1","0","","","","","冬拥湖主宰","","","","","","","","","","","","16712190","","","","","完成下列冬拥湖成就。","","","","","","","","","","","","16712190","14901","10","24","0","187","","","","","","","","","","","","","","","","","2130641388","0","0"
"1799","-1","-1","1798","","","","","厨师长","","","","","","","","","","","","16712190","","","","","学习160个烹饪食谱。","","","","","","","","","","","","16712190","170","10","24","0","3219","","","","","","","","","","","","","","","","","2130641388","0","0"
"1860","-1","601","0","","","","","速战速决！","","","","","","","","","","","","16712190","","","","","在4分钟内击败艾卓-尼鲁布的阿努巴拉克（英雄难度）。","","","","","","","","","","","","16712190","14921","10","24","0","3295","","","","","","","","","","","","","","","","","2080309740","0","0"
"1869","-1","616","0","","","","","龙口拔牙（10人）","","","","","","","","","","","","16712190","","","","","以少于9人的阵容击败玛里苟斯（10人）。","","","","","","","","","","","","16712190","14922","10","24","0","3304","","","","","","","","","","","","","","","","","2063532524","0","0"
"1870","-1","616","0","","","","","龙口拔牙（25人）","","","","","","","","","","","","16712190","","","","","以少于21人的阵容击败玛里苟斯（25人）。","","","","","","","","","","","","16712190","14923","10","24","0","3305","","","","","","","","","","","","","","","","","2063532524","0","0"
"1958","-1","-1","0","","","","","好大的老鼠！","","","","","","","","","","","","16712190","","","","","从达拉然下水道中钓起巨型下水道老鼠。","","","","","","","","","","","","16712190","171","10","24","0","1781","","","","","","","","","","","","","","","","","2097086956","1","0"
"2091","-1","-1","0","","","","","角斗士","","","","","","","","","","","","16712190","","","","","在80级的竞技场赛季中获得“角斗士”头衔。","","","","","","","","","","","","16712190","165","10","24","0","3599","","","","","","","","","","","","","","","","","2130641388","1","0"
"2785","0","-1","0","","","","","银月城冠军","","","","","","","","","","","","16712190","","","","","获得在银色锦标赛中代表银月城出战的资格。","","","","","","","","","","","","16712190","14941","10","24","0","3795","","","","","","","","","","","","","","","","","2080309740","0","0"
"3058","-1","603","0","","","","","心碎欲绝（10人）","","","","","","","","","","","","16712190","","","","","摧毁XT-002拆解者的心脏，然后击败它（10人）。","","","","","","","","","","","","16712190","14961","10","24","0","3875","","","","","","","","","","","","","","","","","2130641388","0","0"
"3059","-1","603","0","","","","","心碎欲绝（25人）","","","","","","","","","","","","16712190","","","","","摧毁XT-002拆解者的心脏，然后击败它（25人）。","","","","","","","","","","","","16712190","14962","10","24","0","3875","","","","","","","","","","","","","","","","","2130641388","0","0"
"3258","-1","603","0","","","","","战胜弗蕾亚（25人奥杜尔）","","","","","","","","","","","","16712190","","","","","战胜弗蕾亚（25人奥杜尔）","","","","","","","","","","","","16712190","14963","10","24","1","1700","","","","","","","","","","","","","","","","","150971388","0","0"
"4035","-1","-1","0","","","","","加拉克苏斯大王之死（25人大十字军的试炼）","","","","","","","","","","","","16712190","","","","","杀死加拉克苏斯大王（25人大十字军的试炼）","","","","","","","","","","","","16712190","15021","0","24","1","1","","","","","","","","","","","","","","","","","16712172","0","0"
"4601","-1","631","0","","","","","解脱（10人）","","","","","","","","","","","","16712190","","","","","在击败巫妖王前让死疽效果堆叠至30层（10人）","","","","","","","","","","","","16712190","15041","10","24","0","3141","","","","","","","","","","","","","","","","","16712188","1","0"
"4603","-1","-1","0","","","","","冰河踏破者的荣耀（25人）","","","","","","","","","","","","16712190","","","","","完成下列25人模式团队副本成就。","","","","","","","","","","","","16712190","168","25","24","0","4156","","","","","奖励：缚寒冰霜征服者","","","","","","","","","","","","16712190","0","0"
"4621","-1","631","0","","","","","解脱（25人）","","","","","","","","","","","","16712190","","","","","在击败巫妖王前让死疽效果堆叠至30层（25人）。","","","","","","","","","","","","16712190","15042","10","24","0","3141","","","","","","","","","","","","","","","","","16712188","1","0"
"4656","-1","-1","0","","","","","杀死亡语者女士（英雄难度25人冰冠堡垒）","","","","","","","","","","","","16712190","","","","","杀死亡语者女士（英雄难度25人冰冠堡垒）","","","","","","","","","","","","16712190","15062","0","24","1","1","","","","","","","","","","","","","","","","","16712188","0","0"
"614","1","-1","0","","","","","为了联盟！","","","","","","","","","","","","16712190","","","","","杀死部落的领袖。","","","","","","","","","","","","16712190","95","20","25","0","1704","","","","","奖励：黑色战熊","","","","","","","","","","","","16712190","0","0"
"675","-1","-1","0","","","","","暗影迷宫（英雄难度）","","","","","","","","","","","","16712190","","","","","击败摩摩尔（英雄难度）。","","","","","","","","","","","","16712190","14805","10","25","0","3825","","","","","","","","","","","","","","","","","16712174","1","0"
"687","-1","-1","0","","","","","安其拉神殿","","","","","","","","","","","","16712190","","","","","击败克苏恩。","","","","","","","","","","","","16712190","14808","10","25","0","3677","","","","","","","","","","","","","","","","","16712174","1","0"
"868","-1","-1","0","","","","","探索奎尔丹纳斯岛","","","","","","","","","","","","16712190","","","","","探索奎尔丹纳斯岛，走过世界地图中被遮住的各个角落。","","","","","","","","","","","","16712190","14777","10","25","0","3557","","","","","","","","","","","","","","","","","16712174","1","0"
"1174","-1","-1","0","","","","","竞技场大师","","","","","","","","","","","","16712190","","","","","完成下列竞技场成就。","","","","","","","","","","","","16712190","165","50","25","0","3600","","","","","头衔奖励：竞技场大师","","","","","","","","","","","","16712190","0","0"
"1248","-1","-1","15","","","","","宠物成堆","","","","","","","","","","","","16712190","","","","","收集25种不同的小宠物。","","","","","","","","","","","","16712190","92","10","25","0","1522","","","","","","","","","","","","","","","","","2113864174","0","0"
"1361","-1","533","0","","","","","杀死阿努布雷坎（10人纳克萨玛斯）","","","","","","","","","","","","16712190","","","","","杀死阿努布雷坎（10人纳克萨玛斯）","","","","","","","","","","","","16712190","14823","10","25","1","1899","","","","","","","","","","","","","","","","","2080309740","0","0"
"1417","-1","-1","0","","","","","服务器第一！宗师级附魔技能","","","","","","","","","","","","16712190","","","","","本服务器第一个达到450点附魔技能。","","","","","","","","","","","","16712190","81","0","25","256","578","","","","","","","","","","","","","","","","","16712174","0","0"
"1862","-1","619","0","","","","","沃拉兹的快速死亡","","","","","","","","","","","","16712190","","","","","在2分钟内杀死安卡赫特的传令官沃拉兹（英雄难度）。","","","","","","","","","","","","16712190","14921","10","25","0","3296","","","","","","","","","","","","","","","","","2080309740","0","0"
"2148","-1","616","0","","","","","断子绝孙（10人）","","","","","","","","","","","","16712190","","","","","当你乘坐悬浮之碟时，亲手击杀一名永恒子嗣（10人）。","","","","","","","","","","","","16712190","14922","10","25","0","3501","","","","","","","","","","","","","","","","","2130641388","0","0"
"2149","-1","616","0","","","","","断子绝孙（25人）","","","","","","","","","","","","16712190","","","","","当你乘坐悬浮之碟时，亲手击杀一名永恒子嗣（25人）。","","","","","","","","","","","","16712190","14923","10","25","0","3501","","","","","","","","","","","","","","","","","2130641388","0","0"
"2767","0","-1","2785","","","","","尊贵的银月城冠军","","","","","","","","","","","","16712190","","","","","在银月城阵营中达到崇拜声望，并获得在银色锦标赛中代表银月城出战的资格。","","","","","","","","","","","","16712190","14941","10","25","0","3795","","","","","头衔奖励：银月城的","","","","","","","","","","","","16712190","0","0"
"2776","0","-1","0","","","","","冬拥湖主宰","","","","","","","","","","","","16712190","","","","","完成下列冬拥湖成就。","","","","","","","","","","","","16712190","14901","10","25","0","187","","","","","","","","","","","","","","","","","4244570604","0","0"
"2879","-1","603","0","","","","","战胜米米尔隆（25人奥杜尔）","","","","","","","","","","","","16712190","","","","","战胜米米尔隆（25人奥杜尔）","","","","","","","","","","","","16712190","14963","10","25","1","1700","","","","","","","","","","","","","","","","","2113864172","0","0"
"2939","-1","603","0","","","","","就是你了，符文大师莫尔基姆（10人）","","","","","","","","","","","","16712190","","","","","击败钢铁议会，并将符文大师莫尔基姆留到最后杀死（10人）。","","","","","","","","","","","","16712190","14961","10","25","0","3858","","","","","","","","","","","","","","","","","2080309740","0","0"
"2942","-1","603","0","","","","","就是你了，符文大师莫尔基姆（25人）","","","","","","","","","","","","16712190","","","","","击败钢铁议会，并将符文大师莫尔基姆留到最后杀死（25人）。","","","","","","","","","","","","16712190","14962","10","25","0","3858","","","","","","","","","","","","","","","","","2080309740","0","0"
"3218","-1","-1","0","","","","","海龟垂钓","","","","","","","","","","","","16712190","","","","","在诺森德的任意钓鱼场所钓到一只海龟坐骑。","","","","","","","","","","","","16712190","171","10","25","0","3890","","","","","","","","","","","","","","","","","2113864172","1","0"
"3296","-1","-1","0","","","","","正装厨师","","","","","","","","","","","","16712190","","","","","获得一顶大厨的帽子。","","","","","","","","","","","","16712190","170","10","25","0","3678","","","","","","","","","","","","","","","","","16775150","0","0"
"4036","-1","-1","0","","","","","击败阵营冠军（10人十字军的试炼）","","","","","","","","","","","","16712190","","","","","击败阵营冠军（10人十字军的试炼）","","","","","","","","","","","","16712190","15021","0","25","1","1","","","","","","","","","","","","","","","","","16712172","0","0"
"4476","-1","-1","0","","","","","1Q4，来的密","","","","","","","","","","","","16712190","","","","","使用副本工具组织野队来完成随机的英雄难度地下城，累积组到的随机玩家数量达到10名。","","","","","","","","","","","","16712190","168","10","25","0","3168","","","","","","","","","","","","","","","","","16712188","0","0"
"4581","-1","631","0","","","","","身陷邪恶（10人）","","","","","","","","","","","","16712190","","","","","将生成的每个卑劣的灵魂在炸裂前杀死，然后击败巫妖王（10人）。","","","","","","","","","","","","16712190","15041","10","25","0","3789","","","","","","","","","","","","","","","","","16712188","1","0"
"4622","-1","631","0","","","","","身陷邪恶（25人）","","","","","","","","","","","","16712190","","","","","将生成的每个卑劣的灵魂在炸裂前杀死，然后击败巫妖王（25人）。","","","","","","","","","","","","16712190","15042","10","25","0","3789","","","","","","","","","","","","","","","","","16712188","1","0"
"4644","-1","-1","0","","","","","在炮舰战斗中获胜（普通难度10人冰冠堡垒）","","","","","","","","","","","","16712190","","","","","在炮舰战斗中获胜（普通难度10人冰冠堡垒）","","","","","","","","","","","","16712190","15062","0","25","1","1","","","","","","","","","","","","","","","","","16712188","0","0"
"615","0","0","0","","","","","暴风城的风暴","","","","","","","","","","","","16712190","","","","","杀死瓦里安·乌瑞恩国王。","","","","","","","","","","","","16712190","95","10","26","0","3671","","","","","","","","","","","","","","","","","16712174","0","0"
"676","-1","269","0","","","","","开启黑暗之门（英雄难度）","","","","","","","","","","","","16712190","","","","","击败埃欧努斯（英雄难度）。","","","","","","","","","","","","16712190","14805","10","26","0","3826","","","","","","","","","","","","","","","","","16712174","0","0"
"1250","-1","-1","1248","","","","","理智购物，理智购……宠物","","","","","","","","","","","","16712190","","","","","收集50种不同的小宠物。","","","","","","","","","","","","16712190","92","10","26","0","1522","","","","","奖励：臭乎乎的宠物笼","","","","","","","","","","","","16712190","0","0"
"1372","-1","533","0","","","","","杀死格拉斯（10人纳克萨玛斯）","","","","","","","","","","","","16712190","","","","","杀死格拉斯（10人纳克萨玛斯）","","","","","","","","","","","","16712190","14823","10","26","1","97","","","","","","","","","","","","","","","","","2080309740","0","0"
"1418","-1","-1","0","","","","","服务器第一！宗师级工程学技能","","","","","","","","","","","","16712190","","","","","本服务器第一个达到450点工程学技能。","","","","","","","","","","","","16712190","81","0","26","256","333","","","","","","","","","","","","","","","","","16712174","0","0"
"1556","-1","-1","0","","","","","25条鱼","","","","","","","","","","","","16712190","","","","","钓到25件物品。","","","","","","","","","","","","16712190","171","10","26","0","3179","","","","","","","","","","","","","","","","","2113864172","0","0"
"1801","-1","-1","0","","","","","拉姆瑟船长的特酿啤酒","","","","","","","","","","","","16712190","","","","","酿制一些拉姆瑟船长的特酿啤酒。","","","","","","","","","","","","16712190","170","10","26","0","1513","","","","","","","","","","","","","","","","","2080309740","0","0"
"2038","-1","619","0","","","","","尊敬长者","","","","","","","","","","","","16712190","","","","","在不杀死任何安卡哈守护者的情况下，击败安卡赫特的纳多克斯长老（英雄难度）。","","","","","","","","","","","","16712190","14921","10","26","0","3393","","","","","","","","","","","","","","","","","2080309740","0","0"
"2047","-1","615","0","","","","","小心火山（10人）","","","","","","","","","","","","16712190","","","","","击败黑岩守护者萨塔里奥，并且不被熔岩打击命中（10人）。","","","","","","","","","","","","16712190","14922","10","26","0","3087","","","","","","","","","","","","","","","","","2130641388","0","0"
"2048","-1","615","0","","","","","小心火山（25人）","","","","","","","","","","","","16712190","","","","","击败黑岩守护者萨塔里奥，并且不被熔岩打击命中（25人）。","","","","","","","","","","","","16712190","14923","10","26","0","3087","","","","","","","","","","","","","","","","","2130641388","0","0"
"2188","-1","229","0","","","","","灭团之星","","","","","","","","","","","","16712190","","","","","在15秒内杀死50条群居雏龙。","","","","","","","","","","","","16712190","14808","10","26","0","3495","","","","","头衔：火车王","","","","","","","","","","","","16712190","0","0"
"2786","0","-1","0","","","","","雷霆崖冠军","","","","","","","","","","","","16712190","","","","","获得在银色锦标赛中代表雷霆崖出战的资格。","","","","","","","","","","","","16712190","14941","10","26","0","3803","","","","","","","","","","","","","","","","","2080309740","0","0"
"2880","-1","603","0","","","","","杀死维扎克斯将军（25人奥杜尔）","","","","","","","","","","","","16712190","","","","","杀死维扎克斯将军（25人奥杜尔）","","","","","","","","","","","","16712190","14963","10","26","1","1700","","","","","","","","","","","","","","","","","2113864172","0","0"
"2940","-1","603","0","","","","","就是你了，唤雷者布隆迪尔（10人）","","","","","","","","","","","","16712190","","","","","击败钢铁议会，并将唤雷者布隆迪尔留到最后杀死（10人）。","","","","","","","","","","","","16712190","14961","10","26","0","3858","","","","","","","","","","","","","","","","","2080309740","0","0"
"2943","-1","603","0","","","","","就是你了，唤雷者布隆迪尔（25人）","","","","","","","","","","","","16712190","","","","","击败钢铁议会，并将唤雷者布隆迪尔留到最后杀死（25人）。","","","","","","","","","","","","16712190","14962","10","26","0","3858","","","","","","","","","","","","","","","","","2080309740","0","0"
"4037","-1","-1","0","","","","","击败阵营冠军（10人大十字军的试炼）","","","","","","","","","","","","16712190","","","","","击败阵营冠军（10人大十字军的试炼）","","","","","","","","","","","","16712190","15021","0","26","1","1","","","","","","","","","","","","","","","","","16712172","0","0"
"4477","-1","-1","4476","","","","","1Q9，来的密","","","","","","","","","","","","16712190","","","","","使用副本工具组织野队来完成随机的英雄难度地下城，累积组到的随机玩家数量达到50名。","","","","","","","","","","","","16712190","168","10","26","0","3049","","","","","头衔奖励：百折不挠的","","","","","","","","","","","","16712190","0","0"
"4659","-1","-1","0","","","","","在炮舰战斗中获胜（英雄难度10人冰冠堡垒）","","","","","","","","","","","","16712190","","","","","在炮舰战斗中获胜（英雄难度10人冰冠堡垒）","","","","","","","","","","","","16712190","15062","0","26","1","1","","","","","","","","","","","","","","","","","16712188","0","0"
"616","0","0","0","","","","","杀死国王！","","","","","","","","","","","","16712190","","","","","杀死国王麦格尼·铜须。","","","","","","","","","","","","16712190","95","10","27","0","3672","","","","","","","","","","","","","","","","","16712174","0","0"
"677","-1","-1","0","","","","","蒸汽地窟（英雄难度）","","","","","","","","","","","","16712190","","","","","击败督军卡利瑟里斯（英雄难度）。","","","","","","","","","","","","16712190","14805","10","27","0","3657","","","","","","","","","","","","","","","","","16712174","1","0"
"1366","-1","533","0","","","","","杀死收割者戈提克（10人纳克萨玛斯）","","","","","","","","","","","","16712190","","","","","杀死收割者戈提克（10人纳克萨玛斯）","","","","","","","","","","","","16712190","14823","10","27","1","2639","","","","","","","","","","","","","","","","","2080309740","0","0"
"1419","-1","-1","0","","","","","服务器第一！宗师级急救技能","","","","","","","","","","","","16712190","","","","","本服务器第一个达到450点急救技能。","","","","","","","","","","","","16712190","81","0","27","256","504","","","","","","","","","","","","","","","","","16712174","0","0"
"1557","-1","-1","1556","","","","","50条鱼","","","","","","","","","","","","16712190","","","","","钓到50件物品。","","","","","","","","","","","","16712190","171","10","27","0","3179","","","","","","","","","","","","","","","","","2080309740","0","0"
"1782","1","-1","0","","","","","日常食粮","","","","","","","","","","","","16712190","","","","","完成由达拉然的凯瑟琳·李交予的下列烹饪日常任务。","","","","","","","","","","","","16712190","170","10","27","0","259","","","","","","","","","","","","","","","","","2113864172","0","0"
"2049","-1","615","0","","","","","暮光帮凶（10人）","","","","","","","","","","","","16712190","","","","","在至少一条暮光幼龙存活的情况下与黑岩守护者萨塔里奥交战并将其击败（10人）。","","","","","","","","","","","","16712190","14922","10","27","0","3252","","","","","","","","","","","","","","","","","2130641388","0","0"
"2052","-1","615","0","","","","","暮光帮凶（25人）","","","","","","","","","","","","16712190","","","","","在至少一条暮光幼龙存活的情况下与黑岩守护者萨塔里奥交战并将其击败（25人）。","","","","","","","","","","","","16712190","14923","10","27","0","3252","","","","","","","","","","","","","","","","","16712172","0","0"
"2056","-1","619","0","","","","","志愿工作","","","","","","","","","","","","16712190","","","","","在不杀死任何暮光志愿者的情况下，击败安卡赫特的耶戈达·觅影者（英雄难度）。","","","","","","","","","","","","16712190","14921","10","27","0","3436","","","","","","","","","","","","","","","","","2130641388","0","0"
"2516","-1","-1","1250","","","","","宠物大师","","","","","","","","","","","","16712190","","","","","收集75种不同的小宠物。","","","","","","","","","","","","16712190","92","10","27","0","1522","","","","","奖励：小鹿的盐块","","","","","","","","","","","","16712190","0","0"
"2768","0","-1","2786","","","","","尊贵的雷霆崖冠军","","","","","","","","","","","","16712190","","","","","在雷霆崖阵营中达到崇拜声望，并获得在银色锦标赛中代表雷霆崖出战的资格。","","","","","","","","","","","","16712190","14941","10","27","0","3803","","","","","头衔奖励：雷霆崖的","","","","","","","","","","","","16712190","0","0"
"2883","-1","603","0","","","","","杀死尤格-萨隆（25人奥杜尔）","","","","","","","","","","","","16712190","","","","","杀死尤格-萨隆（25人奥杜尔）","","","","","","","","","","","","16712190","14963","10","27","1","1700","","","","","","","","","","","","","","","","","2113864172","0","0"
"2941","-1","603","0","","","","","就是你了，断钢者（10人）","","","","","","","","","","","","16712190","","","","","击败钢铁议会，并将断钢者留到最后杀死（10人）。","","","","","","","","","","","","16712190","14961","10","27","0","3858","","","","","","","","","","","","","","","","","2080309740","0","0"
"2944","-1","603","0","","","","","就是你了，断钢者（25人）","","","","","","","","","","","","16712190","","","","","击败钢铁议会，并将断钢者留到最后杀死（25人）。","","","","","","","","","","","","16712190","14962","10","27","0","3858","","","","","","","","","","","","","","","","","2080309740","0","0"
"4038","-1","-1","0","","","","","击败阵营冠军（25人十字军的试炼）","","","","","","","","","","","","16712190","","","","","击败阵营冠军（25人十字军的试炼）","","","","","","","","","","","","16712190","15021","0","27","1","1","","","","","","","","","","","","","","","","","16712172","0","0"
"4478","-1","-1","4477","","","","","1Q24，来的密","","","","","","","","","","","","16712190","","","","","使用副本工具组织野队来完成随机的英雄难度地下城，累积组到的随机玩家数量达到100名。","","","","","","","","","","","","16712190","168","10","27","0","4007","","","","","奖励：溜溜","","","","","","","","","","","","16712190","0","0"
"4660","-1","-1","0","","","","","在炮舰战斗中获胜（普通难度25人冰冠堡垒）","","","","","","","","","","","","16712190","","","","","在炮舰战斗中获胜（普通难度25人冰冠堡垒）","","","","","","","","","","","","16712190","15062","0","27","1","1","","","","","","","","","","","","","","","","","16712188","0","0"
"617","0","1","0","","","","","不再永恒","","","","","","","","","","","","16712190","","","","","杀死泰兰德·语风。","","","","","","","","","","","","16712190","95","10","28","0","3673","","","","","","","","","","","","","","","","","16712174","0","0"
"621","-1","-1","0","","","","","代表","","","","","","","","","","","","16712190","","","","","装备一件战袍。","","","","","","","","","","","","16712190","92","10","28","0","2637","","","","","","","","","","","","","","","","","16712174","1","0"
"678","-1","-1","0","","","","","破碎大厅（英雄难度）","","","","","","","","","","","","16712190","","","","","击败酋长卡加斯·刃拳（英雄难度）。","","","","","","","","","","","","16712190","14805","10","28","0","3827","","","","","","","","","","","","","","","","","16712174","1","0"
"1362","-1","533","0","","","","","杀死黑女巫法琳娜（10人纳克萨玛斯）","","","","","","","","","","","","16712190","","","","","杀死黑女巫法琳娜（10人纳克萨玛斯）","","","","","","","","","","","","16712190","14823","10","28","1","1899","","","","","","","","","","","","","","","","","2080309740","0","0"
"1420","-1","-1","0","","","","","服务器第一！宗师级钓鱼技能","","","","","","","","","","","","16712190","","","","","本服务器第一个达到450点钓鱼技能。","","","","","","","","","","","","16712190","81","0","28","256","580","","","","","","","","","","","","","","","","","16712174","0","0"
"1558","-1","-1","1557","","","","","100条鱼","","","","","","","","","","","","16712190","","","","","钓到100件物品。","","","","","","","","","","","","16712190","171","10","28","0","3179","","","","","","","","","","","","","","","","","2080309740","0","0"
"1783","0","-1","0","","","","","日常食粮","","","","","","","","","","","","16712190","","","","","完成由达拉然的埃维罗·隆古巴交予的下列烹饪日常任务。","","","","","","","","","","","","16712190","170","10","28","0","259","","","","","","","","","","","","","","","","","2080309740","0","0"
"2050","-1","615","0","","","","","暮光二重奏（10人）","","","","","","","","","","","","16712190","","","","","在至少两条暮光幼龙存活的情况下与黑岩守护者萨塔里奥交战并将其击败（10人）。","","","","","","","","","","","","16712190","14922","10","28","0","3252","","","","","","","","","","","","","","","","","2130641388","0","0"
"2053","-1","615","0","","","","","暮光二重奏（25人）","","","","","","","","","","","","16712190","","","","","在至少两条暮光幼龙存活的情况下与黑岩守护者萨塔里奥交战并将其击败（25人）。","","","","","","","","","","","","16712190","14923","10","28","0","3252","","","","","","","","","","","","","","","","","2130641388","0","0"
"2151","-1","600","0","","","","","难以下咽","","","","","","","","","","","","16712190","","","","","在吞噬效果叠加到10层之前，击败达克萨隆要塞的托尔戈（英雄难度）。","","","","","","","","","","","","16712190","14921","10","28","0","3502","","","","","","","","","","","","","","","","","2080309740","0","0"
"2787","0","-1","0","","","","","幽暗城冠军","","","","","","","","","","","","16712190","","","","","获得在银色锦标赛中代表幽暗城出战的资格。","","","","","","","","","","","","16712190","14941","10","28","0","3798","","","","","","","","","","","","","","","","","2080309740","0","0"
"2881","-1","603","0","","","","","杀死观察者奥尔加隆（25人奥杜尔）","","","","","","","","","","","","16712190","","","","","杀死观察者奥尔加隆（25人奥杜尔）","","","","","","","","","","","","16712190","14963","10","28","1","1700","","","","","","","","","","","","","","","","","2113864172","0","0"
"2945","-1","603","0","","","","","我是自己人！（10人）","","","","","","","","","","","","16712190","","","","","在带有铁靴烈酒效果的情况下击败钢铁议会（10人）。","","","","","","","","","","","","16712190","14961","10","28","0","1763","","","","","","","","","","","","","","","","","2080309740","1","0"
"2946","-1","603","0","","","","","我是自己人！（25人）","","","","","","","","","","","","16712190","","","","","在带有铁靴烈酒效果的情况下击败钢铁议会（25人）。","","","","","","","","","","","","16712190","14962","10","28","0","1763","","","","","","","","","","","","","","","","","2080309740","1","0"
"4039","-1","-1","0","","","","","击败阵营冠军（25人大十字军的试炼）","","","","","","","","","","","","16712190","","","","","击败阵营冠军（25人大十字军的试炼）","","","","","","","","","","","","16712190","15021","0","28","1","1","","","","","","","","","","","","","","","","","16712172","0","0"
"4661","-1","-1","0","","","","","在炮舰战斗中获胜（英雄难度25人冰冠堡垒）","","","","","","","","","","","","16712190","","","","","在炮舰战斗中获胜（英雄难度25人冰冠堡垒）","","","","","","","","","","","","16712190","15062","0","28","1","1","","","","","","","","","","","","","","","","","16712188","0","0"
"618","0","530","0","","","","","熄灭圣光","","","","","","","","","","","","16712190","","","","","杀死先知维纶。","","","","","","","","","","","","16712190","95","10","29","0","3674","","","","","","","","","","","","","","","","","16712174","0","0"
"679","-1","554","0","","","","","能源舰（英雄难度）","","","","","","","","","","","","16712190","","","","","击败计算者帕萨雷恩（英雄难度）。","","","","","","","","","","","","16712190","14805","10","29","0","3688","","","","","","","","","","","","","","","","","16712174","0","0"
"1020","-1","-1","621","","","","","十件战袍","","","","","","","","","","","","16712190","","","","","收集10种不同的战袍。","","","","","","","","","","","","16712190","92","10","29","160","2637","","","","","","","","","","","","","","","","","16712174","10","621"
"1371","-1","533","0","","","","","杀死格罗布鲁斯（10人纳克萨玛斯）","","","","","","","","","","","","16712190","","","","","杀死格罗布鲁斯（10人纳克萨玛斯）","","","","","","","","","","","","16712190","14823","10","29","1","97","","","","","","","","","","","","","","","","","2080309740","0","0"
"1421","-1","-1","0","","","","","服务器第一！宗师级采药技能","","","","","","","","","","","","16712190","","","","","本服务器第一个达到450点草药学技能。","","","","","","","","","","","","16712190","81","0","29","256","345","","","","","","","","","","","","","","","","","16712174","0","0"
"1559","-1","-1","1558","","","","","250条鱼","","","","","","","","","","","","16712190","","","","","钓到250件物品。","","","","","","","","","","","","16712190","171","10","29","0","3179","","","","","","","","","","","","","","","","","2080309740","0","0"
"1563","1","-1","0","","","","","向大厨致敬","","","","","","","","","","","","16712190","","","","","完成下列烹饪成就。","","","","","","","","","","","","16712190","170","10","29","0","3678","","","","","头衔奖励：厨师","","","","","","","","","","","","16712190","0","0"
"2039","-1","600","0","","","","","跟爵德说再见","","","","","","","","","","","","16712190","","","","","在达克萨隆要塞中挑战暴龙之王爵德，并且在战斗中杀死6名达卡莱裂肠者或达卡莱镰爪龙（英雄难度）。","","","","","","","","","","","","16712190","14921","10","29","0","3313","","","","","","","","","","","","","","","","","2080309740","0","0"
"2051","-1","615","0","","","","","暮光领域（10人）","","","","","","","","","","","","16712190","","","","","在全部三条暮光幼龙存活的情况下与黑岩守护者萨塔里奥交战并将其击败（10人）。","","","","","","","","","","","","16712190","14922","10","29","0","3252","","","","","头衔奖励：夜幕的","","","","","","","","","","","","16712190","0","0"
"2054","-1","615","0","","","","","暮光领域（25人）","","","","","","","","","","","","16712190","","","","","在全部三条暮光幼龙存活的情况下与黑岩守护者萨塔里奥交战并将其击败（25人）。","","","","","","","","","","","","16712190","14923","10","29","0","3252","","","","","头衔奖励：暮光征服者","","","","","","","","","","","","16712190","0","0"
"2769","0","-1","2787","","","","","尊贵的幽暗城冠军","","","","","","","","","","","","16712190","","","","","在幽暗城阵营中达到崇拜声望，并获得在银色锦标赛中代表幽暗城出战的资格。","","","","","","","","","","","","16712190","14941","10","29","0","3798","","","","","头衔奖励：幽暗城的","","","","","","","","","","","","16712190","0","0"
"2870","-1","624","0","","","","","杀死风暴看守者埃玛尔隆（冬拥湖10人团队）","","","","","","","","","","","","16712190","","","","","杀死风暴看守者埃玛尔隆（冬拥湖10人团队）","","","","","","","","","","","","16712190","14963","10","29","1","187","","","","","","","","","","","","","","","","","2113864172","0","0"
"2947","-1","603","0","","","","","谨防昏迷（10人）","","","","","","","","","","","","16712190","","","","","在没有让唤雷者布隆迪尔的闪电链或闪电旋风伤害过任何团队成员的情况下击败钢铁议会（10人）。","","","","","","","","","","","","16712190","14961","10","29","0","320","","","","","","","","","","","","","","","","","2080309740","1","0"
"2948","-1","603","0","","","","","谨防昏迷（25人）","","","","","","","","","","","","16712190","","","","","在没有让唤雷者布隆迪尔的闪电链或闪电旋风伤害过任何团队成员的情况下击败钢铁议会（25人）。","","","","","","","","","","","","16712190","14962","10","29","0","320","","","","","","","","","","","","","","","","","2080309740","1","0"
"4040","-1","-1","0","","","","","杀死瓦格里双子（10人十字军的试炼）","","","","","","","","","","","","16712190","","","","","杀死瓦格里双子（10人十字军的试炼）","","","","","","","","","","","","16712190","15021","0","29","1","1","","","","","","","","","","","","","","","","","16712172","0","0"
"4645","-1","-1","0","","","","","杀死死亡使者（普通难度10人冰冠堡垒）","","","","","","","","","","","","16712190","","","","","杀死死亡使者（普通难度10人冰冠堡垒）","","","","","","","","","","","","16712190","15062","0","29","1","1","","","","","","","","","","","","","","","","","16712188","0","0"
"619","0","-1","0","","","","","为了部落！","","","","","","","","","","","","16712190","","","","","杀死联盟的领袖。","","","","","","","","","","","","16712190","95","20","30","0","1703","","","","","奖励：黑色战熊","","","","","","","","","","","","16712190","0","0"
"680","-1","553","0","","","","","生态船（英雄难度）","","","","","","","","","","","","16712190","","","","","击败迁跃扭木（英雄难度）。","","","","","","","","","","","","16712190","14805","10","30","0","3642","","","","","","","","","","","","","","","","","16712174","0","0"
"1021","-1","-1","1020","","","","","二十五件战袍","","","","","","","","","","","","16712190","","","","","装备过25种不同的战袍。","","","","","","","","","","","","16712190","92","10","30","160","3040","","","","","奖励：成就战袍","","","","","","","","","","","","16712190","25","621"
"1369","-1","533","0","","","","","杀死肮脏的希尔盖（10人纳克萨玛斯）","","","","","","","","","","","","16712190","","","","","杀死肮脏的希尔盖（10人纳克萨玛斯）","","","","","","","","","","","","16712190","14823","10","30","1","2997","","","","","","","","","","","","","","","","","2080309740","0","0"
"1422","-1","-1","0","","","","","服务器第一！宗师级铭文技能","","","","","","","","","","","","16712190","","","","","本服务器第一个达到450点铭文技能。","","","","","","","","","","","","16712190","81","0","30","256","2557","","","","","","","","","","","","","","","","","16712174","0","0"
"1560","-1","-1","1559","","","","","500条鱼","","","","","","","","","","","","16712190","","","","","钓到500件物品。","","","","","","","","","","","","16712190","171","10","30","0","3179","","","","","","","","","","","","","","","","","2080309740","0","0"
"1784","0","-1","0","","","","","向大厨致敬","","","","","","","","","","","","16712190","","","","","完成下列烹饪成就。","","","","","","","","","","","","16712190","170","10","30","0","3678","","","","","头衔奖励：厨师","","","","","","","","","","","","16712190","0","0"
"2057","-1","600","0","","","","","哦，诺沃斯！","","","","","","","","","","","","16712190","","","","","在没有任何亡灵爪牙爬上地面的情况下击败达克萨隆要塞的召唤者诺沃斯（英雄难度）。","","","","","","","","","","","","16712190","14921","10","30","0","2718","","","","","","","","","","","","","","","","","2080309740","0","0"
"2788","0","-1","0","","","","","部落冠军","","","","","","","","","","","","16712190","","","","","获得在银色锦标赛中代表所有部落种族阵营出战的资格。","","","","","","","","","","","","16712190","14941","10","30","0","3806","","","","","","","","","","","","","","","","","2080309740","0","0"
"2951","-1","603","0","","","","","张开双臂（10人）","","","","","","","","","","","","16712190","","","","","在没有摧毁科隆加恩的任何一条手臂的情况下击败他（10人）。","","","","","","","","","","","","16712190","14961","10","30","0","3859","","","","","","","","","","","","","","","","","2080309740","0","0"
"2952","-1","603","0","","","","","张开双臂（25人）","","","","","","","","","","","","16712190","","","","","在没有摧毁科隆加恩的任何一条手臂的情况下击败他（25人）。","","","","","","","","","","","","16712190","14962","10","30","0","3859","","","","","","","","","","","","","","","","","2080309740","0","0"
"3236","-1","624","0","","","","","杀死风暴看守者埃玛尔隆（冬拥湖25人团队）","","","","","","","","","","","","16712190","","","","","杀死风暴看守者埃玛尔隆（冬拥湖25人团队）","","","","","","","","","","","","16712190","14963","10","30","1","187","","","","","","","","","","","","","","","","","150971388","0","0"
"4041","-1","-1","0","","","","","杀死瓦格里双子（10人大十字军的试炼）","","","","","","","","","","","","16712190","","","","","杀死瓦格里双子（10人大十字军的试炼）","","","","","","","","","","","","16712190","15021","0","30","1","1","","","","","","","","","","","","","","","","","16712172","0","0"
"4396","-1","249","0","","","","","奥妮克希亚的巢穴（10人）","","","","","","","","","","","","16712190","","","","","击败奥妮克希亚（10人）。","","","","","","","","","","","","16712190","14922","10","30","0","3820","","","","","","","","","","","","","","","","","16712172","0","0"
"4397","-1","249","0","","","","","奥妮克希亚的巢穴（25人）","","","","","","","","","","","","16712190","","","","","击败奥妮克希亚（25人）。","","","","","","","","","","","","16712190","14923","10","30","0","3820","","","","","","","","","","","","","","","","","16712172","0","0"
"4662","-1","-1","0","","","","","杀死死亡使者（英雄难度10人冰冠堡垒）","","","","","","","","","","","","16712190","","","","","杀死死亡使者（英雄难度10人冰冠堡垒）","","","","","","","","","","","","16712190","15062","0","30","1","1","","","","","","","","","","","","","","","","","16712188","0","0"
"556","-1","-1","0","","","","","史诗","","","","","","","","","","","","16712190","","","","","在身上的每一个装备栏中都装备一件物品等级不低于213级的史诗品质物品。","","","","","","","","","","","","16712190","92","25","31","0","2808","","","","","","","","","","","","","","","","","16712174","0","0"
"681","-1","-1","0","","","","","禁魔监狱（英雄难度）","","","","","","","","","","","","16712190","","","","","击败预言者斯克瑞斯（英雄难度）。","","","","","","","","","","","","16712190","14805","10","31","0","3659","","","","","","","","","","","","","","","","","16712174","1","0"
"700","0","-1","0","","","","","部落的自由","","","","","","","","","","","","16712190","","","","","获得一个部落勋章或部落徽记。","","","","","","","","","","","","16712190","95","10","31","0","2811","","","","","","","","","","","","","","","","","16712174","1","0"
"1375","-1","533","0","","","","","杀死天启四骑士（10人纳克萨玛斯）","","","","","","","","","","","","16712190","","","","","杀死天启四骑士（10人纳克萨玛斯）","","","","","","","","","","","","16712190","14823","10","31","1","2639","","","","","","","","","","","","","","","","","2080309740","0","0"
"1423","-1","-1","0","","","","","服务器第一！宗师级珠宝加工技能","","","","","","","","","","","","16712190","","","","","本服务器第一个达到450点珠宝加工技能。","","","","","","","","","","","","16712190","81","0","31","256","1768","","","","","","","","","","","","","","","","","16712174","0","0"
"1561","-1","-1","1560","","","","","1000条鱼","","","","","","","","","","","","16712190","","","","","钓到1000件物品。","","","","","","","","","","","","16712190","171","10","31","0","3179","","","","","","","","","","","","","","","","","2080309740","0","0"
"1816","-1","608","0","","","","","毫无防备","","","","","","","","","","","","16712190","","","","","在紫罗兰监狱中，不使用防御控制水晶，保持监狱封印完整度100%，并击败塞安妮苟萨（英雄难度）。","","","","","","","","","","","","16712190","14921","10","31","0","3264","","","","","","","","","","","","","","","","","2113864172","0","0"
"2771","0","-1","2788","","","","","尊贵的部落冠军","","","","","","","","","","","","16712190","","","","","在所有部落种族阵营中达到崇拜声望，并获得在银色锦标赛中代表所有部落种族出战的资格。","","","","","","","","","","","","16712190","14941","10","31","0","3806","","","","","","","","","","","","","","","","","2113864172","0","0"
"2953","-1","603","0","","","","","断其臂膀（10人）","","","","","","","","","","","","16712190","","","","","在12秒内先后摧毁科隆加恩的两条手臂，然后击败他（10人）。","","","","","","","","","","","","16712190","14961","10","31","0","560","","","","","","","","","","","","","","","","","2080309740","1","0"
"2954","-1","603","0","","","","","断其臂膀（25人）","","","","","","","","","","","","16712190","","","","","在12秒内先后摧毁科隆加恩的两条手臂，然后击败他（25人）。","","","","","","","","","","","","16712190","14962","10","31","0","560","","","","","","","","","","","","","","","","","2080309740","1","0"
"4042","-1","-1","0","","","","","杀死瓦格里双子（25人十字军的试炼）","","","","","","","","","","","","16712190","","","","","杀死瓦格里双子（25人十字军的试炼）","","","","","","","","","","","","16712190","15021","0","31","1","1","","","","","","","","","","","","","","","","","16712172","0","0"
"4402","-1","249","0","","","","","上痛！上诅咒！上钉刺！（10人）","","","","","","","","","","","","16712190","","","","","在5分钟内击败奥妮克希亚（10人）。","","","","","","","","","","","","16712190","14922","10","31","0","3821","","","","","","","","","","","","","","","","","16712172","0","0"
"4405","-1","249","0","","","","","上痛！上诅咒！上钉刺！（25人）","","","","","","","","","","","","16712190","","","","","在5分钟内击败奥妮克希亚（25人）。","","","","","","","","","","","","16712190","14923","10","31","0","3821","","","","","","","","","","","","","","","","","16712172","0","0"
"4663","-1","-1","0","","","","","杀死死亡使者（普通难度25人冰冠堡垒）","","","","","","","","","","","","16712190","","","","","杀死死亡使者（普通难度25人冰冠堡垒）","","","","","","","","","","","","16712190","15062","0","31","1","1","","","","","","","","","","","","","","","","","16712188","0","0"
"557","-1","-1","0","","","","","精良","","","","","","","","","","","","16712190","","","","","在身上的每一个装备栏中都装备一件物品等级不低于187级的精良品质物品。","","","","","","","","","","","","16712190","92","10","32","0","133","","","","","","","","","","","","","","","","","16712174","0","0"
"682","-1","585","0","","","","","魔导师平台（英雄难度）","","","","","","","","","","","","16712190","","","","","击败凯尔萨斯·逐日者（英雄难度）。","","","","","","","","","","","","16712190","14805","10","32","0","3664","","","","","","","","","","","","","","","","","16712174","0","0"
"701","1","-1","0","","","","","联盟的自由","","","","","","","","","","","","16712190","","","","","获得一个联盟勋章或联盟徽记。","","","","","","","","","","","","16712190","95","10","32","0","2812","","","","","","","","","","","","","","","","","16712174","1","0"
"1374","-1","533","0","","","","","杀死教官拉苏维奥斯（10人纳克萨玛斯）","","","","","","","","","","","","16712190","","","","","杀死教官拉苏维奥斯（10人纳克萨玛斯）","","","","","","","","","","","","16712190","14823","10","32","1","2639","","","","","","","","","","","","","","","","","2080309740","0","0"
"1424","-1","-1","0","","","","","服务器第一！宗师级制皮技能","","","","","","","","","","","","16712190","","","","","本服务器第一个达到450点制皮技能。","","","","","","","","","","","","16712190","81","0","32","256","346","","","","","","","","","","","","","","","","","16712174","0","0"
"1865","-1","608","0","","","","","一级戒备！","","","","","","","","","","","","16712190","","","","","在紫罗兰监狱中，击败谢沃兹、拉文索尔、艾库隆、湮灭者祖拉玛特、埃雷克姆和摩拉格（英雄难度）。","","","","","","","","","","","","16712190","14921","10","32","0","3300","","","","","","","","","","","","","","","","","2063532524","0","0"
"2096","-1","-1","0","","","","","钱币大师","","","","","","","","","","","","16712190","","","","","完成下列许愿硬币钓鱼成就。","","","","","","","","","","","","16712190","171","10","32","0","2993","","","","","奖励：达拉然泰坦神铁徽记","","","","","","","","","","","","16712190","0","0"
"2816","0","-1","2771","","","","","尊贵的部落银色冠军","","","","","","","","","","","","16712190","","","","","在所有部落种族阵营中达到崇拜声望，并获得在银色锦标赛中代表所有部落种族出战的资格。","","","","","","","","","","","","16712190","14941","10","32","0","3806","","","","","头衔奖励：十字军。在银色锦标赛解锁十字军日常任务。","","","","","","","","","","","","16712190","0","0"
"2955","-1","603","0","","","","","致命的眼神（10人）","","","","","","","","","","","","16712190","","","","","在团队中无一人被聚焦视线击中的情况下击败科隆加恩（10人）。","","","","","","","","","","","","16712190","14961","10","32","0","2446","","","","","","","","","","","","","","","","","2080309740","0","0"
"2956","-1","603","0","","","","","致命的眼神（25人）","","","","","","","","","","","","16712190","","","","","在团队中无一人被聚焦视线击中的情况下击败科隆加恩（25人）。","","","","","","","","","","","","16712190","14962","10","32","0","2446","","","","","","","","","","","","","","","","","2080309740","0","0"
"4043","-1","-1","0","","","","","杀死瓦格里双子（25人大十字军的试炼）","","","","","","","","","","","","16712190","","","","","杀死瓦格里双子（25人大十字军的试炼）","","","","","","","","","","","","16712190","15021","0","32","1","1","","","","","","","","","","","","","","","","","16712172","0","0"
"4403","-1","249","0","","","","","最少扣你50DKP！！（10人）","","","","","","","","","","","","16712190","","","","","当奥妮克希亚升空后，在10秒内引出50只奥妮克希亚雏龙，随后击败奥妮克希亚（10人）。","","","","","","","","","","","","16712190","14922","10","32","0","1699","","","","","","","","","","","","","","","","","16712172","0","0"
"4406","-1","249","0","","","","","最少扣你50DKP！！（25人）","","","","","","","","","","","","16712190","","","","","当奥妮克希亚升空后，在10秒内引出50只奥妮克希亚雏龙，随后击败奥妮克希亚（25人）。","","","","","","","","","","","","16712190","14923","10","32","0","1699","","","","","","","","","","","","","","","","","16712172","0","0"
"4664","-1","-1","0","","","","","杀死死亡使者（英雄难度25人冰冠堡垒）","","","","","","","","","","","","16712190","","","","","杀死死亡使者（英雄难度25人冰冠堡垒）","","","","","","","","","","","","16712190","15062","0","32","1","1","","","","","","","","","","","","","","","","","16712188","0","0"
"558","-1","-1","0","","","","","贪婪","","","","","","","","","","","","16712190","","","","","在掷贪婪骰子决定物品等级高于185的精良或更高品质物品归属时，以100点获胜。","","","","","","","","","","","","16712190","92","10","33","0","2802","","","","","","","","","","","","","","","","","16712174","0","0"
"690","-1","-1","0","","","","","卡拉赞","","","","","","","","","","","","16712190","","","","","击败卡拉赞的玛克扎尔王子。","","","","","","","","","","","","16712190","14805","10","33","0","3828","","","","","","","","","","","","","","","","","16712174","1","0"
"727","-1","-1","0","","","","","呼叫骑兵","","","","","","","","","","","","16712190","","","","","通过荣誉系统，获取一头作战坐骑。","","","","","","","","","","","","16712190","95","10","33","0","1178","","","","","","","","","","","","","","","","","16712174","1","0"
"1370","-1","533","0","","","","","杀死洛欧塞布（10人纳克萨玛斯）","","","","","","","","","","","","16712190","","","","","杀死洛欧塞布（10人纳克萨玛斯）","","","","","","","","","","","","16712190","14823","10","33","1","2997","","","","","","","","","","","","","","","","","2080309740","0","0"
"1425","-1","-1","0","","","","","服务器第一！宗师级采矿技能","","","","","","","","","","","","16712190","","","","","本服务器第一个达到450点采矿技能。","","","","","","","","","","","","16712190","81","0","33","256","336","","","","","","","","","","","","","","","","","16712174","0","0"
"1516","-1","-1","0","","","","","垂钓有成","","","","","","","","","","","","16712190","","","","","完成下列钓鱼成就。","","","","","","","","","","","","16712190","171","10","33","0","580","","","","","头衔奖励：咸鱼","","","","","","","","","","","","16712190","0","0"
"2041","-1","608","0","","","","","脱水","","","","","","","","","","","","16712190","","","","","在没有任何水泡形成的情况下，击败紫罗兰监狱的艾库隆（英雄难度）。","","","","","","","","","","","","16712190","14921","10","33","0","2134","","","","","","","","","","","","","","","","","2130641388","0","0"
"2959","-1","603","0","","","","","碎石滚滚（10人）","","","","","","","","","","","","16712190","","","","","在至少出现25个碎石的情况下击败科隆加恩（10人）。","","","","","","","","","","","","16712190","14961","10","33","0","2380","","","","","","","","","","","","","","","","","2113864172","0","0"
"2960","-1","603","0","","","","","碎石滚滚（25人）","","","","","","","","","","","","16712190","","","","","在至少出现25个碎石的情况下击败科隆加恩（25人）。","","","","","","","","","","","","16712190","14962","10","33","0","2380","","","","","","","","","","","","","","","","","2113864172","0","0"
"3676","1","-1","0","","","","","银色挚友","","","","","","","","","","","","16712190","","","","","在银色盟约阵营中达到崇拜声望，并获得在银色锦标赛中代表一座主城出战的资格。","","","","","","","","","","","","16712190","14941","10","33","0","2383","","","","","解锁银色锦标赛中的银色盟约日常任务。","","","","","","","","","","","","16712190","0","0"
"4044","-1","-1","0","","","","","完成十字军试炼的次数（10人）","","","","","","","","","","","","16712190","","","","","完成十字军试炼的次数（10人）","","","","","","","","","","","","16712190","15021","0","33","1","1","","","","","","","","","","","","","","","","","16712172","0","0"
"4404","-1","249","0","","","","","深呼吸之谜（10人）","","","","","","","","","","","","16712190","","","","","在无人受到深呼吸伤害的情况下击败奥妮克希亚（10人）。","","","","","","","","","","","","16712190","14922","10","33","0","2128","","","","","","","","","","","","","","","","","16712172","0","0"
"4407","-1","249","0","","","","","深呼吸之谜（25人）","","","","","","","","","","","","16712190","","","","","在无人受到深呼吸伤害的情况下击败奥妮克希亚（25人）。","","","","","","","","","","","","16712190","14923","10","33","0","2128","","","","","","","","","","","","","","","","","16712172","0","0"
"4646","-1","-1","0","","","","","杀死烂肠（普通难度10人冰冠堡垒）","","","","","","","","","","","","16712190","","","","","杀死烂肠（普通难度10人冰冠堡垒）","","","","","","","","","","","","16712190","15062","0","33","1","1","","","","","","","","","","","","","","","","","16712188","0","0"
"229","-1","-1","0","","","","","恐怖收割者","","","","","","","","","","","","16712190","","","","","在任意战场的一场战斗中，获得30个荣誉击杀。","","","","","","","","","","","","16712190","95","10","34","0","1933","","","","","","","","","","","","","","","","","16712174","1","0"
"559","-1","-1","0","","","","","需求","","","","","","","","","","","","16712190","","","","","在掷需求骰子决定物品等级高于185的精良或更高品质物品归属时，以100点获胜。","","","","","","","","","","","","16712190","92","10","34","0","2801","","","","","","","","","","","","","","","","","16712174","0","0"
"691","-1","-1","0","","","","","祖阿曼","","","","","","","","","","","","16712190","","","","","击败祖阿曼的祖尔金。","","","","","","","","","","","","16712190","14805","10","34","0","3630","","","","","","","","","","","","","","","","","16712174","1","0"
"1363","-1","533","0","","","","","杀死迈克斯纳（10人纳克萨玛斯）","","","","","","","","","","","","16712190","","","","","杀死迈克斯纳（10人纳克萨玛斯）","","","","","","","","","","","","16712190","14823","10","34","1","1899","","","","","","","","","","","","","","","","","2080309740","0","0"
"1426","-1","-1","0","","","","","服务器第一！宗师级剥皮技能","","","","","","","","","","","","16712190","","","","","本服务器第一个达到450点剥皮技能。","","","","","","","","","","","","16712190","81","0","34","256","736","","","","","","","","","","","","","","","","","16712174","0","0"
"2153","-1","608","0","","","","","虚空之舞","","","","","","","","","","","","16712190","","","","","在不杀死任何虚空斥候的情况下，击败紫罗兰监狱中的湮灭者祖拉玛特（英雄难度）。","","","","","","","","","","","","16712190","14921","10","34","0","2242","","","","","","","","","","","","","","","","","2130641388","0","0"
"3006","-1","603","0","","","","","疯狂的猫咪女王（10人）","","","","","","","","","","","","16712190","","","","","在不摧毁圣所警卫的情况下击败欧尔莉亚（10人）。","","","","","","","","","","","","16712190","14961","10","34","0","3870","","","","","","","","","","","","","","","","","2080309740","0","0"
"3007","-1","603","0","","","","","疯狂的猫咪女王（25人）","","","","","","","","","","","","16712190","","","","","在不摧毁圣所警卫的情况下击败欧尔莉亚（25人）。","","","","","","","","","","","","16712190","14962","10","34","0","3870","","","","","","","","","","","","","","","","","2080309740","0","0"
"3677","0","-1","0","","","","","夺日者","","","","","","","","","","","","16712190","","","","","在夺日者阵营中达到崇拜声望，并获得在银色锦标赛中代表一座主城出战的资格。","","","","","","","","","","","","16712190","14941","10","34","0","3976","","","","","解锁银色锦标赛中的夺日者日常任务。","","","","","","","","","","","","16712190","0","0"
"4016","-1","-1","0","","","","","地、风和火（10人）","","","","","","","","","","","","16712190","","","","","在60秒内连续击杀岩石看守者阿尔卡冯、风暴看守者埃玛尔隆和火焰看守者科拉隆（10人）。","","","","","","","","","","","","16712190","14922","10","34","0","2603","","","","","","","","","","","","","","","","","16712172","0","0"
"4017","-1","-1","0","","","","","地、风和火（25人）","","","","","","","","","","","","16712190","","","","","在60秒内连续击杀岩石看守者阿尔卡冯、风暴看守者埃玛尔隆和火焰看守者科拉隆（25人）。","","","","","","","","","","","","16712190","14923","10","34","0","2603","","","","","","","","","","","","","","","","","16712172","0","0"
"4045","-1","-1","0","","","","","完成大十字军试炼的次数（10人）","","","","","","","","","","","","16712190","","","","","完成大十字军试炼的次数（10人）","","","","","","","","","","","","16712190","15021","0","34","1","1","","","","","","","","","","","","","","","","","16712172","0","0"
"4665","-1","-1","0","","","","","杀死烂肠（英雄难度10人冰冠堡垒）","","","","","","","","","","","","16712190","","","","","杀死烂肠（英雄难度10人冰冠堡垒）","","","","","","","","","","","","16712190","15062","0","34","1","1","","","","","","","","","","","","","","","","","16712188","0","0"
"692","-1","-1","0","","","","","格鲁尔的巢穴","","","","","","","","","","","","16712190","","","","","击败格鲁尔的巢穴中的屠龙者格鲁尔。","","","","","","","","","","","","16712190","14805","10","35","0","3628","","","","","","","","","","","","","","","","","16712174","1","0"
"714","0","-1","0","","","","","征服者","","","","","","","","","","","","16712190","","","","","在战歌峡谷、阿拉希盆地和奥特兰克山谷中达到崇拜声望。","","","","","","","","","","","","16712190","95","20","35","0","2563","","","","","头衔奖励：征服者","","","","","","","","","","","","16712190","0","0"
"1165","-1","-1","0","","","","","我的背包是“巨无霸”","","","","","","","","","","","","16712190","","","","","装备哈莉丝·西尔顿的“巨无霸”背包。","","","","","","","","","","","","16712190","92","10","35","0","2989","","","","","","","","","","","","","","","","","16712174","0","0"
"1365","-1","533","0","","","","","杀死药剂师诺斯（10人纳克萨玛斯）","","","","","","","","","","","","16712190","","","","","杀死药剂师诺斯（10人纳克萨玛斯）","","","","","","","","","","","","16712190","14823","10","35","1","2997","","","","","","","","","","","","","","","","","2080309740","0","0"
"1427","-1","-1","0","","","","","服务器第一！宗师级裁缝技能","","","","","","","","","","","","16712190","","","","","本服务器第一个达到450点裁缝技能。","","","","","","","","","","","","16712190","81","0","35","256","341","","","","","","","","","","","","","","","","","16712174","0","0"
"1864","-1","604","0","","","","","什么味道？","","","","","","","","","","","","16712190","","","","","在受到野性残渣效果影响的状态下，击败古达克的迦尔达拉（英雄难度）。","","","","","","","","","","","","16712190","14921","10","35","0","3299","","","","","","","","","","","","","","","","","2080309740","0","0"
"3076","-1","603","0","","","","","九命猫（10人）","","","","","","","","","","","","16712190","","","","","在击败欧尔莉亚的同时击败野性防御者（10人）。","","","","","","","","","","","","16712190","14961","10","35","0","836","","","","","","","","","","","","","","","","","2113864172","0","0"
"3077","-1","603","0","","","","","九命猫（25人）","","","","","","","","","","","","16712190","","","","","在击败欧尔莉亚的同时击败野性防御者（25人）。","","","","","","","","","","","","16712190","14962","10","35","0","836","","","","","","","","","","","","","","","","","2113864172","0","0"
"4046","-1","-1","0","","","","","完成十字军试炼的次数（25人）","","","","","","","","","","","","16712190","","","","","完成十字军试炼的次数（25人）","","","","","","","","","","","","16712190","15021","0","35","1","1","","","","","","","","","","","","","","","","","16712172","0","0"
"4596","-1","-1","0","","","","","颅中剑","","","","","","","","","","","","16712190","","","","","找回遗失的奎尔德拉剑柄，从剑冢中拔出奎尔德拉，将其重铸，随后在太阳之井中进行净化，而它将成为你不辞辛苦的奖励。","","","","","","","","","","","","16712190","14941","10","35","0","4143","","","","","","","","","","","","","","","","","16712188","1","0"
"4666","-1","-1","0","","","","","杀死烂肠（普通难度25人冰冠堡垒）","","","","","","","","","","","","16712190","","","","","杀死烂肠（普通难度25人冰冠堡垒）","","","","","","","","","","","","16712190","15062","0","35","1","1","","","","","","","","","","","","","","","","","16712188","0","0"
"4815","-1","-1","0","","","","","暮光毁灭者（25人）","","","","","","","","","","","","16712190","","","","","击败红玉圣殿的海里昂（25人）。","","","","","","","","","","","","16712190","14923","10","35","0","164","","","","","","","","","","","","","","","","","16712172","0","0"
"4817","-1","-1","0","","","","","暮光毁灭者（10人）","","","","","","","","","","","","16712190","","","","","击败红玉圣殿的海里昂（10人）。","","","","","","","","","","","","16712190","14922","10","35","0","164","","","","","","","","","","","","","","","","","16712172","0","0"
"693","-1","-1","0","","","","","玛瑟里顿的巢穴","","","","","","","","","","","","16712190","","","","","击败玛瑟里顿的巢穴中的玛瑟里顿。","","","","","","","","","","","","16712190","14805","10","36","0","3640","","","","","","","","","","","","","","","","","16712174","1","0"
"907","1","-1","0","","","","","审判者","","","","","","","","","","","","16712190","","","","","在战歌峡谷、阿拉希盆地和奥特兰克山谷中达到崇拜声望。","","","","","","","","","","","","16712190","95","20","36","0","2924","","","","","头衔奖励：审判者","","","","","","","","","","","","16712190","0","0"
"1187","-1","-1","0","","","","","钥匙大师","","","","","","","","","","","","16712190","","","","","获得下列钥匙。","","","","","","","","","","","","16712190","92","10","36","0","2502","","","","","","","","","","","","","","","","","16712174","0","0"
"1364","-1","533","0","","","","","杀死帕奇维克（10人纳克萨玛斯）","","","","","","","","","","","","16712190","","","","","杀死帕奇维克（10人纳克萨玛斯）","","","","","","","","","","","","16712190","14823","10","36","1","97","","","","","","","","","","","","","","","","","2080309740","0","0"
"1400","-1","616","0","","","","","服务器第一！魔法追寻者","","","","","","","","","","","","16712190","","","","","参与在本服务器首次击杀玛里苟斯（25人）。","","","","","","","","","","","","16712190","81","0","36","768","1700","","","","","头衔奖励：魔法追寻者","","","","","","","","","","","","16712190","0","0"
"2152","-1","604","0","","","","","有爱共享","","","","","","","","","","","","16712190","","","","","在5名队员都被穿刺过的情况下，击败古达克的迦尔达拉（英雄难度）。","","","","","","","","","","","","16712190","14921","10","36","0","2714","","","","","","","","","","","","","","","","","2080309740","0","0"
"2961","-1","603","0","","","","","别冻坏了（10人）","","","","","","","","","","","","16712190","","","","","在团队中无一人被急速冻结击中的情况下击败霍迪尔（10人）。","","","","","","","","","","","","16712190","14961","10","36","0","56","","","","","","","","","","","","","","","","","2113864172","0","0"
"2962","-1","603","0","","","","","别冻坏了（25人）","","","","","","","","","","","","16712190","","","","","在团队中无一人被急速冻结击中的情况下击败霍迪尔（25人）。","","","","","","","","","","","","16712190","14962","10","36","0","56","","","","","","","","","","","","","","","","","2113864172","0","0"
"4047","-1","-1","0","","","","","完成大十字军试炼的次数（25人）","","","","","","","","","","","","16712190","","","","","完成大十字军试炼的次数（25人）","","","","","","","","","","","","16712190","15021","0","36","1","1","","","","","","","","","","","","","","","","","16712172","0","0"
"4667","-1","-1","0","","","","","杀死烂肠（英雄难度25人冰冠堡垒）","","","","","","","","","","","","16712190","","","","","杀死烂肠（英雄难度25人冰冠堡垒）","","","","","","","","","","","","16712190","15062","0","36","1","1","","","","","","","","","","","","","","","","","16712188","0","0"
"4816","-1","-1","4815","","","","","暮光毁灭者（英雄难度25人）","","","","","","","","","","","","16712190","","","","","击败红玉圣殿的海里昂（英雄难度 25人）。","","","","","","","","","","","","16712190","14923","10","36","0","164","","","","","","","","","","","","","","","","","16712172","0","0"
"4818","-1","-1","4817","","","","","暮光毁灭者（英雄难度10人）","","","","","","","","","","","","16712190","","","","","击败红玉圣殿的海里昂（英雄难度 10人）。","","","","","","","","","","","","16712190","14922","10","36","0","164","","","","","","","","","","","","","","","","","16712172","0","0"
"456","-1","615","0","","","","","服务器第一！黑曜石杀手","","","","","","","","","","","","16712190","","","","","参与在本服务器首次击杀黑岩守护者萨塔里奥（25人）。","","","","","","","","","","","","16712190","81","0","37","768","3308","","","","","头衔奖励：黑曜石杀手","","","","","","","","","","","","16712190","0","0"
"694","-1","-1","0","","","","","毒蛇神殿","","","","","","","","","","","","16712190","","","","","击败毒蛇神殿的瓦丝琪。","","","","","","","","","","","","16712190","14805","10","37","0","3658","","","","","","","","","","","","","","","","","16712174","1","0"
"908","1","-1","0","","","","","战斗的召唤！","","","","","","","","","","","","16712190","","","","","完成下列80级“战斗的召唤”战场日常任务。","","","","","","","","","","","","16712190","95","10","37","0","2841","","","","","","","","","","","","","","","","","16712174","0","0"
"1206","-1","-1","0","","","","","我亲爱的小松鼠们","","","","","","","","","","","","16712190","","","","","向艾泽拉斯的小动物展示你的爱心（使用/love命令）。","","","","","","","","","","","","16712190","92","10","37","0","3132","","","","","","","","","","","","","","","","","16712174","0","0"
"1373","-1","533","0","","","","","杀死塔迪乌斯（10人纳克萨玛斯）","","","","","","","","","","","","16712190","","","","","杀死塔迪乌斯（10人纳克萨玛斯）","","","","","","","","","","","","16712190","14823","10","37","1","97","","","","","","","","","","","","","","","","","2080309740","0","0"
"2040","-1","604","0","","","","","干掉莫拉比","","","","","","","","","","","","16712190","","","","","在保证古达克的莫拉比没有一次成功变身为猛犸象的情况下击败他（英雄难度）。","","","","","","","","","","","","16712190","14921","10","37","0","3394","","","","","","","","","","","","","","","","","2080309740","0","0"
"2963","-1","603","0","","","","","我的强力伙伴们（10人）","","","","","","","","","","","","16712190","","","","","在没有任何友方NPC死亡的情况下击败霍迪尔（10人）。","","","","","","","","","","","","16712190","14961","10","37","0","36","","","","","","","","","","","","","","","","","2113864172","0","0"
"2965","-1","603","0","","","","","我的强力伙伴们（25人）","","","","","","","","","","","","16712190","","","","","在没有任何友方NPC死亡的情况下击败霍迪尔（25人）。","","","","","","","","","","","","16712190","14962","10","37","0","36","","","","","","","","","","","","","","","","","2113864172","0","0"
"4074","-1","624","0","","","","","火焰看守者科拉隆之死（冬拥湖10人团队）","","","","","","","","","","","","16712190","","","","","杀死火焰看守者科拉隆（10人冬拥湖）","","","","","","","","","","","","16712190","15021","10","37","1","187","","","","","","","","","","","","","","","","","16712172","0","0"
"4647","-1","-1","0","","","","","杀死腐面（普通难度10人冰冠堡垒）","","","","","","","","","","","","16712190","","","","","杀死腐面（普通难度10人冰冠堡垒）","","","","","","","","","","","","16712190","15062","0","37","1","1","","","","","","","","","","","","","","","","","16712188","0","0"
"696","-1","-1","0","","","","","风暴要塞","","","","","","","","","","","","16712190","","","","","击败风暴要塞的凯尔萨斯·逐日者。","","","","","","","","","","","","16712190","14805","10","38","0","3284","","","","","","","","","","","","","","","","","16712174","1","0"
"909","0","-1","0","","","","","战斗的召唤！","","","","","","","","","","","","16712190","","","","","完成下列80级“战斗的召唤”战场日常任务。","","","","","","","","","","","","16712190","95","10","38","0","2841","","","","","","","","","","","","","","","","","16712174","0","0"
"1376","-1","533","0","","","","","杀死萨菲隆（10人纳克萨玛斯）","","","","","","","","","","","","16712190","","","","","杀死萨菲隆（10人纳克萨玛斯）","","","","","","","","","","","","16712190","14823","10","38","1","1700","","","","","","","","","","","","","","","","","2080309740","0","0"
"1402","-1","533","0","","","","","服务器第一！纳克萨玛斯的征服者","","","","","","","","","","","","16712190","","","","","参与在本服务器首次击杀克尔苏加德（25人）。","","","","","","","","","","","","16712190","81","0","38","768","1898","","","","","头衔奖励：纳克萨玛斯的征服者","","","","","","","","","","","","16712190","0","0"
"2058","-1","604","0","","","","","蛇。为什么是蛇？","","","","","","","","","","","","16712190","","","","","在不被蛇缠住的情况下击败古达克的斯拉德兰（英雄难度）。","","","","","","","","","","","","16712190","14921","10","38","0","2936","","","","","","","","","","","","","","","","","2080309740","0","0"
"2557","-1","-1","0","","","","","陪伴我成长的小松鼠们","","","","","","","","","","","","16712190","","","","","向更多的艾泽拉斯小动物展示你的爱心（使用/love命令）。","","","","","","","","","","","","16712190","92","10","38","0","3132","","","","","","","","","","","","","","","","","1694433772","0","0"
"2967","-1","603","0","","","","","这里真冷呀（10人）","","","","","","","","","","","","16712190","","","","","在团队中无一人身上的刺骨之寒效果叠加到2层以上的情况下击败霍迪尔（10人）。","","","","","","","","","","","","16712190","14961","10","38","0","3862","","","","","","","","","","","","","","","","","2113864172","0","0"
"2968","-1","603","0","","","","","这里真冷呀（25人）","","","","","","","","","","","","16712190","","","","","在团队中无一人身上的刺骨之寒效果叠加到2层以上的情况下击败霍迪尔（25人）。","","","","","","","","","","","","16712190","14962","10","38","0","501","","","","","","","","","","","","","","","","","2113864172","0","0"
"4075","-1","624","0","","","","","火焰看守者科拉隆之死（冬拥湖25人团队）","","","","","","","","","","","","16712190","","","","","杀死火焰看守者科拉隆（25人冬拥湖）","","","","","","","","","","","","16712190","15021","10","38","1","187","","","","","","","","","","","","","","","","","16712172","0","0"
"4668","-1","-1","0","","","","","杀死腐面（英雄难度10人冰冠堡垒）","","","","","","","","","","","","16712190","","","","","杀死腐面（英雄难度10人冰冠堡垒）","","","","","","","","","","","","16712190","15062","0","38","1","1","","","","","","","","","","","","","","","","","16712188","0","0"
"227","-1","-1","0","","","","","伤害控制","","","","","","","","","","","","16712190","","","","","在任意战场的一场战斗中造成300000点伤害或者治疗，并且这些伤害或治疗的目标必须是玩家。","","","","","","","","","","","","16712190","95","10","39","0","3422","","","","","","","","","","","","","","","","","16712174","1","0"
"695","-1","-1","0","","","","","海加尔山之战","","","","","","","","","","","","16712190","","","","","在海加尔山之战中击败阿克蒙德。","","","","","","","","","","","","16712190","14805","10","39","0","3639","","","","","","","","","","","","","","","","","16712174","1","0"
"1377","-1","533","0","","","","","杀死克尔苏加德（10人纳克萨玛斯）","","","","","","","","","","","","16712190","","","","","杀死克尔苏加德（10人纳克萨玛斯）","","","","","","","","","","","","16712190","14823","10","39","1","1898","","","","","","","","","","","","","","","","","2080309740","0","0"
"1866","-1","599","0","","","","","无尽悲伤","","","","","","","","","","","","16712190","","","","","在1分钟内击败岩石大厅的悲伤圣女（英雄难度）。","","","","","","","","","","","","16712190","14921","10","39","0","3301","","","","","","","","","","","","","","","","","2063532524","0","0"
"2556","-1","-1","0","","","","","害虫控制","","","","","","","","","","","","16712190","","","","","杀死下列害虫。","","","","","","","","","","","","16712190","92","10","39","0","1586","","","","","","","","","","","","","","","","","1694433772","0","0"
"2970","-1","603","0","","","","","注意保暖（25人）","","","","","","","","","","","","16712190","","","","","同时拥有温暖的火焰、风暴之力和星光效果（25人）。","","","","","","","","","","","","16712190","14962","10","39","0","11","","","","","","","","","","","","","","","","","2113864172","1","0"
"3117","-1","603","0","","","","","服务器第一！死亡的终结","","","","","","","","","","","","16712190","","","","","在没有任何守护者协助的情况下，参与在本服务器首次击杀尤格-萨隆（25人）。","","","","","","","","","","","","16712190","81","0","39","768","3848","","","","","头衔奖励：死亡的终结者","","","","","","","","","","","","16712190","0","0"
"3182","-1","603","0","","","","","珍贵的宝箱（10人）","","","","","","","","","","","","16712190","","","","","在霍迪尔打碎他的珍贵宝箱之前击败他（10人）。","","","","","","","","","","","","16712190","14961","10","39","0","3927","","","","","","","","","","","","","","","","","4261347820","0","0"
"4669","-1","-1","0","","","","","杀死腐面（普通难度25人冰冠堡垒）","","","","","","","","","","","","16712190","","","","","杀死腐面（普通难度25人冰冠堡垒）","","","","","","","","","","","","16712190","15062","0","39","1","1","","","","","","","","","","","","","","","","","16712188","0","0"
"231","-1","-1","0","","","","","摧枯拉朽","","","","","","","","","","","","16712190","","","","","在任意战场的一场战斗中，亲手杀死20名敌人，并且自己不死亡。","","","","","","","","","","","","16712190","95","10","40","16","2770","","","","","","","","","","","","","","","","","16712174","1","0"
"697","-1","-1","0","","","","","黑暗神殿","","","","","","","","","","","","16712190","","","","","击败黑暗神殿的伊利丹。","","","","","","","","","","","","16712190","14805","10","40","0","3663","","","","","","","","","","","","","","","","","16712174","1","0"
"1254","-1","-1","0","","","","","火鸡的末日","","","","","","","","","","","","16712190","","","","","在3分钟内杀死15只火鸡。","","","","","","","","","","","","16712190","92","10","40","0","1467","","","","","","","","","","","","","","","","","2113864174","0","0"
"2155","-1","599","0","","","","","清扫淤泥","","","","","","","","","","","","16712190","","","","","在杀死5只铁淤泥的情况下，击败岩石大厅的塑铁者斯约尼尔（英雄难度）。","","","","","","","","","","","","16712190","14921","10","40","0","1541","","","","","","","","","","","","","","","","","2130641388","0","0"
"2596","-1","533","0","","","","","杀死比格沃斯","","","","","","","","","","","","16712190","","","","","杀死比格沃斯","","","","","","","","","","","","16712190","14823","10","40","33","1700","","","","","","","","","","","","","","","","","2080309740","0","0"
"2969","-1","603","0","","","","","注意保暖（10人）","","","","","","","","","","","","16712190","","","","","同时拥有温暖的火焰、风暴之力和星光效果（10人）。","","","","","","","","","","","","16712190","14961","10","40","0","11","","","","","","","","","","","","","","","","","2113864172","1","0"
"3184","-1","603","0","","","","","珍贵的宝箱（25人）","","","","","","","","","","","","16712190","","","","","在霍迪尔打碎他的珍贵宝箱之前击败他（25人）。","","","","","","","","","","","","16712190","14962","10","40","0","3927","","","","","","","","","","","","","","","","","3909026284","0","0"
"3259","-1","603","0","","","","","服务器第一！天界保卫者","","","","","","","","","","","","16712190","","","","","参与在本服务器首次击杀观察者奥尔加隆（25人）。","","","","","","","","","","","","16712190","81","0","40","768","3869","","","","","头衔奖励：天界保卫者","","","","","","","","","","","","16712190","0","0"
"4670","-1","-1","0","","","","","杀死腐面（英雄难度25人冰冠堡垒）","","","","","","","","","","","","16712190","","","","","杀死腐面（英雄难度25人冰冠堡垒）","","","","","","","","","","","","16712190","15062","0","40","1","1","","","","","","","","","","","","","","","","","16712188","0","0"
"698","-1","-1","0","","","","","太阳之井高地","","","","","","","","","","","","16712190","","","","","击败太阳之井高地的基尔加丹。","","","","","","","","","","","","16712190","14805","10","41","0","3592","","","","","","","","","","","","","","","","","16712174","1","0"
"1244","-1","-1","0","","","","","饱读诗书","","","","","","","","","","","","16712190","","","","","阅读下列书籍。","","","","","","","","","","","","16712190","92","10","41","0","2892","","","","","","","","","","","","","","","","","2113864174","0","0"
"1368","-1","533","0","","","","","杀死阿努布雷坎（25人纳克萨玛斯）","","","","","","","","","","","","16712190","","","","","杀死阿努布雷坎（25人纳克萨玛斯）","","","","","","","","","","","","16712190","14823","10","41","1","1899","","","","","","","","","","","","","","","","","2080309740","0","0"
"2016","1","-1","0","","","","","灰熊精英","","","","","","","","","","","","16712190","","","","","完成下列灰熊丘陵PvP日常任务。","","","","","","","","","","","","16712190","95","10","41","0","3343","","","","","","","","","","","","","","","","","2130641388","0","0"
"2154","-1","599","0","","","","","毫发无伤的布莱恩","","","","","","","","","","","","16712190","","","","","在岩石大厅的远古法庭事件中获胜，并且保证布莱恩·铜须不受到任何伤害（英雄难度）。","","","","","","","","","","","","16712190","14921","10","41","0","3286","","","","","","","","","","","","","","","","","2130641388","0","0"
"2971","-1","603","0","","","","","粗心遭雷劈（10人）","","","","","","","","","","","","16712190","","","","","在团队中无一人被闪电充能击中的情况下击败托里姆（10人）。","","","","","","","","","","","","16712190","14961","10","41","0","320","","","","","","","","","","","","","","","","","2113864172","0","0"
"2972","-1","603","0","","","","","粗心遭雷劈（25人）","","","","","","","","","","","","16712190","","","","","在团队中无一人被闪电充能击中的情况下击败托里姆（25人）。","","","","","","","","","","","","16712190","14962","10","41","0","320","","","","","","","","","","","","","","","","","2080309740","0","0"
"4078","-1","649","0","","","","","服务器第一！大十字军","","","","","","","","","","","","16712190","","","","","参与本服务器首次完成大十字军的试炼，并且尝试次数还剩50次（25人）。","","","","","","","","","","","","16712190","81","0","41","768","3805","","","","","头衔奖励：大十字军","","","","","","","","","","","","16712190","0","0"
"4648","-1","-1","0","","","","","杀死鲜血王子议会（普通难度10人冰冠堡垒）","","","","","","","","","","","","16712190","","","","","杀死鲜血王子议会（普通难度10人冰冠堡垒）","","","","","","","","","","","","16712190","15062","0","41","1","1","","","","","","","","","","","","","","","","","16712188","0","0"
"1378","-1","533","0","","","","","杀死格拉斯（25人纳克萨玛斯）","","","","","","","","","","","","16712190","","","","","杀死格拉斯（25人纳克萨玛斯）","","","","","","","","","","","","16712190","14823","10","42","1","97","","","","","","","","","","","","","","","","","2080309740","0","0"
"1867","-1","602","0","","","","","适时死亡","","","","","","","","","","","","16712190","","","","","在2分钟内击败闪电大厅的洛肯（英雄难度）。","","","","","","","","","","","","16712190","14921","10","42","0","3302","","","","","","","","","","","","","","","","","2063532524","0","0"
"1956","-1","571","0","","","","","进修","","","","","","","","","","","","16712190","","","","","在达拉然城中阅读《奥术魔法的学派》中的下列章节。","","","","","","","","","","","","16712190","92","10","42","0","1865","","","","","奖励：奥术魔法的学派 - 精通","","","","","","","","","","","","16712190","0","0"
"2017","0","-1","0","","","","","灰熊精英","","","","","","","","","","","","16712190","","","","","完成下列灰熊丘陵PvP日常任务。","","","","","","","","","","","","16712190","95","10","42","0","3343","","","","","","","","","","","","","","","","","2130641388","0","0"
"2973","-1","603","0","","","","","看我一个打三个（10人）","","","","","","","","","","","","16712190","","","","","击败托里姆、古代符文巨人和符印巨像（10人）。","","","","","","","","","","","","16712190","14961","10","42","0","3864","","","","","","","","","","","","","","","","","2080309740","0","0"
"2974","-1","603","0","","","","","看我一个打三个（25人）","","","","","","","","","","","","16712190","","","","","击败托里姆、古代符文巨人和符印巨像（25人）。","","","","","","","","","","","","16712190","14962","10","42","0","3864","","","","","","","","","","","","","","","","","2080309740","0","0"
"4576","-1","631","0","","","","","服务器第一！巫妖王的陨落","","","","","","","","","","","","16712190","","","","","参与在本服务器首次击杀巫妖王（英雄难度25人）。","","","","","","","","","","","","16712190","81","0","42","768","4127","","","","","","","","","","","","","","","","","16712190","0","0"
"4671","-1","-1","0","","","","","杀死鲜血王子议会（英雄难度10人冰冠堡垒）","","","","","","","","","","","","16712190","","","","","杀死鲜血王子议会（英雄难度10人冰冠堡垒）","","","","","","","","","","","","16712190","15062","0","42","1","1","","","","","","","","","","","","","","","","","16712188","0","0"
"230","1","-1","0","","","","","战斗大师","","","","","","","","","","","","16712190","","","","","完成下列战场成就。","","","","","","","","","","","","16712190","95","50","43","0","3372","","","","","头衔奖励：战斗大师","","","","","","","","","","","","16712190","0","0"
"1379","-1","533","0","","","","","杀死收割者戈提克（25人纳克萨玛斯）","","","","","","","","","","","","16712190","","","","","杀死收割者戈提克（25人纳克萨玛斯）","","","","","","","","","","","","16712190","14823","10","43","1","2639","","","","","","","","","","","","","","","","","2080309740","0","0"
"1463","-1","-1","0","","","","","服务器第一！诺森德先锋","","","","","","","","","","","","16712190","","","","","本服务器第一个在银色北伐军、龙眠联军、肯瑞托和黑锋骑士团都达到崇拜声望的玩家。","","","","","","","","","","","","16712190","81","0","43","256","2207","","","","","","","","","","","","","","","","","16712174","0","0"
"1833","-1","-1","0","","","","","快乐时光","","","","","","","","","","","","16712190","","","","","饮用25种不同的饮料。","","","","","","","","","","","","16712190","92","10","43","160","3083","","","","","","","","","","","","","","","","","2063532524","25","346"
"1834","-1","602","0","","","","","雷击","","","","","","","","","","","","16712190","","","","","在闪电大厅的比亚格里将军携带临时电荷的状态下将其击败（英雄难度）。","","","","","","","","","","","","16712190","14921","10","43","0","3242","","","","","","","","","","","","","","","","","2130641388","0","0"
"2975","-1","603","0","","","","","嗜血？要啥嗜血？（10人）","","","","","","","","","","","","16712190","","","","","在拥有敏锐光环效果的情况下击败托里姆（10人）。","","","","","","","","","","","","16712190","14961","10","43","0","122","","","","","","","","","","","","","","","","","2080309740","0","0"
"2976","-1","603","0","","","","","嗜血？要啥嗜血？（25人）","","","","","","","","","","","","16712190","","","","","在拥有敏锐光环效果的情况下击败托里姆（25人）。","","","","","","","","","","","","16712190","14962","10","43","0","122","","","","","","","","","","","","","","","","","2080309740","0","0"
"4672","-1","-1","0","","","","","杀死鲜血王子议会（普通难度25人冰冠堡垒）","","","","","","","","","","","","16712190","","","","","杀死鲜血王子议会（普通难度25人冰冠堡垒）","","","","","","","","","","","","16712190","15062","0","43","1","1","","","","","","","","","","","","","","","","","16712188","0","0"
"662","-1","-1","0","","","","","典藏版：迷你破坏神","","","","","","","","","","","","16712190","","","","","拥有《魔兽世界》典藏版赠送的迷你破坏神宠物。","","","","","","","","","","","","16712190","81","0","44","0","2795","","","","","","","","","","","","","","","","","16712174","1","0"
"1175","0","-1","0","","","","","战斗大师","","","","","","","","","","","","16712190","","","","","完成下列战场成就。","","","","","","","","","","","","16712190","95","50","44","0","3373","","","","","头衔奖励：战斗大师","","","","","","","","","","","","16712190","0","0"
"1380","-1","533","0","","","","","杀死黑女巫法琳娜（25人纳克萨玛斯）","","","","","","","","","","","","16712190","","","","","杀死黑女巫法琳娜（25人纳克萨玛斯）","","","","","","","","","","","","16712190","14823","10","44","1","1899","","","","","","","","","","","","","","","","","2080309740","0","0"
"1832","-1","-1","0","","","","","海陆全席","","","","","","","","","","","","16712190","","","","","品尝艾泽拉斯的50种美食。","","","","","","","","","","","","16712190","92","10","44","160","3266","","","","","","","","","","","","","","","","","2063532524","50","347"
"2042","-1","602","0","","","","","破碎的抵抗","","","","","","","","","","","","16712190","","","","","击败闪电大厅的沃尔坎，并且不能让他击碎4个以上的脆弱的魔像（英雄难度）。","","","","","","","","","","","","16712190","14921","10","44","0","937","","","","","","","","","","","","","","","","","2130641388","0","0"
"2977","-1","603","0","","","","","冒牌西芙（10人）","","","","","","","","","","","","16712190","","","","","在西芙还没有离开的时候，迫使托里姆进入竞技场（10人）。","","","","","","","","","","","","16712190","14961","10","44","0","3863","","","","","","","","","","","","","","","","","2080309740","0","0"
"2978","-1","603","0","","","","","冒牌西芙（25人）","","","","","","","","","","","","16712190","","","","","在西芙还没有离开的时候，迫使托里姆进入竞技场（25人）。","","","","","","","","","","","","16712190","14962","10","44","0","3863","","","","","","","","","","","","","","","","","2080309740","0","0"
"4673","-1","-1","0","","","","","杀死鲜血王子议会（英雄难度25人冰冠堡垒）","","","","","","","","","","","","16712190","","","","","杀死鲜血王子议会（英雄难度25人冰冠堡垒）","","","","","","","","","","","","16712190","15062","0","44","1","1","","","","","","","","","","","","","","","","","16712188","0","0"
"663","-1","-1","0","","","","","典藏版：熊猫","","","","","","","","","","","","16712190","","","","","拥有《魔兽世界》典藏版赠送的熊猫宠物。","","","","","","","","","","","","16712190","81","0","45","0","2531","","","","","","","","","","","","","","","","","16712174","1","0"
"1381","-1","533","0","","","","","杀死格罗布鲁斯（25人纳克萨玛斯）","","","","","","","","","","","","16712190","","","","","杀死格罗布鲁斯（25人纳克萨玛斯）","","","","","","","","","","","","16712190","14823","10","45","1","97","","","","","","","","","","","","","","","","","2080309740","0","0"
"1817","-1","595","0","","","","","净化时间","","","","","","","","","","","","16712190","","","","","在净化斯坦索姆事件中击败永恒腐蚀者（英雄难度）。","","","","","","","","","","","","16712190","14921","10","45","0","3265","","","","","","","","","","","","","","","","","2130641388","0","0"
"2076","-1","-1","0","","","","","装甲棕熊","","","","","","","","","","","","16712190","","","","","从达拉然的梅尔·弗兰希斯那里获得一头装甲棕熊。","","","","","","","","","","","","16712190","92","10","45","0","3497","","","","","","","","","","","","","","","","","2080309740","1","0"
"3176","-1","603","2977","","","","","摆脱幻觉（10人）","","","","","","","","","","","","16712190","","","","","在西芙没有离开的情况下击败托里姆（10人）。","","","","","","","","","","","","16712190","14961","10","45","0","3863","","","","","","","","","","","","","","","","","3909026284","0","0"
"3183","-1","603","2978","","","","","摆脱幻觉（25人）","","","","","","","","","","","","16712190","","","","","在西芙没有离开的情况下击败托里姆（25人）。","","","","","","","","","","","","16712190","14962","10","45","0","3863","","","","","","","","","","","","","","","","","3909026284","0","0"
"4649","-1","-1","0","","","","","解救踏梦者瓦莉瑟瑞娅（普通难度10人冰冠堡垒）","","","","","","","","","","","","16712190","","","","","解救踏梦者瓦莉瑟瑞娅（普通难度10人冰冠堡垒）","","","","","","","","","","","","16712190","15062","0","45","1","1","","","","","","","","","","","","","","","","","16712188","0","0"
"664","-1","-1","0","","","","","典藏版：跳虫","","","","","","","","","","","","16712190","","","","","拥有《魔兽世界》典藏版赠送的跳虫宠物。","","","","","","","","","","","","16712190","81","0","46","0","214","","","","","","","","","","","","","","","","","16712174","1","0"
"1382","-1","533","0","","","","","杀死肮脏的希尔盖（25人纳克萨玛斯）","","","","","","","","","","","","16712190","","","","","杀死肮脏的希尔盖（25人纳克萨玛斯）","","","","","","","","","","","","16712190","14823","10","46","1","2997","","","","","","","","","","","","","","","","","2080309740","0","0"
"1872","-1","595","0","","","","","僵尸围城！","","","","","","","","","","","","16712190","","","","","在净化斯坦索姆战役中，1分钟内杀死100个复活的僵尸（英雄难度）。","","","","","","","","","","","","16712190","14921","10","46","0","3012","","","","","","","","","","","","","","","","","2130641388","0","0"
"2077","-1","-1","0","","","","","长毛猛犸象","","","","","","","","","","","","16712190","","","","","从达拉然的梅尔·弗兰希斯那里获得一头长毛猛犸象。","","","","","","","","","","","","16712190","92","10","46","0","3443","","","","","","","","","","","","","","","","","2080309740","1","0"
"2979","-1","603","0","","","","","滥砍滥伐（10人）","","","","","","","","","","","","16712190","","","","","在15秒内连续击败明叶长老、铁枝长老和石树长老（10人）。","","","","","","","","","","","","16712190","14961","10","46","0","2258","","","","","","","","","","","","","","","","","2080309740","1","0"
"3118","-1","603","0","","","","","滥砍滥伐（25人）","","","","","","","","","","","","16712190","","","","","在15秒内连续击败明叶长老、铁枝长老和石树长老（25人）。","","","","","","","","","","","","16712190","14962","10","46","0","2258","","","","","","","","","","","","","","","","","4278125036","1","0"
"4674","-1","-1","0","","","","","解救踏梦者瓦莉瑟瑞娅（英雄难度10人冰冠堡垒）","","","","","","","","","","","","16712190","","","","","解救踏梦者瓦莉瑟瑞娅（英雄难度10人冰冠堡垒）","","","","","","","","","","","","16712190","15062","0","46","1","1","","","","","","","","","","","","","","","","","16712188","0","0"
"665","-1","-1","0","","","","","典藏版：虚空龙宝宝","","","","","","","","","","","","16712190","","","","","拥有《燃烧的远征》典藏版赠送的虚空龙宝宝宠物。","","","","","","","","","","","","16712190","81","0","47","0","2449","","","","","","","","","","","","","","","","","16712174","1","0"
"1383","-1","533","0","","","","","杀死天启四骑士（25人纳克萨玛斯）","","","","","","","","","","","","16712190","","","","","杀死天启四骑士（25人纳克萨玛斯）","","","","","","","","","","","","16712190","14823","10","47","1","2639","","","","","","","","","","","","","","","","","2080309740","0","0"
"2043","-1","575","0","","","","","天灾巨人","","","","","","","","","","","","16712190","","","","","在乌特加德之巅，强迫席瓦拉·索格蕾杀死一个天灾巨人（英雄难度）。","","","","","","","","","","","","16712190","14921","10","47","0","460","","","","","","","","","","","","","","","","","2130641388","0","0"
"2078","-1","-1","0","","","","","旅行者的苔原猛犸象","","","","","","","","","","","","16712190","","","","","从达拉然的梅尔·弗兰希斯那里购买一头旅行者的苔原猛犸象。","","","","","","","","","","","","16712190","92","10","47","0","3443","","","","","","","","","","","","","","","","","2080309740","1","0"
"2980","-1","603","0","","","","","秋风扫落叶（10人）","","","","","","","","","","","","16712190","","","","","在杀死第一个生命温室中的敌人之后的20分钟内击败弗蕾亚（10人）。","","","","","","","","","","","","16712190","14961","10","47","0","2864","","","","","","","","","","","","","","","","","2080309740","0","0"
"2981","-1","603","0","","","","","秋风扫落叶（25人）","","","","","","","","","","","","16712190","","","","","在杀死第一个生命温室中的敌人之后的20分钟内击败弗蕾亚（25人）。","","","","","","","","","","","","16712190","14962","10","47","0","2864","","","","","","","","","","","","","","","","","2080309740","0","0"
"4675","-1","-1","0","","","","","解救踏梦者瓦莉瑟瑞娅（普通难度25人冰冠堡垒）","","","","","","","","","","","","16712190","","","","","解救踏梦者瓦莉瑟瑞娅（普通难度25人冰冠堡垒）","","","","","","","","","","","","16712190","15062","0","47","1","1","","","","","","","","","","","","","","","","","16712188","0","0"
"683","-1","-1","0","","","","","典藏版：冰霜龙宝宝","","","","","","","","","","","","16712190","","","","","拥有《巫妖王之怒》典藏版赠送的冰龙宝宝宠物。","","","","","","","","","","","","16712190","81","0","48","0","3752","","","","","","","","","","","","","","","","","16712174","1","0"
"1384","-1","533","0","","","","","杀死教官拉苏维奥斯（25人纳克萨玛斯）","","","","","","","","","","","","16712190","","","","","杀死教官拉苏维奥斯（25人纳克萨玛斯）","","","","","","","","","","","","16712190","14823","10","48","1","2639","","","","","","","","","","","","","","","","","2080309740","0","0"
"1873","-1","575","0","","","","","我们都爱斯卡迪","","","","","","","","","","","","16712190","","","","","在通道事件触发后的3分钟内击败乌特加德之巅的残忍的斯卡迪（英雄难度）。","","","","","","","","","","","","16712190","14921","10","48","0","3307","","","","","","","","","","","","","","","","","2130641388","0","0"
"2097","-1","-1","0","","","","","上车！","","","","","","","","","","","","16712190","","","","","获得一辆机械师的摩托车或一辆机械路霸。","","","","","","","","","","","","16712190","92","10","48","0","1101","","","","","","","","","","","","","","","","","2130641388","1","0"
"2984","-1","603","0","","","","","破坏植被（25人）","","","","","","","","","","","","16712190","","","","","在10秒内击败2个古代水之精魂、2个风暴鞭笞者和2个迅疾鞭笞者（25人）。","","","","","","","","","","","","16712190","14962","10","48","0","40","","","","","","","","","","","","","","","","","2080309740","1","0"
"2985","-1","603","0","","","","","破坏植被（10人）","","","","","","","","","","","","16712190","","","","","在10秒内击败2个古代水之精魂、2个风暴鞭笞者和2个迅疾鞭笞者（10人）。","","","","","","","","","","","","16712190","14961","10","48","0","40","","","","","","","","","","","","","","","","","2080309740","1","0"
"4676","-1","-1","0","","","","","解救踏梦者瓦莉瑟瑞娅（英雄难度25人冰冠堡垒）","","","","","","","","","","","","16712190","","","","","解救踏梦者瓦莉瑟瑞娅（英雄难度25人冰冠堡垒）","","","","","","","","","","","","16712190","15062","0","48","1","1","","","","","","","","","","","","","","","","","16712188","0","0"
"1385","-1","533","0","","","","","杀死洛欧塞布（25人纳克萨玛斯）","","","","","","","","","","","","16712190","","","","","杀死洛欧塞布（25人纳克萨玛斯）","","","","","","","","","","","","16712190","14823","10","49","1","2997","","","","","","","","","","","","","","","","","2080309740","0","0"
"2084","-1","-1","0","","","","","肯瑞托的戒指","","","","","","","","","","","","16712190","","","","","在达拉然购买一枚肯瑞托徽记、肯瑞托指环、肯瑞托指箍或肯瑞托戒指。","","","","","","","","","","","","16712190","92","10","49","0","3447","","","","","","","","","","","","","","","","","2113864172","1","0"
"2156","-1","575","0","","","","","短命斯卡迪","","","","","","","","","","","","16712190","","","","","在一次格拉乌弗通过的周期中将其杀死，然后击败乌特加德之巅的残忍的斯卡迪（英雄难度）。","","","","","","","","","","","","16712190","14921","10","49","0","3319","","","","","","","","","","","","","","","","","2130641388","0","0"
"2982","-1","603","0","","","","","回归大自然（10人）","","","","","","","","","","","","16712190","","","","","在弗蕾亚受到25层自然协调效果影响的情况下击败她（10人）。","","","","","","","","","","","","16712190","14961","10","49","0","3865","","","","","","","","","","","","","","","","","2080309740","0","0"
"2983","-1","603","0","","","","","回归大自然（25人）","","","","","","","","","","","","16712190","","","","","在弗蕾亚受到25层自然协调效果影响的情况下击败她（25人）。","","","","","","","","","","","","16712190","14962","10","49","0","3865","","","","","","","","","","","","","","","","","2080309740","0","0"
"4650","-1","-1","0","","","","","杀死普崔塞德教授（普通难度10人冰冠堡垒）","","","","","","","","","","","","16712190","","","","","杀死普崔塞德教授（普通难度10人冰冠堡垒）","","","","","","","","","","","","16712190","15062","0","49","1","1","","","","","","","","","","","","","","","","","16712188","0","0"
"4824","-1","-1","0","","","","","迷你雷神","","","","","","","","","","","","16712190","","","","","拥有《星际争霸II》赠送的迷你雷神宠物。","","","","","","","","","","","","16712190","81","0","49","0","4347","","","","","","","","","","","","","","","","","16712172","1","0"
"411","-1","-1","0","","","","","奔波尔霸","","","","","","","","","","","","16712190","","","","","拥有2005年BlizzCon赠送的鱼人宝宝。","","","","","","","","","","","","16712190","81","0","50","0","2316","","","","","","","","","","","","","","","","","16712174","1","0"
"1386","-1","533","0","","","","","杀死迈克斯纳（25人纳克萨玛斯）","","","","","","","","","","","","16712190","","","","","杀死迈克斯纳（25人纳克萨玛斯）","","","","","","","","","","","","16712190","14823","10","50","1","1899","","","","","","","","","","","","","","","","","2080309740","0","0"
"2157","-1","575","0","","","","","弑君者","","","","","","","","","","","","16712190","","","","","在队伍中无人触发灾祸效果的情况下，击败乌特加德之巅的伊米隆国王（英雄难度）。","","","","","","","","","","","","16712190","14921","10","50","0","3321","","","","","","","","","","","","","","","","","2130641388","0","0"
"2716","-1","-1","0","","","","","双天赋","","","","","","","","","","","","16712190","","","","","达到至少40级之后去拜访你的职业训练师，并开启你的双天赋界面。","","","","","","","","","","","","16712190","92","10","50","0","2970","","","","","","","","","","","","","","","","","4278125036","0","0"
"3177","-1","603","0","","","","","敲一棵树（10人）","","","","","","","","","","","","16712190","","","","","在至少有1位长者存活的情况下击败弗蕾亚（10人）。","","","","","","","","","","","","16712190","14961","10","50","0","3642","","","","","","","","","","","","","","","","","3909026284","0","0"
"3185","-1","603","0","","","","","敲一棵树（25人）","","","","","","","","","","","","16712190","","","","","在至少有1位长者存活的情况下击败弗蕾亚（25人）。","","","","","","","","","","","","16712190","14962","10","50","0","3642","","","","","","","","","","","","","","","","","3909026284","0","0"
"4677","-1","-1","0","","","","","杀死普崔塞德教授（英雄难度10人冰冠堡垒）","","","","","","","","","","","","16712190","","","","","杀死普崔塞德教授（英雄难度10人冰冠堡垒）","","","","","","","","","","","","16712190","15062","0","50","1","1","","","","","","","","","","","","","","","","","16712188","0","0"
"412","-1","-1","0","","","","","鱼人服装","","","","","","","","","","","","16712190","","","","","拥有2007年BlizzCon赠送的鱼人服装。","","","","","","","","","","","","16712190","81","0","51","0","1751","","","","","","","","","","","","","","","","","16712174","1","0"
"1387","-1","533","0","","","","","杀死药剂师诺斯（25人纳克萨玛斯）","","","","","","","","","","","","16712190","","","","","杀死药剂师诺斯（25人纳克萨玛斯）","","","","","","","","","","","","16712190","14823","10","51","1","2997","","","","","","","","","","","","","","","","","2080309740","0","0"
"1871","-1","578","0","","","","","资深龙骑兵","","","","","","","","","","","","16712190","","","","","在三次魔环的战斗中，分别骑乘翡翠幼龙、琥珀幼龙和红玉幼龙击败魔网守护者埃雷苟斯（英雄难度）。","","","","","","","","","","","","16712190","14921","10","51","0","3306","","","","","","","","","","","","","","","","","2063532524","0","0"
"2141","-1","-1","0","","","","","马厩管理员","","","","","","","","","","","","16712190","","","","","获得10种坐骑。","","","","","","","","","","","","16712190","92","10","51","0","2165","","","","","","","","","","","","","","","","","2063532524","0","0"
"3178","-1","603","3177","","","","","敲两棵树（10人）","","","","","","","","","","","","16712190","","","","","在至少有2位长者存活的情况下击败弗蕾亚（10人）。","","","","","","","","","","","","16712190","14961","10","51","0","3642","","","","","","","","","","","","","","","","","3909026284","0","0"
"3186","-1","603","3185","","","","","敲两棵树（25人）","","","","","","","","","","","","16712190","","","","","在至少有2位长者存活的情况下击败弗蕾亚（25人）。","","","","","","","","","","","","16712190","14962","10","51","0","3642","","","","","","","","","","","","","","","","","3909026284","0","0"
"4678","-1","-1","0","","","","","杀死普崔塞德教授（普通难度25人冰冠堡垒）","","","","","","","","","","","","16712190","","","","","杀死普崔塞德教授（普通难度25人冰冠堡垒）","","","","","","","","","","","","16712190","15062","0","51","1","1","","","","","","","","","","","","","","","","","16712188","0","0"
"415","-1","-1","0","","","","","暴雪巨熊","","","","","","","","","","","","16712190","","","","","拥有2008年BlizzCon赠送的暴雪巨熊。","","","","","","","","","","","","16712190","81","0","52","0","3895","","","","","","","","","","","","","","","","","16712174","1","0"
"1367","-1","533","0","","","","","杀死帕奇维克（25人纳克萨玛斯）","","","","","","","","","","","","16712190","","","","","杀死帕奇维克（25人纳克萨玛斯）","","","","","","","","","","","","16712190","14823","10","52","1","97","","","","","","","","","","","","","","","","","2080309740","0","0"
"1868","-1","578","0","","","","","分秒必争","","","","","","","","","","","","16712190","","","","","在杀死审讯者达库斯之后的20分钟内，击败魔环中的魔网守护者埃雷苟斯（英雄难度）。","","","","","","","","","","","","16712190","14921","10","52","0","3303","","","","","","","","","","","","","","","","","2063532524","0","0"
"2142","-1","-1","2141","","","","","坐骑满仓","","","","","","","","","","","","16712190","","","","","获得25种坐骑。","","","","","","","","","","","","16712190","92","10","52","0","2406","","","","","","","","","","","","","","","","","2063532524","0","0"
"3179","-1","603","3178","","","","","敲三棵树（10人）","","","","","","","","","","","","16712190","","","","","在全部3位长者都存活的情况下击败弗蕾亚（10人）。","","","","","","","","","","","","16712190","14961","10","52","0","3642","","","","","","","","","","","","","","","","","3909026284","0","0"
"3187","-1","603","3186","","","","","敲三棵树（25人）","","","","","","","","","","","","16712190","","","","","在全部3位长者都存活的情况下击败弗蕾亚（25人）。","","","","","","","","","","","","16712190","14962","10","52","0","3642","","","","","","","","","","","","","","","","","3909026284","0","0"
"4679","-1","-1","0","","","","","杀死普崔塞德教授（英雄难度25人冰冠堡垒）","","","","","","","","","","","","16712190","","","","","杀死普崔塞德教授（英雄难度25人冰冠堡垒）","","","","","","","","","","","","16712190","15062","0","52","1","1","","","","","","","","","","","","","","","","","16712188","0","0"
"1388","-1","533","0","","","","","杀死塔迪乌斯（25人纳克萨玛斯）","","","","","","","","","","","","16712190","","","","","杀死塔迪乌斯（25人纳克萨玛斯）","","","","","","","","","","","","16712190","14823","10","53","1","97","","","","","","","","","","","","","","","","","2080309740","0","0"
"2044","-1","578","0","","","","","红玉虚空","","","","","","","","","","","","16712190","","","","","在你的小队中无人使用红玉幼龙的情况下，击败魔环中的魔网守护者埃雷苟斯（英雄难度）。","","","","","","","","","","","","16712190","14921","10","53","0","3495","","","","","","","","","","","","","","","","","2130641388","0","0"
"2143","-1","-1","2142","","","","","骑兵队长","","","","","","","","","","","","16712190","","","","","获得50种坐骑。","","","","","","","","","","","","16712190","92","10","53","0","3444","","","","","奖励：白色幼龙","","","","","","","","","","","","16712190","0","0"
"2989","-1","603","0","","","","","狂轰滥炸（10人）","","","","","","","","","","","","16712190","","","","","在团队中无一人被下列技能击中的情况下击败米米尔隆（10人）。","","","","","","","","","","","","16712190","14961","10","53","0","3261","","","","","","","","","","","","","","","","","2080309740","0","0"
"3237","-1","603","0","","","","","狂轰滥炸（25人）","","","","","","","","","","","","16712190","","","","","在团队中无一人被下列技能击中的情况下击败米米尔隆（25人）。","","","","","","","","","","","","16712190","14962","10","53","0","3261","","","","","","","","","","","","","","","","","134183420","0","0"
"3536","-1","-1","0","","","","","玛润","","","","","","","","","","","","16712190","","","","","拥有2009年暴雪娱乐嘉年华赠送的鱼人陆战队员玛润。","","","","","","","","","","","","16712190","81","0","53","0","2316","","","","","","","","","","","","","","","","","16775150","1","0"
"4651","-1","-1","0","","","","","杀死鲜血女王兰娜瑟尔（普通难度10人冰冠堡垒）","","","","","","","","","","","","16712190","","","","","杀死鲜血女王兰娜瑟尔（普通难度10人冰冠堡垒）","","","","","","","","","","","","16712190","15062","0","53","1","1","","","","","","","","","","","","","","","","","16712188","0","0"
"414","-1","-1","0","","","","","泰瑞尔的剑柄","","","","","","","","","","","","16712190","","","","","拥有2008年巴黎WWI赠送的泰瑞尔的剑柄。","","","","","","","","","","","","16712190","81","0","54","0","2657","","","","","","","","","","","","","","","","","16712174","1","0"
"1389","-1","533","0","","","","","杀死萨菲隆（25人纳克萨玛斯）","","","","","","","","","","","","16712190","","","","","杀死萨菲隆（25人纳克萨玛斯）","","","","","","","","","","","","16712190","14823","10","54","1","1700","","","","","","","","","","","","","","","","","2080309740","0","0"
"2045","-1","578","0","","","","","翡翠虚空","","","","","","","","","","","","16712190","","","","","在你的小队中无人使用翡翠幼龙的情况下，击败魔环中的魔网守护者埃雷苟斯（英雄难度）。","","","","","","","","","","","","16712190","14921","10","54","0","3441","","","","","","","","","","","","","","","","","2130641388","0","0"
"2536","1","-1","2143","","","","","坐骑成堆","","","","","","","","","","","","16712190","","","","","获得100种坐骑。","","","","","","","","","","","","16712190","92","10","54","0","2328","","","","","奖励：蓝色龙鹰坐骑","","","","","","","","","","","","16712190","0","0"
"2995","-1","603","0","","","","","友军误伤（25人）","","","","","","","","","","","","16712190","","","","","迫使米米尔隆使用火箭打击摧毁一个突击机器人（25人）。","","","","","","","","","","","","16712190","14962","10","54","0","2665","","","","","","","","","","","","","","","","","2080309740","0","0"
"3138","-1","603","0","","","","","友军误伤（10人）","","","","","","","","","","","","16712190","","","","","迫使米米尔隆使用火箭打击摧毁一个突击机器人（10人）。","","","","","","","","","","","","16712190","14961","10","54","0","2665","","","","","","","","","","","","","","","","","2080309740","0","0"
"4680","-1","-1","0","","","","","杀死鲜血女王兰娜瑟尔（英雄难度10人冰冠堡垒）","","","","","","","","","","","","16712190","","","","","杀死鲜血女王兰娜瑟尔（英雄难度10人冰冠堡垒）","","","","","","","","","","","","16712190","15062","0","54","1","1","","","","","","","","","","","","","","","","","16712188","0","0"
"454","0","-1","0","","","","","侦察兵","","","","","","","","","","","","16712190","","","","","获得头衔“侦察兵”。","","","","","","","","","","","","16712190","81","0","55","0","3344","","","","","","","","","","","","","","","","","16712174","0","0"
"1390","-1","533","0","","","","","杀死克尔苏加德（25人纳克萨玛斯）","","","","","","","","","","","","16712190","","","","","杀死克尔苏加德（25人纳克萨玛斯）","","","","","","","","","","","","16712190","14823","10","55","1","1898","","","","","","","","","","","","","","","","","2080309740","0","0"
"2046","-1","578","0","","","","","琥珀虚空","","","","","","","","","","","","16712190","","","","","在你的小队中无人使用琥珀幼龙的情况下，击败魔环中的魔网守护者埃雷苟斯（英雄难度）。","","","","","","","","","","","","16712190","14921","10","55","0","3440","","","","","","","","","","","","","","","","","2130641388","0","0"
"2537","0","-1","2143","","","","","坐骑成堆","","","","","","","","","","","","16712190","","","","","获得100种坐骑。","","","","","","","","","","","","16712190","92","10","55","0","2328","","","","","奖励：红色龙鹰坐骑","","","","","","","","","","","","16712190","0","0"
"3180","-1","603","0","","","","","烈火金刚（10人）","","","","","","","","","","","","16712190","","","","","激活米米尔隆的自毁程序，然后击败他（10人）。","","","","","","","","","","","","16712190","14961","10","55","0","1696","","","","","","","","","","","","","","","","","3909026284","0","0"
"3189","-1","603","0","","","","","烈火金刚（25人）","","","","","","","","","","","","16712190","","","","","激活米米尔隆的自毁程序，然后击败他（25人）。","","","","","","","","","","","","16712190","14962","10","55","0","1696","","","","","","","","","","","","","","","","","3909026284","0","0"
"4681","-1","-1","0","","","","","杀死鲜血女王兰娜瑟尔（普通难度25人冰冠堡垒）","","","","","","","","","","","","16712190","","","","","杀死鲜血女王兰娜瑟尔（普通难度25人冰冠堡垒）","","","","","","","","","","","","16712190","15062","0","55","1","1","","","","","","","","","","","","","","","","","16712188","0","0"
"468","0","-1","0","","","","","步兵","","","","","","","","","","","","16712190","","","","","获得头衔“步兵”。","","","","","","","","","","","","16712190","81","0","56","0","3345","","","","","","","","","","","","","","","","","16712174","0","0"
"1392","-1","615","0","","","","","杀死萨塔里奥（10人龙神之厅）","","","","","","","","","","","","16712190","","","","","杀死萨塔里奥（10人龙神之厅）","","","","","","","","","","","","16712190","14823","10","56","1","1699","","","","","","","","","","","","","","","","","2080309740","0","0"
"2996","-1","603","0","","","","","暗影躲避者（10人）","","","","","","","","","","","","16712190","","","","","在团队中无一人被暗影冲撞击中的情况下击败维扎克斯将军（10人）。","","","","","","","","","","","","16712190","14961","10","56","0","1939","","","","","","","","","","","","","","","","","2080309740","0","0"
"2997","-1","603","0","","","","","暗影躲避者（25人）","","","","","","","","","","","","16712190","","","","","在团队中无一人被暗影冲撞击中的情况下击败维扎克斯将军（25人）。","","","","","","","","","","","","16712190","14962","10","56","0","1939","","","","","","","","","","","","","","","","","2080309740","0","0"
"3802","-1","-1","0","","","","","银色神官","","","","","","","","","","","","16712190","","","","","多次进入冠军的试炼，在驱散5个不同的昔日回忆后击败银色神官帕尔崔丝（英雄难度）。","","","","","","","","","","","","16712190","14921","10","56","0","2792","","","","","","","","","","","","","","","","","16718847","5","0"
"4682","-1","-1","0","","","","","杀死鲜血女王兰娜瑟尔（英雄难度25人冰冠堡垒）","","","","","","","","","","","","16712190","","","","","杀死鲜血女王兰娜瑟尔（英雄难度25人冰冠堡垒）","","","","","","","","","","","","16712190","15062","0","56","1","1","","","","","","","","","","","","","","","","","16712188","0","0"
"453","0","-1","0","","","","","中士","","","","","","","","","","","","16712190","","","","","获得头衔“中士”。","","","","","","","","","","","","16712190","81","0","57","0","3346","","","","","","","","","","","","","","","","","16712174","0","0"
"1393","-1","615","0","","","","","杀死萨塔里奥（25人龙神之厅）","","","","","","","","","","","","16712190","","","","","杀死萨塔里奥（25人龙神之厅）","","","","","","","","","","","","16712190","14823","10","57","1","1699","","","","","","","","","","","","","","","","","2080309740","0","0"
"3181","-1","603","0","","","","","我爱萨隆邪铁的清香（10人）","","","","","","","","","","","","16712190","","","","","先击败萨隆邪铁畸体，然后击败维扎克斯将军（10人）。","","","","","","","","","","","","16712190","14961","10","57","0","3868","","","","","","","","","","","","","","","","","3909026284","0","0"
"3188","-1","603","0","","","","","我爱萨隆邪铁的清香（25人）","","","","","","","","","","","","16712190","","","","","先击败萨隆邪铁畸体，然后击败维扎克斯将军（25人）。","","","","","","","","","","","","16712190","14962","10","57","0","3868","","","","","","","","","","","","","","","","","3909026284","0","0"
"3803","-1","-1","0","","","","","用脸不用脑","","","","","","","","","","","","16712190","","","","","在冠军的试炼中使用纯洁者耶德瑞克的锤子将其击败（英雄难度）。","","","","","","","","","","","","16712190","14921","10","57","0","42","","","","","","","","","","","","","","","","","16718847","0","0"
"4652","-1","-1","0","","","","","杀死辛达苟萨（普通难度10人冰冠堡垒）","","","","","","","","","","","","16712190","","","","","杀死辛达苟萨（普通难度10人冰冠堡垒）","","","","","","","","","","","","16712190","15062","0","57","1","1","","","","","","","","","","","","","","","","","16712188","0","0"
"450","0","-1","0","","","","","高阶军士","","","","","","","","","","","","16712190","","","","","获得头衔“高阶军士”。","","","","","","","","","","","","16712190","81","0","58","0","3347","","","","","","","","","","","","","","","","","16712174","0","0"
"1391","-1","616","0","","","","","杀死玛里苟斯（10人）","","","","","","","","","","","","16712190","","","","","杀死玛里苟斯（10人）","","","","","","","","","","","","16712190","14823","10","58","1","1700","","","","","","","","","","","","","","","","","2080309740","0","0"
"3009","-1","603","0","","","","","弥补裂痕的吻（10人）","","","","","","","","","","","","16712190","","","","","当奥杜尔（10人）中的萨拉对你发怒的时候，亲吻（/Kiss）她。","","","","","","","","","","","","16712190","14961","10","58","0","3192","","","","","","","","","","","","","","","","","2080309740","0","0"
"3011","-1","603","0","","","","","弥补裂痕的吻（25人）","","","","","","","","","","","","16712190","","","","","当奥杜尔（25人）中的萨拉对你发怒的时候，亲吻（/Kiss）她。","","","","","","","","","","","","16712190","14962","10","58","0","3192","","","","","","","","","","","","","","","","","2080309740","0","0"
"3804","-1","-1","0","","","","","这还不算惨","","","","","","","","","","","","16712190","","","","","在冠军的试炼中击败黑骑士，并且任何队员不能被引爆食尸鬼击中（英雄难度）。","","","","","","","","","","","","16712190","14921","10","58","0","1652","","","","","","","","","","","","","","","","","16718847","0","0"
"4684","-1","-1","0","","","","","杀死辛达苟萨（英雄难度10人冰冠堡垒）","","","","","","","","","","","","16712190","","","","","杀死辛达苟萨（英雄难度10人冰冠堡垒）","","","","","","","","","","","","16712190","15062","0","58","1","1","","","","","","","","","","","","","","","","","16712188","0","0"
"452","0","-1","0","","","","","一等军士长","","","","","","","","","","","","16712190","","","","","获得头衔“一等军士长”。","","","","","","","","","","","","16712190","81","0","59","0","3348","","","","","","","","","","","","","","","","","16712174","0","0"
"1394","-1","616","0","","","","","杀死玛里苟斯（25人）","","","","","","","","","","","","16712190","","","","","杀死玛里苟斯（25人）","","","","","","","","","","","","16712190","14823","10","59","1","1700","","","","","","","","","","","","","","","","","2080309740","0","0"
"3157","-1","603","0","","","","","黑暗中的三盏灯（10人）","","","","","","","","","","","","16712190","","","","","在最多3位守护者的协助下击败尤格-萨隆（10人）。","","","","","","","","","","","","16712190","14961","10","59","0","2206","","","","","","","","","","","","","","","","","4261347820","0","0"
"3161","-1","603","0","","","","","黑暗中的三盏灯（25人）","","","","","","","","","","","","16712190","","","","","在最多3位守护者的协助下击败尤格-萨隆（25人）。","","","","","","","","","","","","16712190","14962","10","59","0","2206","","","","","","","","","","","","","","","","","4261347820","0","0"
"4522","-1","632","0","","","","","灵魂之能","","","","","","","","","","","","16712190","","","","","在灵魂洪炉副本中击败布隆亚姆，并且至少剩下4块被腐蚀的灵魂残片（英雄难度）。","","","","","","","","","","","","16712190","14921","10","59","0","4152","","","","","","","","","","","","","","","","","16712188","0","0"
"4683","-1","-1","0","","","","","杀死辛达苟萨（普通难度25人冰冠堡垒）","","","","","","","","","","","","16712190","","","","","杀死辛达苟萨（普通难度25人冰冠堡垒）","","","","","","","","","","","","16712190","15062","0","59","1","1","","","","","","","","","","","","","","","","","16712188","0","0"
"451","0","-1","0","","","","","石头守卫","","","","","","","","","","","","16712190","","","","","获得头衔“石头守卫”。","","","","","","","","","","","","16712190","81","0","60","0","3349","","","","","","","","","","","","","","","","","16712174","0","0"
"1753","-1","624","0","","","","","杀死岩石看守者阿尔卡冯（冬拥湖10人团队）","","","","","","","","","","","","16712190","","","","","杀死岩石看守者阿尔卡冯（冬拥湖10人团队）","","","","","","","","","","","","16712190","14823","10","60","1","187","","","","","","","","","","","","","","","","","2113864172","0","0"
"3141","-1","603","3157","","","","","黑暗中的两盏灯（10人）","","","","","","","","","","","","16712190","","","","","在最多2位守护者的协助下击败尤格-萨隆（10人）。","","","","","","","","","","","","16712190","14961","10","60","0","2206","","","","","","","","","","","","","","","","","4060021228","0","0"
"3162","-1","603","3161","","","","","黑暗中的两盏灯（25人）","","","","","","","","","","","","16712190","","","","","在最多2位守护者的协助下击败尤格-萨隆（25人）。","","","","","","","","","","","","16712190","14962","10","60","0","2206","","","","","","","","","","","","","","","","","4261347820","0","0"
"4523","-1","632","0","","","","","三面之灵","","","","","","","","","","","","16712190","","","","","在灵魂洪炉副本中，在噬魂者成功施放幽灵冲击之前将他击败（英雄难度）。","","","","","","","","","","","","16712190","14921","10","60","0","4153","","","","","","","","","","","","","","","","","16712188","0","0"
"4685","-1","-1","0","","","","","杀死辛达苟萨（英雄难度25人冰冠堡垒）","","","","","","","","","","","","16712190","","","","","杀死辛达苟萨（英雄难度25人冰冠堡垒）","","","","","","","","","","","","16712190","15062","0","60","1","1","","","","","","","","","","","","","","","","","16712188","0","0"
"449","0","-1","0","","","","","血卫士","","","","","","","","","","","","16712190","","","","","获得头衔“血卫士”。","","","","","","","","","","","","16712190","81","0","61","0","3350","","","","","","","","","","","","","","","","","16712174","0","0"
"1754","-1","624","0","","","","","杀死岩石看守者阿尔卡冯（冬拥湖25人团队）","","","","","","","","","","","","16712190","","","","","杀死岩石看守者阿尔卡冯（冬拥湖25人团队）","","","","","","","","","","","","16712190","14823","10","61","1","187","","","","","","","","","","","","","","","","","2113864172","0","0"
"3158","-1","603","3141","","","","","黑暗中的一盏灯（10人）","","","","","","","","","","","","16712190","","","","","在最多1位守护者的协助下击败尤格-萨隆（10人）。","","","","","","","","","","","","16712190","14961","10","61","0","2206","","","","","","","","","","","","","","","","","4261347820","0","0"
"3163","-1","603","3162","","","","","黑暗中的一盏灯（25人）","","","","","","","","","","","","16712190","","","","","在最多1位守护者的协助下击败尤格-萨隆（25人）。","","","","","","","","","","","","16712190","14962","10","61","0","2206","","","","","","","","","","","","","","","","","4261347820","0","0"
"4524","-1","658","0","","","","","11大限","","","","","","","","","","","","16712190","","","","","在萨隆矿坑副本中，在任何玩家获得11层永冻效果前击败熔炉领主加弗斯特（英雄难度）。","","","","","","","","","","","","16712190","14921","10","61","0","4154","","","","","","","","","","","","","","","","","16712188","0","0"
"4653","-1","-1","0","","","","","战胜巫妖王（普通难度10人冰冠堡垒）","","","","","","","","","","","","16712190","","","","","战胜巫妖王（普通难度10人冰冠堡垒）","","","","","","","","","","","","16712190","15062","0","61","1","1","","","","","","","","","","","","","","","","","16712188","0","0"
"469","0","-1","0","","","","","军团士兵","","","","","","","","","","","","16712190","","","","","获得头衔“军团士兵”。","","","","","","","","","","","","16712190","81","0","62","0","3351","","","","","","","","","","","","","","","","","16712174","0","0"
"3159","-1","603","3158","","","","","黑暗中的独影（10人）","","","","","","","","","","","","16712190","","","","","在没有守护者协助的情况下击败尤格-萨隆（10人）。","","","","","","","","","","","","16712190","14961","10","62","0","2206","","","","","","","","","","","","","","","","","4261347820","0","0"
"3164","-1","603","3163","","","","","黑暗中的独影（25人）","","","","","","","","","","","","16712190","","","","","在没有守护者协助的情况下击败尤格-萨隆（25人）。","","","","","","","","","","","","16712190","14962","10","62","0","2206","","","","","","","","","","","","","","","","","4261347820","0","0"
"4525","-1","658","0","","","","","别往上看","","","","","","","","","","","","16712190","","","","","在萨隆矿坑副本中，在首次挑战天灾领主泰兰努斯之前，清理通道时无人受到冰锥的伤害（英雄难度）。","","","","","","","","","","","","16712190","14921","10","62","0","4155","","","","","","","","","","","","","","","","","16712172","0","0"
"4686","-1","-1","0","","","","","战胜巫妖王（英雄难度10人冰冠堡垒）","","","","","","","","","","","","16712190","","","","","战胜巫妖王（英雄难度10人冰冠堡垒）","","","","","","","","","","","","16712190","15062","0","62","1","1","","","","","","","","","","","","","","","","","16712188","0","0"
"448","0","-1","0","","","","","百夫长","","","","","","","","","","","","16712190","","","","","获得头衔“百夫长”。","","","","","","","","","","","","16712190","81","0","63","0","3352","","","","","","","","","","","","","","","","","16712174","0","0"
"3008","-1","603","0","","","","","我为卿狂（10人）","","","","","","","","","","","","16712190","","","","","在团队中无一人发狂的情况下击败尤格-萨隆（10人）。","","","","","","","","","","","","16712190","14961","10","63","0","77","","","","","","","","","","","","","","","","","2080309740","0","0"
"3010","-1","603","0","","","","","我为卿狂（25人）","","","","","","","","","","","","16712190","","","","","在团队中无一人发狂的情况下击败尤格-萨隆（25人）。","","","","","","","","","","","","16712190","14962","10","63","0","77","","","","","","","","","","","","","","","","","2080309740","0","0"
"4526","-1","668","0","","","","","这不是撤退，是战略转移。","","","","","","","","","","","","16712190","","","","","在6分钟内从巫妖王的追杀中逃脱。","","","","","","","","","","","","16712190","14921","10","63","0","4148","","","","","","","","","","","","","","","","","16712188","0","0"
"4687","-1","-1","0","","","","","战胜巫妖王（普通难度25人冰冠堡垒）","","","","","","","","","","","","16712190","","","","","战胜巫妖王（普通难度25人冰冠堡垒）","","","","","","","","","","","","16712190","15062","0","63","1","1","","","","","","","","","","","","","","","","","16712188","0","0"
"447","0","-1","0","","","","","勇士","","","","","","","","","","","","16712190","","","","","获得头衔“勇士”。","","","","","","","","","","","","16712190","81","0","64","0","3353","","","","","","","","","","","","","","","","","16712174","0","0"
"3012","-1","603","0","","","","","上古之神作古（10人）","","","","","","","","","","","","16712190","","","","","在7分钟内击败尤格-萨隆（10人）。","","","","","","","","","","","","16712190","14961","10","64","0","3848","","","","","","","","","","","","","","","","","2080309740","0","0"
"3013","-1","603","0","","","","","上古之神作古（25人）","","","","","","","","","","","","16712190","","","","","在7分钟内击败尤格-萨隆（25人）。","","","","","","","","","","","","16712190","14962","10","64","0","3848","","","","","","","","","","","","","","","","","2080309740","0","0"
"4688","-1","-1","0","","","","","战胜巫妖王（英雄难度25人冰冠堡垒）","","","","","","","","","","","","16712190","","","","","战胜巫妖王（英雄难度25人冰冠堡垒）","","","","","","","","","","","","16712190","15062","0","64","1","1","","","","","","","","","","","","","","","","","16712188","0","0"
"444","0","-1","0","","","","","中将","","","","","","","","","","","","16712190","","","","","获得头衔“中将”。","","","","","","","","","","","","16712190","81","0","65","0","3354","","","","","","","","","","","","","","","","","16712174","0","0"
"3014","-1","603","0","","","","","它们冲过来了！（10人）","","","","","","","","","","","","16712190","","","","","在12秒内击败9个尤格-萨隆的卫士（10人）。","","","","","","","","","","","","16712190","14961","10","65","0","3871","","","","","","","","","","","","","","","","","2080309740","0","0"
"3017","-1","603","0","","","","","它们冲过来了！（25人）","","","","","","","","","","","","16712190","","","","","在12秒内击败9个尤格-萨隆的卫士（25人）。","","","","","","","","","","","","16712190","14962","10","65","0","3871","","","","","","","","","","","","","","","","","2080309740","0","0"
"4657","-1","-1","0","","","","","杀死寒冰看守者图拉旺（冬拥湖10人团队）","","","","","","","","","","","","16712190","","","","","杀死寒冰看守者图拉旺（冬拥湖10人团队）","","","","","","","","","","","","16712190","15062","0","65","1","1","","","","","","","","","","","","","","","","","16712188","0","0"
"446","0","-1","0","","","","","将军","","","","","","","","","","","","16712190","","","","","获得头衔“将军”。","","","","","","","","","","","","16712190","81","0","66","0","3355","","","","","","","","","","","","","","","","","16712174","0","0"
"3015","-1","603","0","","","","","梦境中的等待（10人）","","","","","","","","","","","","16712190","","","","","经历过尤格-萨隆脑海中的全部3个幻象（10人）。","","","","","","","","","","","","16712190","14961","10","66","0","1940","","","","","","","","","","","","","","","","","2080309740","0","0"
"3016","-1","603","0","","","","","梦境中的等待（25人）","","","","","","","","","","","","16712190","","","","","经历过尤格-萨隆脑海中的全部3个幻象（25人）。","","","","","","","","","","","","16712190","14962","10","66","0","1940","","","","","","","","","","","","","","","","","2080309740","0","0"
"4658","-1","-1","0","","","","","杀死寒冰看守者图拉旺（冬拥湖25人团队）","","","","","","","","","","","","16712190","","","","","杀死寒冰看守者图拉旺（冬拥湖25人团队）","","","","","","","","","","","","16712190","15062","0","66","1","1","","","","","","","","","","","","","","","","","16712188","0","0"
"445","0","-1","0","","","","","督军","","","","","","","","","","","","16712190","","","","","获得头衔“督军”。","","","","","","","","","","","","16712190","81","0","67","0","3356","","","","","","","","","","","","","","","","","16712174","0","0"
"3036","-1","603","0","","","","","被观察者（10人）","","","","","","","","","","","","16712190","","","","","击败观察者奥尔加隆（10人）。","","","","","","","","","","","","16712190","14961","10","67","0","3869","","","","","头衔奖励：唤星者","","","","","","","","","","","","16712190","0","0"
"3037","-1","603","0","","","","","被观察者（25人）","","","","","","","","","","","","16712190","","","","","击败观察者奥尔加隆（25人）。","","","","","","","","","","","","16712190","14962","10","67","0","3869","","","","","头衔奖励：星界旅行者","","","","","","","","","","","","16712190","0","0"
"4821","-1","-1","0","","","","","杀死海里昂（10人红玉圣殿）","","","","","","","","","","","","16712190","","","","","杀死海里昂（普通难度10人红玉圣殿）。","","","","","","","","","","","","16712190","15062","0","67","1","1","","","","","","","","","","","","","","","","","16712172","0","0"
"443","0","-1","0","","","","","高阶督军","","","","","","","","","","","","16712190","","","","","获得头衔“高阶督军”。","","","","","","","","","","","","16712190","81","0","68","0","3357","","","","","","","","","","","","","","","","","16712174","0","0"
"3002","-1","603","0","","","","","超巨黑洞（25人）","","","","","","","","","","","","16712190","","","","","在10秒内摧毁3个黑洞，然后击败观察者奥尔加隆（25人）。","","","","","","","","","","","","16712190","14962","10","68","0","2848","","","","","","","","","","","","","","","","","2080309740","0","0"
"3003","-1","603","0","","","","","超巨黑洞（10人）","","","","","","","","","","","","16712190","","","","","在10秒内摧毁3个黑洞，然后击败观察者奥尔加隆（10人）。","","","","","","","","","","","","16712190","14961","10","68","0","2848","","","","","","","","","","","","","","","","","2080309740","0","0"
"4822","-1","-1","0","","","","","杀死海里昂（英雄难度10人红玉圣殿）","","","","","","","","","","","","16712190","","","","","杀死海里昂（英雄难度10人红玉圣殿）。","","","","","","","","","","","","16712190","15062","0","68","1","1","","","","","","","","","","","","","","","","","16712172","0","0"
"442","1","-1","0","","","","","列兵","","","","","","","","","","","","16712190","","","","","获得头衔“列兵”。","","","","","","","","","","","","16712190","81","0","69","0","3358","","","","","","","","","","","","","","","","","16712174","0","0"
"3004","-1","603","0","","","","","灭到你流泪（10人）","","","","","","","","","","","","16712190","","","","","击败观察者奥尔加隆，并且在该团队副本周期内，团队中无一人死于观察者奥尔加隆的战斗（10人）。","","","","","","","","","","","","16712190","14961","10","69","0","3197","","","","","","","","","","","","","","","","","2080309740","0","0"
"3005","-1","603","0","","","","","灭到你流泪（25人）","","","","","","","","","","","","16712190","","","","","在团队中无一人死亡的情况下，击败观察者奥尔加隆（25人）。","","","","","","","","","","","","16712190","14962","10","69","0","3197","","","","","","","","","","","","","","","","","2080309740","0","0"
"4820","-1","-1","0","","","","","杀死海里昂（25人红玉圣殿）","","","","","","","","","","","","16712190","","","","","杀死海里昂（普通难度25人红玉圣殿）。","","","","","","","","","","","","16712190","15062","0","69","1","1","","","","","","","","","","","","","","","","","16712172","0","0"
"470","1","-1","0","","","","","下士","","","","","","","","","","","","16712190","","","","","获得头衔“下士”。","","","","","","","","","","","","16712190","81","0","70","0","3359","","","","","","","","","","","","","","","","","16712174","0","0"
"2904","-1","603","0","","","","","奥杜尔的征服者","","","","","","","","","","","","16712190","","","","","在一个团队副本周期内，击败奥杜尔中的所有首领，并且在全部首领战中无一人死亡（25人）。","","","","","","","","","","","","16712190","14962","10","70","0","2143","","","","","头衔奖励：奥杜尔的征服者","","","","","","","","","","","","16712190","0","0"
"3316","-1","603","0","","","","","泰坦的使者","","","","","","","","","","","","16712190","","","","","在团队中的所有成员身上的所有装备的物品等级都不高于232的情况下，击败观察者奥尔加隆（10人）。","","","","","","","","","","","","16712190","14961","10","70","0","3869","","","","","头衔奖励：泰坦的使者","","","","","","","","","","","","16712190","0","0"
"4823","-1","-1","0","","","","","杀死海里昂（英雄难度25人红玉圣殿）","","","","","","","","","","","","16712190","","","","","杀死海里昂（英雄难度25人红玉圣殿）。","","","","","","","","","","","","16712190","15062","0","70","1","1","","","","","","","","","","","","","","","","","16712172","0","0"
"471","1","-1","0","","","","","中士","","","","","","","","","","","","16712190","","","","","获得头衔“中士”。","","","","","","","","","","","","16712190","81","0","71","0","3360","","","","","","","","","","","","","","","","","16712174","0","0"
"2903","-1","603","0","","","","","奥杜尔的勇士","","","","","","","","","","","","16712190","","","","","在一个团队副本周期内，击败奥杜尔中的所有首领，并且在全部首领战中无一人死亡（10人）。","","","","","","","","","","","","16712190","14961","10","71","0","2292","","","","","头衔奖励：奥杜尔的勇士","","","","","","","","","","","","16712190","0","0"
"441","1","-1","0","","","","","军士长","","","","","","","","","","","","16712190","","","","","获得头衔“军士长”。","","","","","","","","","","","","16712190","81","0","72","0","3361","","","","","","","","","","","","","","","","","16712174","0","0"
"440","1","-1","0","","","","","士官长","","","","","","","","","","","","16712190","","","","","获得头衔“士官长”。","","","","","","","","","","","","16712190","81","0","73","0","3362","","","","","","","","","","","","","","","","","16712174","0","0"
"439","1","-1","0","","","","","骑士","","","","","","","","","","","","16712190","","","","","获得头衔“骑士”。","","","","","","","","","","","","16712190","81","0","74","0","3363","","","","","","","","","","","","","","","","","16712174","0","0"
"472","1","-1","0","","","","","骑士中尉","","","","","","","","","","","","16712190","","","","","获得头衔“骑士中尉”。","","","","","","","","","","","","16712190","81","0","75","0","3364","","","","","","","","","","","","","","","","","16712174","0","0"
"438","1","-1","0","","","","","骑士队长","","","","","","","","","","","","16712190","","","","","获得头衔“骑士队长”。","","","","","","","","","","","","16712190","81","0","76","0","3365","","","","","","","","","","","","","","","","","16712174","0","0"
"437","1","-1","0","","","","","护卫骑士","","","","","","","","","","","","16712190","","","","","获得头衔“护卫骑士”。","","","","","","","","","","","","16712190","81","0","77","0","3366","","","","","","","","","","","","","","","","","16712174","0","0"
"436","1","-1","0","","","","","少校","","","","","","","","","","","","16712190","","","","","获得头衔“少校”。","","","","","","","","","","","","16712190","81","0","78","0","3367","","","","","","","","","","","","","","","","","16712174","0","0"
"435","1","-1","0","","","","","司令","","","","","","","","","","","","16712190","","","","","获得头衔“司令”。","","","","","","","","","","","","16712190","81","0","79","0","3368","","","","","","","","","","","","","","","","","16712174","0","0"
"473","1","-1","0","","","","","统帅","","","","","","","","","","","","16712190","","","","","获得头衔“统帅”。","","","","","","","","","","","","16712190","81","0","80","0","3369","","","","","","","","","","","","","","","","","16712174","0","0"
"434","1","-1","0","","","","","元帅","","","","","","","","","","","","16712190","","","","","获得头衔“元帅”。","","","","","","","","","","","","16712190","81","0","81","0","3370","","","","","","","","","","","","","","","","","16712174","0","0"
"433","1","-1","0","","","","","大元帅","","","","","","","","","","","","16712190","","","","","获得头衔“大元帅”。","","","","","","","","","","","","16712190","81","0","82","0","3371","","","","","","","","","","","","","","","","","16712174","0","0"
"432","-1","-1","0","","","","","纳鲁的勇士","","","","","","","","","","","","16712190","","","","","获得头衔“纳鲁的勇士”。","","","","","","","","","","","","16712190","81","0","83","0","2843","","","","","","","","","","","","","","","","","16712174","0","0"
"431","-1","-1","0","","","","","阿达尔之手","","","","","","","","","","","","16712190","","","","","获得头衔“阿达尔之手”。","","","","","","","","","","","","16712190","81","0","84","0","2570","","","","","","","","","","","","","","","","","16712174","0","0"
"1205","-1","-1","0","","","","","沙塔斯的英雄","","","","","","","","","","","","16712190","","","","","在占星者和奥尔多阵营中达到崇拜声望。","","","","","","","","","","","","16712190","81","0","85","0","2175","","","","","","","","","","","","","","","","","16712174","0","0"
"871","-1","-1","0","","","","","遵命，船长！","","","","","","","","","","","","16712190","","","","","获得血帆舰长之帽……然后出门去呼吸一点新鲜空气。","","","","","","","","","","","","16712190","81","0","88","0","2421","","","","","头衔：血帆舰队司令","","","","","","","","","","","","16712190","0","0"
"879","-1","-1","0","","","","","古典坐骑","","","","","","","","","","","","16712190","","","","","拥有一种无法再获得的原始史诗坐骑。","","","","","","","","","","","","16712190","81","0","89","0","1177","","","","","","","","","","","","","","","","","16712174","1","0"
"729","-1","-1","0","","","","","死亡军马的缰绳","","","","","","","","","","","","16712190","","","","","从斯坦索姆的瑞文戴尔男爵那里获取死亡军马的缰绳。","","","","","","","","","","","","16712190","81","0","90","0","1241","","","","","","","","","","","","","","","","","16712174","1","0"
"980","-1","-1","0","","","","","无头骑士的缰绳","","","","","","","","","","","","16712190","","","","","在万圣节期间，从血色修道院的无头骑士那里获取无头骑士的缰绳。","","","","","","","","","","","","16712190","81","0","91","0","2628","","","","","","","","","","","","","","","","","16712174","1","0"
"880","-1","-1","0","","","","","迅捷祖利安猛虎","","","","","","","","","","","","16712190","","","","","从祖尔格拉布的高阶祭司塞卡尔那里获取迅捷祖利安猛虎。","","","","","","","","","","","","16712190","81","0","92","0","1181","","","","","","","","","","","","","","","","","16712174","1","0"
"881","-1","-1","0","","","","","拉扎什迅猛龙","","","","","","","","","","","","16712190","","","","","从祖尔格拉布的血领主曼多基尔那里获取拉扎什迅猛龙。","","","","","","","","","","","","16712190","81","0","93","0","1180","","","","","","","","","","","","","","","","","16712174","1","0"
"882","-1","-1","0","","","","","炽热战马的缰绳","","","","","","","","","","","","16712190","","","","","从卡拉赞的猎手阿图门那里获取炽热战马的缰绳。","","","","","","","","","","","","16712190","81","0","94","0","1715","","","","","","","","","","","","","","","","","16712174","1","0"
"883","-1","-1","0","","","","","乌鸦之神的缰绳","","","","","","","","","","","","16712190","","","","","从塞泰克大厅的安苏那里获取乌鸦之神的缰绳。","","","","","","","","","","","","16712190","81","0","95","0","2467","","","","","","","","","","","","","","","","","16712174","1","0"
"884","-1","-1","0","","","","","迅捷白色陆行鸟","","","","","","","","","","","","16712190","","","","","从魔导师平台的凯尔萨斯·逐日者那里获取迅捷白色陆行鸟。","","","","","","","","","","","","16712190","81","0","96","0","2399","","","","","","","","","","","","","","","","","16712174","1","0"
"885","-1","-1","0","","","","","奥的灰烬","","","","","","","","","","","","16712190","","","","","从风暴要塞的凯尔萨斯·逐日者那里获取奥的灰烬。","","","","","","","","","","","","16712190","81","0","97","0","1927","","","","","","","","","","","","","","","","","16712174","1","0"
"4626","-1","-1","0","","","","","我来组成头部！","","","","","","","","","","","","16712190","","","","","在没有任何守护者协助的情况下，在对抗尤格-萨隆的战斗中获得米米尔隆的头部（25人）。","","","","","","","","","","","","16712190","81","0","98","0","1815","","","","","","","","","","","","","","","","","16712172","1","0"
"4627","-1","-1","0","","","","","爱情火箭","","","","","","","","","","","","16712190","","","","","在情人节期间，从影牙城堡的药剂师汉摩尔处取得爱情火箭。","","","","","","","","","","","","16712190","81","0","99","0","3195","","","","","","","","","","","","","","","","","16712188","1","0"
"4625","-1","-1","0","","","","","无敌的缰绳","","","","","","","","","","","","16712190","","","","","在冰冠堡垒中，从阿尔萨斯身上获得骸骨战马－－无敌。","","","","","","","","","","","","16712190","81","0","100","0","3005","","","","","","","","","","","","","","","","","16712188","1","0"
"4079","0","-1","0","","","","","对不朽的嘉奖","","","","","","","","","","","","16712190","","","","","在大十字军的试炼中，在击杀任何首领时不死一人，并且在尝试次数剩下50次时获得嘉奖宝箱（25人）。","","","","","","","","","","","","16712190","81","0","101","0","3744","","","","","奖励：十字军的黑色战马","","","","","","","","","","","","16712190","0","0"
"4156","1","-1","0","","","","","对不朽的嘉奖","","","","","","","","","","","","16712190","","","","","在大十字军的试炼中，在击杀任何首领时不死一人，并且在尝试次数剩下50次时获得嘉奖宝箱（25人）。","","","","","","","","","","","","16712190","81","0","102","0","3744","","","","","奖励：十字军的白色战马","","","","","","","","","","","","16712190","0","0"
"886","-1","-1","0","","","","","迅捷虚空幼龙","","","","","","","","","","","","16712190","","","","","获取《燃烧的远征》竞技场第一赛季的迅捷虚空幼龙。","","","","","","","","","","","","16712190","81","0","103","0","2333","","","","","","","","","","","","","","","","","16712174","1","0"
"887","-1","-1","0","","","","","残酷角斗士的虚空幼龙","","","","","","","","","","","","16712190","","","","","获取《燃烧的远征》竞技场第二赛季的残酷角斗士的虚空幼龙。","","","","","","","","","","","","16712190","81","0","104","0","2333","","","","","","","","","","","","","","","","","16712174","1","0"
"888","-1","-1","0","","","","","复仇角斗士的虚空幼龙","","","","","","","","","","","","16712190","","","","","获取《燃烧的远征》竞技场第三赛季的复仇角斗士的虚空幼龙。","","","","","","","","","","","","16712190","81","0","105","0","2333","","","","","","","","","","","","","","","","","16712174","1","0"
"2316","-1","-1","0","","","","","野蛮角斗士的虚空幼龙","","","","","","","","","","","","16712190","","","","","获取《燃烧的远征》竞技场第四赛季的野蛮角斗士的虚空幼龙。","","","","","","","","","","","","16712190","81","0","106","0","2333","","","","","","","","","","","","","","","","","2130641388","1","0"
"3096","-1","-1","0","","","","","致命角斗士的冰霜巨龙","","","","","","","","","","","","16712190","","","","","获得《巫妖王之怒》竞技场第五赛季的致命角斗士的冰霜巨龙。","","","","","","","","","","","","16712190","81","0","107","0","3913","","","","","","","","","","","","","","","","","2113864172","1","0"
"3756","-1","-1","0","","","","","狂怒角斗士的冰霜巨龙","","","","","","","","","","","","16712190","","","","","获取《巫妖王之怒》竞技场第六赛季的狂怒角斗士的冰霜巨龙。","","","","","","","","","","","","16712190","81","0","108","0","3913","","","","","","","","","","","","","","","","","16775164","1","0"
"3757","-1","-1","0","","","","","无情角斗士的冰霜巨龙","","","","","","","","","","","","16712190","","","","","获取《巫妖王之怒》竞技场第七赛季的无情角斗士的冰霜巨龙。","","","","","","","","","","","","16712190","81","0","109","0","3913","","","","","","","","","","","","","","","","","16718847","1","0"
"4600","-1","-1","0","","","","","暴怒角斗士的冰霜巨龙","","","","","","","","","","","","16712190","","","","","从巫妖王之怒的竞技场第8季取得暴怒角斗士的冰霜巨龙。","","","","","","","","","","","","16712190","81","0","110","0","3913","","","","","","","","","","","","","","","","","16712188","1","0"
"430","-1","-1","0","","","","","阿曼尼战熊","","","","","","","","","","","","16712190","","","","","拥有一头阿曼尼战熊。","","","","","","","","","","","","16712190","81","0","111","0","957","","","","","","","","","","","","","","","","","16712174","1","0"
"424","-1","-1","0","","","","","红色是身份的象征","","","","","","","","","","","","16712190","","","","","获得一枚红色其拉共鸣水晶。","","","","","","","","","","","","16712190","81","0","112","0","1812","","","","","","","","","","","","","","","","","16712174","1","0"
"429","-1","-1","0","","","","","萨弗拉斯，炎魔拉格纳罗斯之手","","","","","","","","","","","","16712190","","","","","获得萨弗拉斯，炎魔拉格纳罗斯之手。","","","","","","","","","","","","16712190","81","0","113","0","2444","","","","","","","","","","","","","","","","","16712174","0","0"
"428","-1","-1","0","","","","","雷霆之怒，逐风者的祝福之剑","","","","","","","","","","","","16712190","","","","","获得雷霆之怒，逐风者的祝福之剑。","","","","","","","","","","","","16712190","81","0","114","0","2756","","","","","","","","","","","","","","","","","16712174","0","0"
"425","-1","-1","0","","","","","埃提耶什，守护者的传说之杖","","","","","","","","","","","","16712190","","","","","获得埃提耶什，守护者的传说之杖。","","","","","","","","","","","","16712190","81","0","115","0","2757","","","","","","","","","","","","","","","","","16712174","1","0"
"426","-1","-1","0","","","","","埃辛诺斯战刃","","","","","","","","","","","","16712190","","","","","获得一套埃辛诺斯战刃。","","","","","","","","","","","","16712190","81","0","116","0","2596","","","","","","","","","","","","","","","","","16712174","0","0"
"725","-1","-1","0","","","","","索利达尔，群星之怒","","","","","","","","","","","","16712190","","","","","获得索利达尔，群星之怒。","","","","","","","","","","","","16712190","81","0","117","0","2842","","","","","","","","","","","","","","","","","16712174","0","0"
"3142","-1","-1","0","","","","","瓦兰奈尔，远古王者之锤","","","","","","","","","","","","16712190","","","","","获得瓦兰奈尔，远古王者之锤","","","","","","","","","","","","16712190","81","0","118","0","3818","","","","","","","","","","","","","","","","","4227793388","0","0"
"4623","-1","-1","0","","","","","影之哀伤","","","","","","","","","","","","16712190","","","","","获得影之哀伤。","","","","","","","","","","","","16712190","81","0","119","0","4182","","","","","","","","","","","","","","","","","16712172","0","0"
"418","-1","-1","0","","","","","残酷角斗士","","","","","","","","","","","","16712190","","","","","获得头衔“残酷角斗士”。","","","","","","","","","","","","16712190","81","0","120","0","3593","","","","","","","","","","","","","","","","","16712174","0","0"
"419","-1","-1","0","","","","","复仇角斗士","","","","","","","","","","","","16712190","","","","","获得头衔“复仇角斗士”。","","","","","","","","","","","","16712190","81","0","121","0","3594","","","","","","","","","","","","","","","","","16712174","0","0"
"420","-1","-1","0","","","","","野蛮角斗士","","","","","","","","","","","","16712190","","","","","获得头衔“野蛮角斗士”。","","","","","","","","","","","","16712190","81","0","122","0","3595","","","","","","","","","","","","","","","","","16712174","0","0"
"3336","-1","-1","0","","","","","致命角斗士","","","","","","","","","","","","16712190","","","","","获得头衔“致命角斗士”。","","","","","","","","","","","","16712190","81","0","123","0","3596","","","","","","","","","","","","","","","","","16775150","0","0"
"3436","-1","-1","0","","","","","狂怒角斗士","","","","","","","","","","","","16712190","","","","","获得狂怒角斗士的头衔。","","","","","","","","","","","","16712190","81","0","124","0","3597","","","","","","","","","","","","","","","","","16775150","0","0"
"3758","-1","-1","0","","","","","无情角斗士","","","","","","","","","","","","16712190","","","","","获得头衔“无情角斗士”。","","","","","","","","","","","","16712190","81","0","125","0","3598","","","","","","","","","","","","","","","","","16718844","0","0"
"4599","-1","-1","0","","","","","暴怒角斗士","","","","","","","","","","","","16712190","","","","","获得头衔“暴怒角斗士”。","","","","","","","","","","","","16712190","81","0","126","0","3599","","","","","","","","","","","","","","","","","16712172","0","0"
"416","-1","-1","0","","","","","甲虫之王","","","","","","","","","","","","16712190","","","","","打开安其拉之门。","","","","","","","","","","","","16712190","81","0","127","0","3567","","","","","","","","","","","","","","","","","16712174","0","0"
"1292","-1","-1","0","","","","","黄色美酒节酒杯","","","","","","","","","","","","16712190","","","","","拥有2007年美酒节赠送的黄色美酒节酒杯。","","","","","","","","","","","","16712190","81","0","128","0","3082","","","","","","","","","","","","","","","","","2113864174","1","0"
"1293","-1","-1","0","","","","","蓝色美酒节酒杯","","","","","","","","","","","","16712190","","","","","拥有2008年美酒节赠送的蓝色美酒节酒杯。","","","","","","","","","","","","16712190","81","0","129","0","3083","","","","","","","","","","","","","","","","","2113864174","1","0"
"4782","-1","-1","0","","","","","绿色美酒节酒杯","","","","","","","","","","","","16712190","","","","","拥有2009年美酒节赠送的绿色美酒节酒杯。","","","","","","","","","","","","16712190","81","0","130","0","4223","","","","","","","","","","","","","","","","","16712188","1","0"
"1636","-1","-1","0","","","","","竞争者的战袍","","","","","","","","","","","","16712190","","","","","拥有2008年竞争之魂活动赠送的竞争者的战袍。","","","","","","","","","","","","16712190","81","0","131","0","2970","","","","","","","","","","","","","","","","","2113864172","0","0"
"1637","-1","-1","0","","","","","竞争之魂","","","","","","","","","","","","16712190","","","","","拥有2008年竞争之魂活动赠送的竞争之魂。","","","","","","","","","","","","16712190","81","0","132","0","2970","","","","","","","","","","","","","","","","","2113864172","0","0"
"1705","-1","-1","0","","","","","发条战士","","","","","","","","","","","","16712190","","","","","拥有2007年冬幕节赠送的发条战士。","","","","","","","","","","","","16712190","81","0","133","0","1859","","","","","","","","","","","","","","","","","2097086956","1","0"
"1706","-1","-1","0","","","","","打架赛车","","","","","","","","","","","","16712190","","","","","拥有2008年冬幕节赠送的打架赛车。","","","","","","","","","","","","16712190","81","0","134","0","1859","","","","","","","","","","","","","","","","","2080309740","0","0"
"1436","-1","-1","0","","","","","上面的朋友","","","","","","","","","","","","16712190","","","","","通过战友招募系统获得一匹斑马坐骑。","","","","","","","","","","","","16712190","81","0","135","0","1716","","","","","","","","","","","","","","","","","2080309740","1","0"
"2079","-1","-1","0","","","","","保卫者的战袍","","","","","","","","","","","","16712190","","","","","通过开启黑暗之门的事件获得一件保卫者的战袍。","","","","","","","","","","","","16712190","81","0","136","0","2637","","","","","","","","","","","","","","","","","2080309740","0","0"
"2116","-1","-1","0","","","","","银色黎明战袍","","","","","","","","","","","","16712190","","","","","通过天灾入侵事件获得一件银色黎明战袍。","","","","","","","","","","","","16712190","81","0","137","0","2637","","","","","","","","","","","","","","","","","2130641388","0","0"
"2398","-1","-1","0","","","","","魔兽世界四周年","","","","","","","","","","","","16712190","","","","","在魔兽世界四周年庆典期间登录游戏。","","","","","","","","","","","","16712190","81","0","138","0","2917","","","","","","","","","","","","","","","","","2130641388","0","0"
"4400","-1","-1","0","","","","","魔兽世界五周年","","","","","","","","","","","","16712190","","","","","在魔兽世界五周年庆典期间登录游戏。","","","","","","","","","","","","16712190","81","0","139","0","2917","","","","","","","","","","","","","","","","","16712172","0","0"
"2336","-1","-1","0","","","","","你疯了吧？！","","","","","","","","","","","","16712190","","","","","提升你在下列地区中的声望。","","","","","","","","","","","","16712190","81","0","140","0","2938","","","","","头衔奖励：疯狂的","","","","","","","","","","","","16712190","0","0"
"2456","-1","-1","0","","","","","吸血鬼猎人","","","","","","","","","","","","16712190","","","","","杀死特里斯·黯血王子并获得他的吸血蝙蝠宝宝。","","","","","","","","","","","","16712190","81","0","141","0","1577","","","","","","","","","","","","","","","","","2130641388","1","0"
"2357","-1","-1","0","","","","","克索诺斯的恐惧战马","","","","","","","","","","","","16712190","","","","","完成克索诺斯的恐惧战马任务。","","","","","","","","","","","","16712190","81","0","142","0","1715","","","","","","","","","","","","","","","","","2080309740","0","0"
"2496","-1","-1","0","","","","","第五元素","","","","","","","","","","","","16712190","","","","","获得一份水之精萃。","","","","","","","","","","","","16712190","81","0","143","0","2134","","","","","","","","","","","","","","","","","2113864172","0","0"
"2358","-1","-1","0","","","","","军马","","","","","","","","","","","","16712190","","","","","完成圣骑士的军马任务。","","","","","","","","","","","","16712190","81","0","144","0","1716","","","","","","","","","","","","","","","","","2080309740","1","0"
"2359","-1","-1","0","","","","","迅捷飞行形态","","","","","","","","","","","","16712190","","","","","完成迅捷飞行形态的任务。","","","","","","","","","","","","16712190","81","0","145","0","2274","","","","","","","","","","","","","","","","","2080309740","0","0"
"3618","-1","-1","0","","","","","角斗士莫叽姆斯","","","","","","","","","","","","16712190","","","","","拥有角斗士莫叽姆斯","","","","","","","","","","","","16712190","81","0","146","0","370","","","","","","","","","","","","","","","","","16775150","1","0"
"3636","-1","-1","0","","","","","碧玉虎","","","","","","","","","","","","16712190","","","","","在碧玉虎的赠送期间登录游戏。","","","","","","","","","","","","16712190","81","0","147","0","283","","","","","","","","","","","","","","","","","16775150","0","0"
"3896","-1","-1","0","","","","","墨玉猎豹","","","","","","","","","","","","16712190","","","","","拥有一只墨玉猎豹","","","","","","","","","","","","16712190","81","0","148","0","1809","","","","","","","","","","","","","","","","","16718828","0","0"
"2081","-1","-1","0","","","","","重型黑色猛犸战象","","","","","","","","","","","","16712190","","","","","获得一头重型黑色猛犸战象。","","","","","","","","","","","","16712190","81","0","149","0","3444","","","","","","","","","","","","","","","","","2080309740","1","0"
"3496","-1","-1","0","","","","","酒酣马快","","","","","","","","","","","","16712190","","","","","获得一头史诗品质的美酒节坐骑。","","","","","","","","","","","","16712190","81","0","150","0","354","","","","","","","","","","","","","","","","","16775150","1","0"
"3356","1","-1","0","","","","","冬泉霜刃豹","","","","","","","","","","","","16712190","","","","","获得一只冬泉霜刃豹。","","","","","","","","","","","","16712190","81","0","151","0","1510","","","","","","","","","","","","","","","","","16775150","1","0"
"3357","0","-1","0","","","","","毒皮暴掠龙","","","","","","","","","","","","16712190","","","","","获得一只毒皮暴掠龙。","","","","","","","","","","","","16712190","81","0","152","0","1584","","","","","","","","","","","","","","","","","16775150","2","0"
"4496","-1","-1","0","","","","","指数突破9000点！","","","","","","","","","","","","16712190","","","","","获得的成就点数超过9000点。","","","","","","","","","","","","16712190","81","0","153","0","561","","","","","","","","","","","","","","","","","16712172","0","0"
"684","-1","-1","0","","","","","奥妮克希亚的巢穴（60级）","","","","","","","","","","","","16712190","","","","","击败60级版本的奥妮克希亚。","","","","","","","","","","","","16712190","81","0","154","0","3820","","","","","","","","","","","","","","","","","16712174","1","0"
"2018","-1","-1","0","","","","","防患未然","","","","","","","","","","","","16712190","","","","","完成下列诺森德日常地下城任务。","","","","","","","","","","","","16712190","81","0","155","0","2215","","","","","","","","","","","","","","","","","2130641388","0","0"
"2019","-1","-1","0","","","","","死亡证明","","","","","","","","","","","","16712190","","","","","完成下列诺森德日常地下城任务。","","","","","","","","","","","","16712190","81","0","156","0","3028","","","","","","","","","","","","","","","","","2130641388","0","0"
"4784","1","-1","0","","","","","获得纹章","","","","","","","","","","","","16712190","","","","","获得任意种类的纹章。","","","","","","","","","","","","16712190","81","0","157","0","4234","","","","","","","","","","","","","","","","","16712188","1","0"
"4785","0","-1","0","","","","","获得纹章","","","","","","","","","","","","16712190","","","","","获得任意种类的纹章。","","","","","","","","","","","","16712190","81","0","158","0","4234","","","","","","","","","","","","","","","","","16712188","1","0"
"4786","1","-1","0","","","","","诺莫瑞根行动","","","","","","","","","","","","16712190","","","","","在光复诺莫瑞根地上部分中协助过大工匠梅卡托克和诺莫瑞根流亡者。","","","","","","","","","","","","16712190","81","0","159","0","3799","","","","","","","","","","","","","","","","","16712172","0","0"
"4790","0","-1","0","","","","","扎拉赞恩的灭亡","","","","","","","","","","","","16712190","","","","","你协助沃金彻底击败了扎拉赞恩，为暗矛巨魔光复了回音群岛。","","","","","","","","","","","","16712190","81","0","160","0","2513","","","","","","","","","","","","","","","","","16712188","0","0"
